seed,method,scenario,S,eps_wass,sigma,shift_rho,shift_boost,ground_cost,collision,collision_step,min_clearance,min_clearance_step,total_progress,control_effort,constraint_active_count,missed_mode_steps,total_steps,avg_solve_ms,p50_solve_ms,p95_solve_ms,max_solve_ms,total_dro_injected,avg_safe_horizon,clearance_5pct
1687475184,SHMPC,baseline,30,0.1000,1.0000,0.0000,0.0000,w2_bures,0,-1,0.9862,27,11.0548,254.7953,290,15,80,9.6932,6.9934,33.7052,39.3454,0,7.0000,1.0009
1687476184,SHMPC,baseline,30,0.1000,1.0000,0.0000,0.0000,w2_bures,0,-1,0.8887,25,17.3416,383.1516,255,10,80,5.9857,4.1193,18.8659,26.3039,0,7.0000,0.8932
1687477184,SHMPC,baseline,30,0.1000,1.0000,0.0000,0.0000,w2_bures,0,-1,1.1762,11,20.1109,777.8215,503,20,80,3.9986,2.1753,18.6000,25.0934,0,7.0000,1.2222
1687478184,SHMPC,baseline,30,0.1000,1.0000,0.0000,0.0000,w2_bures,0,-1,0.9347,16,2.4867,85.6719,100,19,80,6.3310,4.3820,15.4754,16.8694,0,7.0000,0.9506
1687479184,SHMPC,baseline,30,0.1000,1.0000,0.0000,0.0000,w2_bures,0,-1,1.0777,9,20.1140,774.4518,556,22,80,3.7365,2.5526,13.0705,14.1321,0,7.0000,1.1130
1687480184,SHMPC,baseline,30,0.1000,1.0000,0.0000,0.0000,w2_bures,1,15,0.1575,23,20.1832,759.5555,400,23,80,5.7428,3.8476,17.8758,19.2101,0,7.0000,0.2285
1687481184,SHMPC,baseline,30,0.1000,1.0000,0.0000,0.0000,w2_bures,1,35,0.7323,41,9.9173,237.4698,315,25,80,8.5743,5.8032,26.5295,37.2599,0,7.0000,0.7405
1687482184,SHMPC,baseline,30,0.1000,1.0000,0.0000,0.0000,w2_bures,0,-1,1.1193,13,20.2539,754.3755,393,28,80,11.0849,7.5181,37.8592,45.2507,0,7.0000,1.1589
1687483184,SHMPC,baseline,30,0.1000,1.0000,0.0000,0.0000,w2_bures,0,-1,1.2688,17,20.1614,787.1653,428,15,80,7.1390,4.2129,27.2285,43.9652,0,7.0000,1.3315
1687484184,SHMPC,baseline,30,0.1000,1.0000,0.0000,0.0000,w2_bures,0,-1,1.1612,15,20.0992,753.8836,591,21,80,5.2009,3.7223,15.0166,19.8540,0,7.0000,1.2230
1687485184,SHMPC,baseline,30,0.1000,1.0000,0.0000,0.0000,w2_bures,0,-1,0.9574,14,20.1068,767.8803,536,27,80,6.1110,3.7216,20.8667,23.2554,0,7.0000,1.0161
1687486184,SHMPC,baseline,30,0.1000,1.0000,0.0000,0.0000,w2_bures,1,15,0.7012,21,2.2613,78.1128,107,23,80,8.1363,5.5780,21.2931,23.2109,0,7.0000,0.7139
1687487184,SHMPC,baseline,30,0.1000,1.0000,0.0000,0.0000,w2_bures,0,-1,0.8722,30,2.7863,140.6033,148,15,80,6.3088,4.0567,15.5061,19.5447,0,7.0000,0.9010
1687488184,SHMPC,baseline,30,0.1000,1.0000,0.0000,0.0000,w2_bures,0,-1,0.9430,13,16.8570,360.6569,347,28,80,5.7429,3.9365,14.6030,21.3182,0,7.0000,0.9469
1687489184,SHMPC,baseline,30,0.1000,1.0000,0.0000,0.0000,w2_bures,1,32,0.8426,32,15.8479,371.5419,319,22,80,5.4032,3.7493,14.0298,14.7277,0,7.0000,0.8679
1687490184,SHMPC,baseline,30,0.1000,1.0000,0.0000,0.0000,w2_bures,0,-1,1.0609,14,20.1712,757.8384,526,14,80,4.9998,3.6095,14.1927,16.5916,0,7.0000,1.0830
1687491184,SHMPC,baseline,30,0.1000,1.0000,0.0000,0.0000,w2_bures,1,30,0.6681,40,13.3629,269.4803,203,43,80,4.6931,3.6421,13.3116,16.2384,0,7.0000,0.6746
1687492184,SHMPC,baseline,30,0.1000,1.0000,0.0000,0.0000,w2_bures,0,-1,1.3259,14,20.1132,810.2574,632,24,80,4.4733,3.0423,13.9350,17.7805,0,7.0000,1.3520
1687493184,SHMPC,baseline,30,0.1000,1.0000,0.0000,0.0000,w2_bures,1,19,0.6153,28,19.5774,510.6551,315,21,80,5.0031,3.5503,15.2907,18.9785,0,7.0000,0.6264
1687494184,SHMPC,baseline,30,0.1000,1.0000,0.0000,0.0000,w2_bures,0,-1,1.0698,15,20.3011,589.9632,473,17,80,6.1855,4.5980,18.6369,24.0464,0,7.0000,1.0714
1687495184,SHMPC,baseline,30,0.1000,1.0000,0.0000,0.0000,w2_bures,1,46,0.6272,61,2.8024,123.2187,134,30,80,7.4371,4.9224,16.1158,18.9877,0,7.0000,0.6501
1687496184,SHMPC,baseline,30,0.1000,1.0000,0.0000,0.0000,w2_bures,0,-1,0.8891,16,2.4212,86.4813,147,21,80,6.1287,4.0105,15.0644,17.9804,0,7.0000,0.9186
1687497184,SHMPC,baseline,30,0.1000,1.0000,0.0000,0.0000,w2_bures,0,-1,1.2297,12,16.7397,357.5212,395,20,80,7.6900,4.4277,29.1079,39.1817,0,7.0000,1.2620
1687498184,SHMPC,baseline,30,0.1000,1.0000,0.0000,0.0000,w2_bures,0,-1,1.3341,14,20.1018,772.5631,610,19,80,3.9386,2.1307,12.9133,19.5149,0,7.0000,1.3719
1687499184,SHMPC,baseline,30,0.1000,1.0000,0.0000,0.0000,w2_bures,0,-1,0.9395,19,17.0944,415.3642,295,15,80,5.1595,3.6527,15.5991,16.0669,0,7.0000,0.9659
1687500184,SHMPC,baseline,30,0.1000,1.0000,0.0000,0.0000,w2_bures,0,-1,1.0833,36,4.6824,165.8402,175,11,80,5.4136,3.6769,14.0830,24.4288,0,7.0000,1.0878
1687501184,SHMPC,baseline,30,0.1000,1.0000,0.0000,0.0000,w2_bures,1,20,0.1736,44,2.9993,148.5563,172,13,80,7.3213,4.5918,16.1217,19.6663,0,7.0000,0.1889
1687502184,SHMPC,baseline,30,0.1000,1.0000,0.0000,0.0000,w2_bures,1,20,0.2768,45,2.7199,130.6106,133,15,80,6.5106,4.6130,17.7502,24.8794,0,7.0000,0.2795
1687503184,SHMPC,baseline,30,0.1000,1.0000,0.0000,0.0000,w2_bures,0,-1,0.8961,25,19.8849,535.3136,361,11,80,5.8105,4.1489,15.5652,27.1960,0,7.0000,0.9344
1687504184,SHMPC,baseline,30,0.1000,1.0000,0.0000,0.0000,w2_bures,0,-1,1.1933,48,16.5087,397.4829,333,18,80,6.0287,3.9952,16.1205,17.0136,0,7.0000,1.2087
3157379664,SHMPC_DRO,baseline,30,0.1000,1.0000,0.0000,0.0000,w2_bures,1,15,0.3284,22,20.5759,710.5432,525,20,80,4.8518,3.9148,12.0531,16.7704,14,7.0000,0.3626
3157380664,SHMPC_DRO,baseline,30,0.1000,1.0000,0.0000,0.0000,w2_bures,0,-1,1.2706,18,13.0204,292.0157,278,16,80,5.4035,3.7271,13.2570,16.1284,11,7.0000,1.2837
3157381664,SHMPC_DRO,baseline,30,0.1000,1.0000,0.0000,0.0000,w2_bures,0,-1,1.3605,20,6.6925,197.2161,140,18,80,5.1399,3.5448,12.8846,17.9027,7,7.0000,1.3755
3157382664,SHMPC_DRO,baseline,30,0.1000,1.0000,0.0000,0.0000,w2_bures,1,21,0.1810,53,2.6317,178.4843,237,28,80,7.7484,5.7110,20.2565,27.5827,27,7.0000,0.1916
3157383664,SHMPC_DRO,baseline,30,0.1000,1.0000,0.0000,0.0000,w2_bures,0,-1,1.1361,16,3.6473,135.9025,154,20,80,5.3742,3.4338,13.3398,21.1557,11,7.0000,1.1555
3157384664,SHMPC_DRO,baseline,30,0.1000,1.0000,0.0000,0.0000,w2_bures,0,-1,1.2961,17,8.0339,216.2766,216,20,80,7.6101,4.9158,18.9021,20.8424,7,7.0000,1.3272
3157385664,SHMPC_DRO,baseline,30,0.1000,1.0000,0.0000,0.0000,w2_bures,1,15,0.3292,25,20.3100,588.6468,448,21,80,8.3772,5.7051,24.0057,28.5531,14,7.0000,0.3764
3157386664,SHMPC_DRO,baseline,30,0.1000,1.0000,0.0000,0.0000,w2_bures,0,-1,0.9776,34,11.0400,253.9487,243,20,80,6.9287,4.6315,16.0212,23.1863,13,7.0000,0.9859
3157387664,SHMPC_DRO,baseline,30,0.1000,1.0000,0.0000,0.0000,w2_bures,0,-1,1.1254,12,20.1094,765.5827,673,19,80,5.0147,3.4981,17.0997,20.6542,6,7.0000,1.1848
3157388664,SHMPC_DRO,baseline,30,0.1000,1.0000,0.0000,0.0000,w2_bures,0,-1,1.0654,26,11.2789,220.0119,220,33,80,7.1836,4.4452,16.5042,18.4756,8,7.0000,1.0931
3157389664,SHMPC_DRO,baseline,30,0.1000,1.0000,0.0000,0.0000,w2_bures,0,-1,1.1185,15,3.1176,110.8863,151,25,80,5.4991,3.6539,14.3789,18.4118,6,7.0000,1.1857
3157390664,SHMPC_DRO,baseline,30,0.1000,1.0000,0.0000,0.0000,w2_bures,1,19,0.7764,24,2.4790,87.5554,135,14,80,6.7191,4.9810,17.3200,22.4330,12,7.0000,0.8033
3157391664,SHMPC_DRO,baseline,30,0.1000,1.0000,0.0000,0.0000,w2_bures,0,-1,1.1843,17,20.1987,769.6997,527,16,80,5.1784,3.5392,13.6785,16.2239,6,7.0000,1.2224
3157392664,SHMPC_DRO,baseline,30,0.1000,1.0000,0.0000,0.0000,w2_bures,0,-1,1.1253,17,19.2054,513.4201,354,9,80,7.5028,5.6815,20.9803,25.8500,8,7.0000,1.1359
3157393664,SHMPC_DRO,baseline,30,0.1000,1.0000,0.0000,0.0000,w2_bures,0,-1,1.3704,15,20.1009,800.2660,722,21,80,8.2942,4.0392,26.0247,35.1284,7,7.0000,1.4046
3157394664,SHMPC_DRO,baseline,30,0.1000,1.0000,0.0000,0.0000,w2_bures,0,-1,1.2222,30,8.9488,190.8451,187,14,80,10.0130,7.0223,32.4478,36.1175,6,7.0000,1.2244
3157395664,SHMPC_DRO,baseline,30,0.1000,1.0000,0.0000,0.0000,w2_bures,0,-1,1.1133,31,2.9899,271.7568,266,12,80,7.8647,5.0514,18.0133,20.4668,12,7.0000,1.1393
3157396664,SHMPC_DRO,baseline,30,0.1000,1.0000,0.0000,0.0000,w2_bures,0,-1,1.3025,13,20.1056,770.1515,503,19,80,3.2046,1.7430,10.7492,13.7698,5,7.0000,1.3717
3157397664,SHMPC_DRO,baseline,30,0.1000,1.0000,0.0000,0.0000,w2_bures,0,-1,1.3405,16,20.1050,788.9884,685,24,80,5.3411,3.8673,17.3772,19.2028,7,7.0000,1.3983
3157398664,SHMPC_DRO,baseline,30,0.1000,1.0000,0.0000,0.0000,w2_bures,0,-1,1.1587,14,20.0804,790.0094,565,16,80,5.4105,3.9645,16.9756,20.3639,10,7.0000,1.1732
3157399664,SHMPC_DRO,baseline,30,0.1000,1.0000,0.0000,0.0000,w2_bures,1,22,0.0187,60,2.7034,150.8967,189,11,80,9.1360,6.3316,22.9713,35.7218,16,7.0000,0.0254
3157400664,SHMPC_DRO,baseline,30,0.1000,1.0000,0.0000,0.0000,w2_bures,1,14,0.5610,19,20.1194,766.8009,455,27,80,6.3776,4.2896,21.3537,26.4385,15,7.0000,0.5982
3157401664,SHMPC_DRO,baseline,30,0.1000,1.0000,0.0000,0.0000,w2_bures,0,-1,1.1700,16,20.1008,793.9352,547,15,80,5.3759,4.0288,16.6754,19.5816,9,7.0000,1.2066
3157402664,SHMPC_DRO,baseline,30,0.1000,1.0000,0.0000,0.0000,w2_bures,0,-1,1.3242,15,20.1054,793.5307,805,14,80,4.8226,3.4489,14.0684,15.8195,6,7.0000,1.3668
3157403664,SHMPC_DRO,baseline,30,0.1000,1.0000,0.0000,0.0000,w2_bures,0,-1,1.3679,16,20.1035,798.2665,719,20,80,4.1477,3.4400,10.6983,14.1673,6,7.0000,1.4391
3157404664,SHMPC_DRO,baseline,30,0.1000,1.0000,0.0000,0.0000,w2_bures,0,-1,1.2307,19,14.4740,323.0630,255,21,80,4.7695,3.3277,13.5854,15.4069,6,7.0000,1.2476
3157405664,SHMPC_DRO,baseline,30,0.1000,1.0000,0.0000,0.0000,w2_bures,0,-1,0.9175,25,3.0999,139.2509,197,12,80,8.1879,5.5840,19.1870,21.2833,10,7.0000,0.9467
3157406664,SHMPC_DRO,baseline,30,0.1000,1.0000,0.0000,0.0000,w2_bures,0,-1,1.1852,15,20.1131,792.2893,625,27,80,5.0622,3.7765,15.2500,20.2922,10,7.0000,1.2024
3157407664,SHMPC_DRO,baseline,30,0.1000,1.0000,0.0000,0.0000,w2_bures,0,-1,1.0786,18,2.1018,76.1945,92,26,80,8.2250,5.5559,25.7709,26.0969,6,7.0000,1.0875
3157408664,SHMPC_DRO,baseline,30,0.1000,1.0000,0.0000,0.0000,w2_bures,0,-1,1.2239,13,20.5294,687.9863,418,21,80,6.2426,5.7148,17.1466,24.5304,5,7.0000,1.2790
2425270209,SHMPC_AdaptiveDRO,baseline,30,0.1000,1.0000,0.0000,0.0000,w2_bures,0,-1,1.0818,61,3.2856,148.3786,89,22,80,7.3724,5.0623,18.4419,20.5831,6,7.0000,1.0951
2425271209,SHMPC_AdaptiveDRO,baseline,30,0.1000,1.0000,0.0000,0.0000,w2_bures,1,22,0.6507,38,3.7357,149.9858,165,17,80,12.3684,8.7153,26.8403,28.4756,12,7.0000,0.6747
2425272209,SHMPC_AdaptiveDRO,baseline,30,0.1000,1.0000,0.0000,0.0000,w2_bures,0,-1,1.0895,12,2.4914,85.6245,104,29,80,8.5513,5.6678,21.7805,22.3667,8,7.0000,1.1682
2425273209,SHMPC_AdaptiveDRO,baseline,30,0.1000,1.0000,0.0000,0.0000,w2_bures,1,37,0.5462,46,9.7496,222.3800,294,27,80,8.9202,5.2957,20.5422,39.9467,7,7.0000,0.5682
2425274209,SHMPC_AdaptiveDRO,baseline,30,0.1000,1.0000,0.0000,0.0000,w2_bures,0,-1,1.0420,15,4.8778,134.1779,175,16,80,6.2932,4.2191,15.4940,15.8907,7,7.0000,1.0476
2425275209,SHMPC_AdaptiveDRO,baseline,30,0.1000,1.0000,0.0000,0.0000,w2_bures,1,20,0.5338,79,2.6264,104.0221,141,8,80,7.6837,5.9265,23.8590,26.4694,13,7.0000,0.5566
2425276209,SHMPC_AdaptiveDRO,baseline,30,0.1000,1.0000,0.0000,0.0000,w2_bures,0,-1,1.2090,13,20.5222,638.8944,431,20,80,5.8611,4.9699,16.6786,19.9075,10,7.0000,1.2554
2425277209,SHMPC_AdaptiveDRO,baseline,30,0.1000,1.0000,0.0000,0.0000,w2_bures,0,-1,1.3114,12,20.1277,763.4410,494,23,80,5.4967,3.6211,16.5146,37.3409,6,7.0000,1.3850
2425278209,SHMPC_AdaptiveDRO,baseline,30,0.1000,1.0000,0.0000,0.0000,w2_bures,0,-1,1.1994,11,20.5859,691.0897,447,16,80,4.4090,3.4530,13.1623,16.8512,7,7.0000,1.2376
2425279209,SHMPC_AdaptiveDRO,baseline,30,0.1000,1.0000,0.0000,0.0000,w2_bures,0,-1,1.0600,19,14.7935,330.9413,429,24,80,6.7794,4.7326,16.7582,20.8728,9,7.0000,1.0968
2425280209,SHMPC_AdaptiveDRO,baseline,30,0.1000,1.0000,0.0000,0.0000,w2_bures,0,-1,0.9875,26,2.4274,86.7369,92,17,80,6.8061,4.4299,17.7723,31.3711,13,7.0000,1.0006
2425281209,SHMPC_AdaptiveDRO,baseline,30,0.1000,1.0000,0.0000,0.0000,w2_bures,0,-1,1.1171,21,20.1707,799.8070,565,18,80,5.5817,3.2406,18.4890,34.5224,16,7.0000,1.1320
2425282209,SHMPC_AdaptiveDRO,baseline,30,0.1000,1.0000,0.0000,0.0000,w2_bures,1,16,0.4170,22,20.3166,775.3358,497,11,80,5.1311,4.1738,13.7948,20.4412,14,7.0000,0.4512
2425283209,SHMPC_AdaptiveDRO,baseline,30,0.1000,1.0000,0.0000,0.0000,w2_bures,0,-1,1.0264,25,4.5999,159.7749,164,29,80,6.0408,3.8382,15.2027,19.7101,15,7.0000,1.0270
2425284209,SHMPC_AdaptiveDRO,baseline,30,0.1000,1.0000,0.0000,0.0000,w2_bures,0,-1,1.3755,17,20.1014,800.2801,811,22,80,3.8765,3.4867,10.8055,13.2709,6,7.0000,1.4276
2425285209,SHMPC_AdaptiveDRO,baseline,30,0.1000,1.0000,0.0000,0.0000,w2_bures,1,19,0.3436,25,20.2749,782.9498,512,13,80,7.2270,5.1895,19.8161,22.6041,12,7.0000,0.3981
2425286209,SHMPC_AdaptiveDRO,baseline,30,0.1000,1.0000,0.0000,0.0000,w2_bures,0,-1,1.0269,19,4.7050,162.0008,190,22,80,7.0551,5.0518,19.7426,22.6653,9,7.0000,1.0605
2425287209,SHMPC_AdaptiveDRO,baseline,30,0.1000,1.0000,0.0000,0.0000,w2_bures,0,-1,1.2367,16,3.3711,139.8753,133,25,80,8.5288,5.9080,22.4743,28.5191,10,7.0000,1.2775
2425288209,SHMPC_AdaptiveDRO,baseline,30,0.1000,1.0000,0.0000,0.0000,w2_bures,0,-1,1.3727,17,15.1556,343.4073,285,29,80,8.8313,5.7432,24.0117,38.1892,5,7.0000,1.3930
2425289209,SHMPC_AdaptiveDRO,baseline,30,0.1000,1.0000,0.0000,0.0000,w2_bures,1,18,0.5972,23,20.1383,795.7053,438,35,80,6.8083,4.9568,21.3942,31.2099,16,7.0000,0.6316
2425290209,SHMPC_AdaptiveDRO,baseline,30,0.1000,1.0000,0.0000,0.0000,w2_bures,1,25,0.6764,36,3.4073,139.8468,143,19,80,13.9465,11.2546,37.9557,44.2406,18,7.0000,0.7215
2425291209,SHMPC_AdaptiveDRO,baseline,30,0.1000,1.0000,0.0000,0.0000,w2_bures,0,-1,1.0062,17,17.8964,408.5813,429,17,80,28.0998,20.4487,87.5040,107.9369,10,7.0000,1.0814
2425292209,SHMPC_AdaptiveDRO,baseline,30,0.1000,1.0000,0.0000,0.0000,w2_bures,0,-1,0.8904,43,12.5709,273.3017,301,19,80,13.9921,7.3190,49.1121,65.9659,8,7.0000,0.9202
2425293209,SHMPC_AdaptiveDRO,baseline,30,0.1000,1.0000,0.0000,0.0000,w2_bures,0,-1,1.1886,12,18.3725,435.2816,318,25,80,4.6055,3.4558,13.6270,18.6567,6,7.0000,1.2191
2425294209,SHMPC_AdaptiveDRO,baseline,30,0.1000,1.0000,0.0000,0.0000,w2_bures,0,-1,1.2908,13,7.4453,171.6229,171,22,80,5.3200,3.4484,14.0596,19.4174,5,7.0000,1.3132
2425295209,SHMPC_AdaptiveDRO,baseline,30,0.1000,1.0000,0.0000,0.0000,w2_bures,1,26,0.7945,31,2.8523,129.2970,150,20,80,7.4628,5.0086,17.0509,18.2557,12,7.0000,0.8149
2425296209,SHMPC_AdaptiveDRO,baseline,30,0.1000,1.0000,0.0000,0.0000,w2_bures,0,-1,1.0709,12,20.1116,773.3670,677,30,80,4.2875,3.0825,12.7608,17.8030,8,7.0000,1.1629
2425297209,SHMPC_AdaptiveDRO,baseline,30,0.1000,1.0000,0.0000,0.0000,w2_bures,0,-1,1.0973,19,19.8911,585.4818,391,16,80,4.3481,3.3822,12.9435,15.4467,8,7.0000,1.1285
2425298209,SHMPC_AdaptiveDRO,baseline,30,0.1000,1.0000,0.0000,0.0000,w2_bures,1,29,0.8322,30,20.4534,611.9267,445,29,80,8.2424,5.6685,26.4374,44.2637,11,7.0000,0.8457
2425299209,SHMPC_AdaptiveDRO,baseline,30,0.1000,1.0000,0.0000,0.0000,w2_bures,0,-1,1.2786,14,20.5431,663.9410,363,25,80,5.8740,4.2260,16.6782,23.6374,5,7.0000,1.3215
2441103055,SHMPC_RTA,baseline,30,0.1000,1.0000,0.0000,0.0000,w2_bures,1,54,0.8471,54,2.6037,82.6481,165,25,80,10.3669,6.3531,26.4939,48.1402,0,7.0000,0.8617
2441104055,SHMPC_RTA,baseline,30,0.1000,1.0000,0.0000,0.0000,w2_bures,1,22,0.3289,51,3.1289,126.7250,217,13,80,10.7615,7.2862,25.0241,28.6022,0,7.0000,0.3438
2441105055,SHMPC_RTA,baseline,30,0.1000,1.0000,0.0000,0.0000,w2_bures,1,18,0.7395,25,2.4028,73.7143,122,22,80,11.8529,7.4147,29.0882,31.8358,0,7.0000,0.7414
2441106055,SHMPC_RTA,baseline,30,0.1000,1.0000,0.0000,0.0000,w2_bures,1,21,0.0355,31,18.7902,458.9964,335,28,80,8.4551,6.6262,20.9198,26.0952,0,7.0000,0.1945
2441107055,SHMPC_RTA,baseline,30,0.1000,1.0000,0.0000,0.0000,w2_bures,0,-1,1.0031,16,7.8183,194.0981,200,14,80,7.7013,5.7002,21.2739,22.1660,0,7.0000,1.0598
2441108055,SHMPC_RTA,baseline,30,0.1000,1.0000,0.0000,0.0000,w2_bures,0,-1,1.1103,26,7.6822,187.4576,235,21,80,7.0715,5.2827,18.0093,23.2753,0,7.0000,1.1247
2441109055,SHMPC_RTA,baseline,30,0.1000,1.0000,0.0000,0.0000,w2_bures,0,-1,1.1803,13,20.1192,749.3588,630,20,80,5.1426,4.6402,15.9044,18.8633,0,7.0000,1.2714
2441110055,SHMPC_RTA,baseline,30,0.1000,1.0000,0.0000,0.0000,w2_bures,0,-1,1.3609,12,18.0012,423.4104,396,22,80,9.8380,6.8354,28.1781,46.2822,0,7.0000,1.4095
2441111055,SHMPC_RTA,baseline,30,0.1000,1.0000,0.0000,0.0000,w2_bures,0,-1,1.1153,16,2.9381,123.6309,135,36,80,14.9029,11.7700,53.4535,62.5417,0,7.0000,1.1401
2441112055,SHMPC_RTA,baseline,30,0.1000,1.0000,0.0000,0.0000,w2_bures,0,-1,1.2652,13,15.2732,306.6493,377,21,80,12.5061,11.1044,31.7783,55.7249,0,7.0000,1.3205
2441113055,SHMPC_RTA,baseline,30,0.1000,1.0000,0.0000,0.0000,w2_bures,0,-1,1.3144,15,19.3427,549.8827,450,24,80,5.9366,4.3777,14.7289,20.9115,0,7.0000,1.3452
2441114055,SHMPC_RTA,baseline,30,0.1000,1.0000,0.0000,0.0000,w2_bures,0,-1,1.0629,24,10.2626,267.1508,315,22,80,4.9163,4.0466,11.5708,14.2741,0,7.0000,1.0761
2441115055,SHMPC_RTA,baseline,30,0.1000,1.0000,0.0000,0.0000,w2_bures,0,-1,0.9551,30,3.1012,83.0401,165,14,80,6.7624,4.6063,14.2205,20.1281,0,7.0000,0.9851
2441116055,SHMPC_RTA,baseline,30,0.1000,1.0000,0.0000,0.0000,w2_bures,0,-1,1.3510,16,20.1147,793.7241,571,24,80,3.3850,2.4790,9.9121,14.5847,0,7.0000,1.4620
2441117055,SHMPC_RTA,baseline,30,0.1000,1.0000,0.0000,0.0000,w2_bures,0,-1,1.0130,28,20.4571,691.8662,391,27,80,4.4674,3.1549,14.4830,16.8671,0,7.0000,1.0252
2441118055,SHMPC_RTA,baseline,30,0.1000,1.0000,0.0000,0.0000,w2_bures,0,-1,1.2328,16,20.1399,764.8054,672,15,80,5.0882,4.0301,16.0831,17.1484,0,7.0000,1.2412
2441119055,SHMPC_RTA,baseline,30,0.1000,1.0000,0.0000,0.0000,w2_bures,0,-1,1.0668,15,17.7959,423.5240,335,20,80,4.9911,3.5928,15.7634,19.1563,0,7.0000,1.1038
2441120055,SHMPC_RTA,baseline,30,0.1000,1.0000,0.0000,0.0000,w2_bures,0,-1,0.9471,42,2.3993,74.0929,84,20,80,6.0184,3.7045,14.7938,19.0093,0,7.0000,0.9693
2441121055,SHMPC_RTA,baseline,30,0.1000,1.0000,0.0000,0.0000,w2_bures,0,-1,1.1777,16,20.1590,746.8626,655,20,80,5.0738,4.4795,13.4146,19.4692,0,7.0000,1.2243
2441122055,SHMPC_RTA,baseline,30,0.1000,1.0000,0.0000,0.0000,w2_bures,0,-1,0.9833,47,2.8681,177.2473,290,20,80,9.7282,6.5286,22.1522,24.4680,0,7.0000,1.0102
2441123055,SHMPC_RTA,baseline,30,0.1000,1.0000,0.0000,0.0000,w2_bures,1,33,0.8240,34,3.7155,110.8274,174,22,80,9.1201,5.8744,22.2936,22.7167,0,7.0000,0.8483
2441124055,SHMPC_RTA,baseline,30,0.1000,1.0000,0.0000,0.0000,w2_bures,1,16,0.7271,34,2.4527,69.6495,111,16,80,10.8479,7.4017,25.1349,26.1821,0,7.0000,0.7440
2441125055,SHMPC_RTA,baseline,30,0.1000,1.0000,0.0000,0.0000,w2_bures,0,-1,0.9574,69,3.0810,122.6014,139,14,80,9.2100,6.8093,25.5314,29.2054,0,7.0000,0.9674
2441126055,SHMPC_RTA,baseline,30,0.1000,1.0000,0.0000,0.0000,w2_bures,1,15,0.0976,22,20.1074,764.0509,516,5,80,9.0947,6.1436,29.5526,32.2344,0,7.0000,0.2369
2441127055,SHMPC_RTA,baseline,30,0.1000,1.0000,0.0000,0.0000,w2_bures,0,-1,1.0585,12,12.4468,256.3487,340,30,80,9.4922,6.2140,24.8313,30.1966,0,7.0000,1.1151
2441128055,SHMPC_RTA,baseline,30,0.1000,1.0000,0.0000,0.0000,w2_bures,0,-1,1.1094,11,20.1085,742.4259,606,19,80,5.4307,4.3334,16.1308,23.7375,0,7.0000,1.1475
2441129055,SHMPC_RTA,baseline,30,0.1000,1.0000,0.0000,0.0000,w2_bures,0,-1,1.2426,12,20.1156,746.0911,524,25,80,5.5624,3.7250,17.9090,23.2978,0,7.0000,1.3022
2441130055,SHMPC_RTA,baseline,30,0.1000,1.0000,0.0000,0.0000,w2_bures,0,-1,1.3545,15,20.1123,772.2632,584,28,80,5.2508,3.7294,15.0673,25.6608,0,7.0000,1.4039
2441131055,SHMPC_RTA,baseline,30,0.1000,1.0000,0.0000,0.0000,w2_bures,0,-1,1.2737,11,20.1097,743.1038,613,11,80,5.9206,4.3832,22.9476,27.0447,0,7.0000,1.3391
2441132055,SHMPC_RTA,baseline,30,0.1000,1.0000,0.0000,0.0000,w2_bures,1,25,0.8218,64,2.2384,69.3707,131,25,80,9.4044,6.0657,25.5742,29.7260,0,7.0000,0.8249
937961351,SHMPC_Conformal,baseline,30,0.1000,1.0000,0.0000,0.0000,w2_bures,0,-1,1.2828,12,20.1017,779.0299,577,19,80,4.7402,2.8989,17.3411,23.2796,0,7.0000,1.3195
937962351,SHMPC_Conformal,baseline,30,0.1000,1.0000,0.0000,0.0000,w2_bures,0,-1,1.1062,15,17.3393,382.1570,382,21,80,8.1305,6.1212,24.1638,27.7087,0,7.0000,1.1227
937963351,SHMPC_Conformal,baseline,30,0.1000,1.0000,0.0000,0.0000,w2_bures,0,-1,1.1911,18,20.4984,702.3426,545,18,80,6.2573,5.0946,18.9291,19.7216,0,7.0000,1.1956
937964351,SHMPC_Conformal,baseline,30,0.1000,1.0000,0.0000,0.0000,w2_bures,1,25,0.1782,43,2.1336,110.9919,110,25,80,11.0537,6.6471,26.8824,28.8791,0,7.0000,0.1943
937965351,SHMPC_Conformal,baseline,30,0.1000,1.0000,0.0000,0.0000,w2_bures,0,-1,1.3272,10,20.0933,774.1309,587,29,80,5.4239,4.1997,15.4136,18.1116,0,7.0000,1.4106
937966351,SHMPC_Conformal,baseline,30,0.1000,1.0000,0.0000,0.0000,w2_bures,1,36,0.6005,79,3.0890,139.5062,132,13,80,10.1644,6.9142,27.4559,28.9205,0,7.0000,0.6266
937967351,SHMPC_Conformal,baseline,30,0.1000,1.0000,0.0000,0.0000,w2_bures,0,-1,1.0794,18,14.8860,319.7131,369,30,80,9.0230,5.9143,24.9396,32.0612,0,7.0000,1.1037
937968351,SHMPC_Conformal,baseline,30,0.1000,1.0000,0.0000,0.0000,w2_bures,0,-1,1.2840,17,20.0892,790.4610,457,26,80,8.2765,5.5181,24.3643,29.6291,0,7.0000,1.3434
937969351,SHMPC_Conformal,baseline,30,0.1000,1.0000,0.0000,0.0000,w2_bures,0,-1,1.0800,23,17.6842,449.4381,331,17,80,8.1434,6.2792,22.6347,24.5792,0,7.0000,1.1085
937970351,SHMPC_Conformal,baseline,30,0.1000,1.0000,0.0000,0.0000,w2_bures,0,-1,1.1812,15,20.1058,788.5985,502,11,80,6.1785,5.7923,20.9675,24.8696,0,7.0000,1.2344
937971351,SHMPC_Conformal,baseline,30,0.1000,1.0000,0.0000,0.0000,w2_bures,0,-1,1.3173,16,20.1160,787.0258,555,21,80,4.3457,3.5774,11.9621,16.0248,0,7.0000,1.3892
937972351,SHMPC_Conformal,baseline,30,0.1000,1.0000,0.0000,0.0000,w2_bures,1,21,0.5124,36,12.7707,272.4467,259,18,80,8.1040,5.2064,16.7835,20.7479,0,7.0000,0.5217
937973351,SHMPC_Conformal,baseline,30,0.1000,1.0000,0.0000,0.0000,w2_bures,0,-1,1.2089,18,20.1103,793.6830,531,21,80,4.8862,3.5667,14.7074,16.5850,0,7.0000,1.2809
937974351,SHMPC_Conformal,baseline,30,0.1000,1.0000,0.0000,0.0000,w2_bures,0,-1,1.1655,14,20.1127,774.9384,657,14,80,4.1816,3.4128,12.2667,16.0988,0,7.0000,1.1987
937975351,SHMPC_Conformal,baseline,30,0.1000,1.0000,0.0000,0.0000,w2_bures,0,-1,1.0715,23,3.3309,104.5876,132,20,80,5.7482,3.8203,14.2539,15.9184,0,7.0000,1.0923
937976351,SHMPC_Conformal,baseline,30,0.1000,1.0000,0.0000,0.0000,w2_bures,0,-1,1.1184,35,18.2667,476.3520,314,34,80,5.3075,3.2866,12.2358,17.6831,0,7.0000,1.1327
937977351,SHMPC_Conformal,baseline,30,0.1000,1.0000,0.0000,0.0000,w2_bures,0,-1,1.0537,13,12.8493,235.8786,173,19,80,5.7173,4.2532,15.0722,17.1263,0,7.0000,1.0648
937978351,SHMPC_Conformal,baseline,30,0.1000,1.0000,0.0000,0.0000,w2_bures,1,20,0.6404,30,6.6644,195.6878,165,35,80,6.3302,4.4613,16.8877,19.3127,0,7.0000,0.6494
937979351,SHMPC_Conformal,baseline,30,0.1000,1.0000,0.0000,0.0000,w2_bures,0,-1,1.3546,17,20.1162,780.7757,536,17,80,3.3749,2.4294,8.9677,11.9591,0,7.0000,1.3915
937980351,SHMPC_Conformal,baseline,30,0.1000,1.0000,0.0000,0.0000,w2_bures,1,16,0.6051,23,14.6724,280.9005,301,23,80,6.2629,3.9022,16.1251,18.6306,0,7.0000,0.6396
937981351,SHMPC_Conformal,baseline,30,0.1000,1.0000,0.0000,0.0000,w2_bures,0,-1,1.2142,14,20.1086,772.3113,457,21,80,3.3516,2.7568,8.9638,13.0611,0,7.0000,1.2562
937982351,SHMPC_Conformal,baseline,30,0.1000,1.0000,0.0000,0.0000,w2_bures,0,-1,0.9874,45,8.8805,190.7034,188,24,80,7.2436,4.1411,18.8439,22.4042,0,7.0000,0.9897
937983351,SHMPC_Conformal,baseline,30,0.1000,1.0000,0.0000,0.0000,w2_bures,0,-1,1.0364,21,15.8866,372.1421,332,10,80,5.5890,4.1297,16.2930,18.3904,0,7.0000,1.0969
937984351,SHMPC_Conformal,baseline,30,0.1000,1.0000,0.0000,0.0000,w2_bures,1,21,0.4369,32,19.0533,528.1124,302,42,80,9.9708,7.3315,38.2578,48.8491,0,7.0000,0.4608
937985351,SHMPC_Conformal,baseline,30,0.1000,1.0000,0.0000,0.0000,w2_bures,0,-1,1.2784,18,3.2620,133.0649,105,29,80,12.6139,8.8427,33.2418,33.7501,0,7.0000,1.3285
937986351,SHMPC_Conformal,baseline,30,0.1000,1.0000,0.0000,0.0000,w2_bures,0,-1,1.2201,12,20.1104,776.2693,535,26,80,7.7867,5.4162,23.7061,29.5692,0,7.0000,1.3001
937987351,SHMPC_Conformal,baseline,30,0.1000,1.0000,0.0000,0.0000,w2_bures,0,-1,1.1558,15,16.5676,401.1150,241,24,80,7.1854,4.6546,24.5310,27.1636,0,7.0000,1.1843
937988351,SHMPC_Conformal,baseline,30,0.1000,1.0000,0.0000,0.0000,w2_bures,0,-1,1.1483,16,20.1303,620.1996,495,19,80,13.5819,10.1380,39.1233,54.0072,0,7.0000,1.1526
937989351,SHMPC_Conformal,baseline,30,0.1000,1.0000,0.0000,0.0000,w2_bures,0,-1,1.1544,16,20.0929,771.2479,560,23,80,4.5899,3.7257,12.9019,15.7906,0,7.0000,1.2329
937990351,SHMPC_Conformal,baseline,30,0.1000,1.0000,0.0000,0.0000,w2_bures,0,-1,1.3049,14,20.4455,706.6618,418,17,80,3.9833,3.1894,11.6052,11.9096,0,7.0000,1.3541
462737826,SHMPC_Hazard,baseline,30,0.1000,1.0000,0.0000,0.0000,w2_bures,0,-1,0.9504,32,12.1038,230.3220,223,17,80,5.8182,3.9440,14.5661,15.1700,0,7.0000,0.9561
462738826,SHMPC_Hazard,baseline,30,0.1000,1.0000,0.0000,0.0000,w2_bures,1,16,0.0708,23,20.1058,767.0621,494,20,80,5.5892,3.8643,17.4536,24.9627,0,7.0000,0.2790
462739826,SHMPC_Hazard,baseline,30,0.1000,1.0000,0.0000,0.0000,w2_bures,0,-1,0.9549,16,20.4871,649.4504,436,16,80,6.3175,3.9468,19.6938,39.2840,0,7.0000,0.9571
462740826,SHMPC_Hazard,baseline,30,0.1000,1.0000,0.0000,0.0000,w2_bures,0,-1,1.3674,16,20.1533,614.0125,564,26,80,4.6994,3.7117,12.7027,16.8575,0,7.0000,1.4222
462741826,SHMPC_Hazard,baseline,30,0.1000,1.0000,0.0000,0.0000,w2_bures,1,71,0.8127,74,3.4426,149.7374,158,26,80,5.1192,3.7446,13.6950,19.9911,0,7.0000,0.8301
462742826,SHMPC_Hazard,baseline,30,0.1000,1.0000,0.0000,0.0000,w2_bures,0,-1,1.1399,22,7.8106,218.9715,196,32,80,4.5504,3.2400,11.9034,13.4297,0,7.0000,1.1756
462743826,SHMPC_Hazard,baseline,30,0.1000,1.0000,0.0000,0.0000,w2_bures,0,-1,1.0017,17,20.4461,612.7839,438,20,80,4.4895,3.0281,12.0259,17.4186,0,7.0000,1.0680
462744826,SHMPC_Hazard,baseline,30,0.1000,1.0000,0.0000,0.0000,w2_bures,1,47,0.8462,48,3.2300,132.4222,152,24,80,5.1884,3.3418,13.8871,14.2934,0,7.0000,0.8489
462745826,SHMPC_Hazard,baseline,30,0.1000,1.0000,0.0000,0.0000,w2_bures,0,-1,1.1073,20,20.1546,780.8354,470,31,80,3.7791,3.1800,10.3757,13.6934,0,7.0000,1.1291
462746826,SHMPC_Hazard,baseline,30,0.1000,1.0000,0.0000,0.0000,w2_bures,1,41,0.8216,43,2.7025,93.6311,138,37,80,9.4758,5.8109,33.9587,37.5234,0,7.0000,0.8411
462747826,SHMPC_Hazard,baseline,30,0.1000,1.0000,0.0000,0.0000,w2_bures,0,-1,1.0438,14,20.1391,763.8663,517,29,80,5.1363,3.3025,17.2802,21.2672,0,7.0000,1.1214
462748826,SHMPC_Hazard,baseline,30,0.1000,1.0000,0.0000,0.0000,w2_bures,0,-1,0.8642,40,2.4326,86.2936,108,15,80,7.3150,4.8076,19.6498,21.2434,0,7.0000,0.8862
462749826,SHMPC_Hazard,baseline,30,0.1000,1.0000,0.0000,0.0000,w2_bures,1,23,0.5852,31,16.6956,358.8370,319,32,80,8.2782,5.2300,20.2708,23.6556,0,7.0000,0.5959
462750826,SHMPC_Hazard,baseline,30,0.1000,1.0000,0.0000,0.0000,w2_bures,1,36,0.7775,39,19.0441,637.1879,390,24,80,6.8532,4.7017,20.1843,20.7909,0,7.0000,0.8119
462751826,SHMPC_Hazard,baseline,30,0.1000,1.0000,0.0000,0.0000,w2_bures,0,-1,0.9121,24,3.3289,139.0802,218,20,80,7.6311,4.9108,18.8151,19.9281,0,7.0000,0.9462
462752826,SHMPC_Hazard,baseline,30,0.1000,1.0000,0.0000,0.0000,w2_bures,0,-1,1.4443,17,20.1061,806.6250,691,26,80,4.9111,3.1515,14.0613,28.7803,0,7.0000,1.4745
462753826,SHMPC_Hazard,baseline,30,0.1000,1.0000,0.0000,0.0000,w2_bures,0,-1,1.2149,42,14.6636,280.8842,244,42,80,6.9338,3.9753,15.5410,16.6333,0,7.0000,1.2189
462754826,SHMPC_Hazard,baseline,30,0.1000,1.0000,0.0000,0.0000,w2_bures,0,-1,1.1998,18,20.0806,777.0129,540,26,80,4.7653,3.6064,13.5442,17.6992,0,7.0000,1.2169
462755826,SHMPC_Hazard,baseline,30,0.1000,1.0000,0.0000,0.0000,w2_bures,0,-1,1.0142,33,2.9796,129.2546,130,29,80,7.1504,4.8368,20.3448,21.0525,0,7.0000,1.0162
462756826,SHMPC_Hazard,baseline,30,0.1000,1.0000,0.0000,0.0000,w2_bures,1,48,0.8324,49,2.4291,86.1419,110,12,80,7.1132,4.0189,17.8883,20.8171,0,7.0000,0.8515
462757826,SHMPC_Hazard,baseline,30,0.1000,1.0000,0.0000,0.0000,w2_bures,0,-1,1.0567,16,12.1118,228.8123,215,22,80,5.8501,3.8014,14.2081,19.1406,0,7.0000,1.0675
462758826,SHMPC_Hazard,baseline,30,0.1000,1.0000,0.0000,0.0000,w2_bures,0,-1,0.9761,15,20.1100,774.4611,614,30,80,4.7457,3.7538,14.0821,15.8500,0,7.0000,1.0335
462759826,SHMPC_Hazard,baseline,30,0.1000,1.0000,0.0000,0.0000,w2_bures,0,-1,1.0442,20,18.4607,435.1846,429,21,80,6.5288,4.4704,19.0153,21.2275,0,7.0000,1.0582
462760826,SHMPC_Hazard,baseline,30,0.1000,1.0000,0.0000,0.0000,w2_bures,1,28,0.8093,31,16.5414,397.1001,263,30,80,6.4184,4.2886,16.5061,20.1191,0,7.0000,0.8202
462761826,SHMPC_Hazard,baseline,30,0.1000,1.0000,0.0000,0.0000,w2_bures,0,-1,1.0545,32,8.1630,181.7351,225,32,80,5.4693,3.7313,13.9741,16.7735,0,7.0000,1.0812
462762826,SHMPC_Hazard,baseline,30,0.1000,1.0000,0.0000,0.0000,w2_bures,0,-1,0.9775,16,6.7271,162.8728,136,30,80,5.6736,3.8143,14.2594,24.0834,0,7.0000,0.9890
462763826,SHMPC_Hazard,baseline,30,0.1000,1.0000,0.0000,0.0000,w2_bures,1,23,0.7622,27,2.0386,76.7262,84,16,80,6.9207,4.3080,20.3119,24.0807,0,7.0000,0.7808
462764826,SHMPC_Hazard,baseline,30,0.1000,1.0000,0.0000,0.0000,w2_bures,0,-1,0.8820,25,20.4494,702.2561,439,29,80,5.7023,3.9644,21.7583,22.7875,0,7.0000,0.9313
462765826,SHMPC_Hazard,baseline,30,0.1000,1.0000,0.0000,0.0000,w2_bures,0,-1,1.3443,11,20.0892,777.9967,646,45,80,3.2019,1.9584,10.2878,11.4415,0,7.0000,1.4034
462766826,SHMPC_Hazard,baseline,30,0.1000,1.0000,0.0000,0.0000,w2_bures,1,19,0.7211,32,3.0821,131.8613,163,14,80,9.7060,5.8190,21.5574,25.0075,0,7.0000,0.7234
755919688,SHMPC_Bandit,baseline,30,0.1000,1.0000,0.0000,0.0000,w2_bures,1,34,0.7026,42,2.8285,94.6341,115,26,80,7.8774,4.8691,19.3609,20.4462,0,7.0000,0.7097
755920688,SHMPC_Bandit,baseline,30,0.1000,1.0000,0.0000,0.0000,w2_bures,0,-1,1.1899,19,3.4660,133.1737,145,27,80,7.4526,4.9429,17.7858,20.8971,0,7.0000,1.2038
755921688,SHMPC_Bandit,baseline,30,0.1000,1.0000,0.0000,0.0000,w2_bures,0,-1,0.9960,21,20.1364,625.8303,464,50,80,7.9102,5.7436,25.6460,26.1414,0,7.0000,1.1181
755922688,SHMPC_Bandit,baseline,30,0.1000,1.0000,0.0000,0.0000,w2_bures,0,-1,1.1008,17,20.4541,726.1901,471,30,80,6.3325,4.5970,17.1156,22.4283,0,7.0000,1.1533
755923688,SHMPC_Bandit,baseline,30,0.1000,1.0000,0.0000,0.0000,w2_bures,0,-1,1.1466,18,20.4595,704.9964,443,34,80,5.0308,3.1930,11.9285,15.2536,0,7.0000,1.1775
755924688,SHMPC_Bandit,baseline,30,0.1000,1.0000,0.0000,0.0000,w2_bures,0,-1,0.8864,20,2.4865,86.2580,86,42,80,6.9067,4.4733,17.8302,34.1207,0,7.0000,0.9103
755925688,SHMPC_Bandit,baseline,30,0.1000,1.0000,0.0000,0.0000,w2_bures,0,-1,0.8761,30,14.5979,282.4260,359,20,80,6.6536,4.0490,15.1602,20.0511,0,7.0000,0.8972
755926688,SHMPC_Bandit,baseline,30,0.1000,1.0000,0.0000,0.0000,w2_bures,0,-1,1.1765,16,3.2619,139.5608,192,13,80,7.0764,4.4271,14.0815,15.3713,0,7.0000,1.2163
755927688,SHMPC_Bandit,baseline,30,0.1000,1.0000,0.0000,0.0000,w2_bures,0,-1,1.1104,19,19.9616,600.1590,401,22,80,4.6244,3.3029,13.6983,17.7789,0,7.0000,1.1199
755928688,SHMPC_Bandit,baseline,30,0.1000,1.0000,0.0000,0.0000,w2_bures,0,-1,1.1377,26,2.5549,110.9665,130,20,80,6.5108,4.2677,15.8315,21.5128,0,7.0000,1.1626
755929688,SHMPC_Bandit,baseline,30,0.1000,1.0000,0.0000,0.0000,w2_bures,1,40,0.6711,47,15.8406,370.5657,310,44,80,4.7688,3.3106,13.3850,15.6270,0,7.0000,0.6867
755930688,SHMPC_Bandit,baseline,30,0.1000,1.0000,0.0000,0.0000,w2_bures,0,-1,1.2660,15,20.1088,790.9218,680,35,80,3.8642,3.1816,9.6675,11.6838,0,7.0000,1.3263
755931688,SHMPC_Bandit,baseline,30,0.1000,1.0000,0.0000,0.0000,w2_bures,0,-1,1.1028,18,2.4753,85.7628,77,35,80,6.2726,3.7436,15.4620,16.4231,0,7.0000,1.1099
755932688,SHMPC_Bandit,baseline,30,0.1000,1.0000,0.0000,0.0000,w2_bures,0,-1,1.1971,20,16.5400,397.3343,344,50,80,4.4994,2.8296,15.7071,23.5393,0,7.0000,1.2073
755933688,SHMPC_Bandit,baseline,30,0.1000,1.0000,0.0000,0.0000,w2_bures,0,-1,1.2847,14,20.1001,752.4860,543,42,80,3.4807,2.9020,9.4039,12.5972,0,7.0000,1.3056
755934688,SHMPC_Bandit,baseline,30,0.1000,1.0000,0.0000,0.0000,w2_bures,0,-1,0.9509,20,3.3486,138.9532,163,28,80,5.2162,3.3605,13.6547,21.6724,0,7.0000,0.9573
755935688,SHMPC_Bandit,baseline,30,0.1000,1.0000,0.0000,0.0000,w2_bures,1,34,0.2983,69,2.9339,140.9409,170,20,80,6.9261,4.2344,17.1306,17.5594,0,7.0000,0.3101
755936688,SHMPC_Bandit,baseline,30,0.1000,1.0000,0.0000,0.0000,w2_bures,0,-1,1.0343,41,9.1463,191.8259,160,44,80,5.9073,4.1070,15.7091,19.8190,0,7.0000,1.0454
755937688,SHMPC_Bandit,baseline,30,0.1000,1.0000,0.0000,0.0000,w2_bures,0,-1,1.0185,14,6.1292,153.2933,161,27,80,7.4273,4.6636,19.4515,23.7557,0,7.0000,1.0348
755938688,SHMPC_Bandit,baseline,30,0.1000,1.0000,0.0000,0.0000,w2_bures,0,-1,1.2352,16,17.3162,412.9523,375,39,80,5.7457,3.6107,15.1804,17.9374,0,7.0000,1.2439
755939688,SHMPC_Bandit,baseline,30,0.1000,1.0000,0.0000,0.0000,w2_bures,0,-1,1.2695,15,20.0929,786.2432,553,38,80,4.2565,3.5034,10.8880,18.7454,0,7.0000,1.3173
755940688,SHMPC_Bandit,baseline,30,0.1000,1.0000,0.0000,0.0000,w2_bures,0,-1,1.3326,14,20.1065,767.6781,543,57,80,3.6395,2.4535,10.2124,13.2741,0,7.0000,1.3831
755941688,SHMPC_Bandit,baseline,30,0.1000,1.0000,0.0000,0.0000,w2_bures,0,-1,1.2022,12,17.2997,384.8229,351,36,80,7.3491,4.9515,18.2455,23.2900,0,7.0000,1.2550
755942688,SHMPC_Bandit,baseline,30,0.1000,1.0000,0.0000,0.0000,w2_bures,0,-1,1.0016,21,3.1550,164.2965,204,28,80,9.0746,5.7640,21.6915,24.4476,0,7.0000,1.0165
755943688,SHMPC_Bandit,baseline,30,0.1000,1.0000,0.0000,0.0000,w2_bures,0,-1,1.2178,14,8.1911,180.7473,169,35,80,4.8601,3.6472,13.0232,15.3294,0,7.0000,1.2955
755944688,SHMPC_Bandit,baseline,30,0.1000,1.0000,0.0000,0.0000,w2_bures,0,-1,1.4306,13,20.0911,786.2202,683,36,80,3.3056,1.9940,10.7373,17.9732,0,7.0000,1.4884
755945688,SHMPC_Bandit,baseline,30,0.1000,1.0000,0.0000,0.0000,w2_bures,0,-1,1.2153,33,11.7089,265.8327,253,42,80,6.4053,4.3562,17.3221,20.1451,0,7.0000,1.2311
755946688,SHMPC_Bandit,baseline,30,0.1000,1.0000,0.0000,0.0000,w2_bures,1,24,0.5449,79,2.4102,85.8931,137,22,80,7.8549,4.9443,21.2977,23.3889,0,7.0000,0.5662
755947688,SHMPC_Bandit,baseline,30,0.1000,1.0000,0.0000,0.0000,w2_bures,0,-1,1.4813,17,20.0922,802.3397,685,43,80,4.7799,2.7945,13.4224,28.2968,0,7.0000,1.5234
755948688,SHMPC_Bandit,baseline,30,0.1000,1.0000,0.0000,0.0000,w2_bures,0,-1,0.9657,23,3.2629,139.6967,171,44,80,8.1947,5.0225,20.1582,27.6387,0,7.0000,0.9806
2007890247,SHMPC_Certificate,baseline,30,0.1000,1.0000,0.0000,0.0000,w2_bures,1,18,0.8322,20,12.1112,229.1429,245,17,80,7.5389,5.2948,19.6898,25.5704,0,7.0000,0.8529
2007891247,SHMPC_Certificate,baseline,30,0.1000,1.0000,0.0000,0.0000,w2_bures,0,-1,1.1908,16,20.1062,833.6983,719,16,80,4.4001,2.5387,13.9014,22.5223,0,7.0000,1.2490
2007892247,SHMPC_Certificate,baseline,30,0.1000,1.0000,0.0000,0.0000,w2_bures,0,-1,1.0788,16,20.1057,800.8470,622,16,80,5.6169,3.7163,18.0450,30.4945,0,7.0000,1.1315
2007893247,SHMPC_Certificate,baseline,30,0.1000,1.0000,0.0000,0.0000,w2_bures,1,16,0.3159,30,20.5492,717.7022,373,39,80,5.3052,4.0469,17.0425,18.9118,0,7.0000,0.3568
2007894247,SHMPC_Certificate,baseline,30,0.1000,1.0000,0.0000,0.0000,w2_bures,1,17,0.2174,30,18.8164,460.7480,361,23,80,8.6417,5.1651,23.3540,25.6545,0,7.0000,0.2488
2007895247,SHMPC_Certificate,baseline,30,0.1000,1.0000,0.0000,0.0000,w2_bures,1,21,0.7904,31,2.8044,131.9970,183,25,80,8.3786,5.1029,20.3333,23.9859,0,7.0000,0.8114
2007896247,SHMPC_Certificate,baseline,30,0.1000,1.0000,0.0000,0.0000,w2_bures,0,-1,1.0268,25,18.8291,457.6545,323,25,80,4.8924,3.9292,13.6846,14.6509,0,7.0000,1.0513
2007897247,SHMPC_Certificate,baseline,30,0.1000,1.0000,0.0000,0.0000,w2_bures,0,-1,1.0906,13,20.1137,755.4772,580,15,80,5.5635,4.4018,22.9028,23.9451,0,7.0000,1.1609
2007898247,SHMPC_Certificate,baseline,30,0.1000,1.0000,0.0000,0.0000,w2_bures,0,-1,0.9941,20,2.4783,85.7988,108,16,80,7.4065,4.6876,19.0514,37.3083,0,7.0000,1.0186
2007899247,SHMPC_Certificate,baseline,30,0.1000,1.0000,0.0000,0.0000,w2_bures,0,-1,1.1214,12,2.5121,85.3559,83,29,80,8.3959,4.7259,20.4387,21.2442,0,7.0000,1.1893
2007900247,SHMPC_Certificate,baseline,30,0.1000,1.0000,0.0000,0.0000,w2_bures,1,18,0.6985,23,20.4154,612.6043,332,14,80,6.7017,4.4554,19.3007,24.0568,0,7.0000,0.7133
2007901247,SHMPC_Certificate,baseline,30,0.1000,1.0000,0.0000,0.0000,w2_bures,1,37,0.7808,47,3.0150,123.5193,170,8,80,8.6554,5.7097,20.4974,35.5646,0,7.0000,0.7994
2007902247,SHMPC_Certificate,baseline,30,0.1000,1.0000,0.0000,0.0000,w2_bures,0,-1,1.0389,23,17.8896,408.1738,340,15,80,6.4327,4.8770,17.7475,26.5198,0,7.0000,1.0574
2007903247,SHMPC_Certificate,baseline,30,0.1000,1.0000,0.0000,0.0000,w2_bures,1,15,0.7979,18,2.8686,95.2411,128,26,80,7.4262,4.5205,17.6388,19.2162,0,7.0000,0.8252
2007904247,SHMPC_Certificate,baseline,30,0.1000,1.0000,0.0000,0.0000,w2_bures,0,-1,0.9890,15,2.5240,85.5327,110,18,80,5.5750,3.7414,14.9922,17.3317,0,7.0000,0.9930
2007905247,SHMPC_Certificate,baseline,30,0.1000,1.0000,0.0000,0.0000,w2_bures,1,21,0.8156,22,13.6196,296.0663,259,29,80,7.1186,5.1754,18.8863,24.5315,0,7.0000,0.8232
2007906247,SHMPC_Certificate,baseline,30,0.1000,1.0000,0.0000,0.0000,w2_bures,1,17,0.3827,57,2.4806,86.2873,82,25,80,9.1944,5.1918,28.1238,30.2899,0,7.0000,0.4056
2007907247,SHMPC_Certificate,baseline,30,0.1000,1.0000,0.0000,0.0000,w2_bures,0,-1,1.1232,19,12.3028,280.1477,294,19,80,5.7952,4.1060,16.9291,20.7739,0,7.0000,1.1585
2007908247,SHMPC_Certificate,baseline,30,0.1000,1.0000,0.0000,0.0000,w2_bures,1,20,0.8347,20,18.9362,520.2943,364,27,80,6.0525,4.4054,17.0808,21.2606,0,7.0000,0.8959
2007909247,SHMPC_Certificate,baseline,30,0.1000,1.0000,0.0000,0.0000,w2_bures,1,21,0.7921,29,7.2909,207.3541,189,17,80,6.6641,4.5510,16.2981,19.3392,0,7.0000,0.7933
2007910247,SHMPC_Certificate,baseline,30,0.1000,1.0000,0.0000,0.0000,w2_bures,0,-1,1.1559,12,20.1036,757.1505,537,12,80,3.8182,2.8121,13.2714,18.2305,0,7.0000,1.2419
2007911247,SHMPC_Certificate,baseline,30,0.1000,1.0000,0.0000,0.0000,w2_bures,0,-1,1.0131,41,3.4480,103.7636,119,23,80,8.9253,5.4138,21.7677,41.3063,0,7.0000,1.0148
2007912247,SHMPC_Certificate,baseline,30,0.1000,1.0000,0.0000,0.0000,w2_bures,0,-1,1.0508,23,7.3268,206.8373,275,22,80,9.4764,5.9003,22.0708,49.1656,0,7.0000,1.0805
2007913247,SHMPC_Certificate,baseline,30,0.1000,1.0000,0.0000,0.0000,w2_bures,0,-1,1.1323,19,17.7488,449.5973,296,28,80,6.3935,5.2021,19.0812,20.2188,0,7.0000,1.1359
2007914247,SHMPC_Certificate,baseline,30,0.1000,1.0000,0.0000,0.0000,w2_bures,0,-1,0.9681,18,20.5573,663.4297,485,20,80,6.4499,4.8957,19.0286,24.3711,0,7.0000,0.9799
2007915247,SHMPC_Certificate,baseline,30,0.1000,1.0000,0.0000,0.0000,w2_bures,0,-1,0.8872,21,17.1642,424.9451,331,13,80,6.1312,4.7933,16.9617,20.2418,0,7.0000,0.9095
2007916247,SHMPC_Certificate,baseline,30,0.1000,1.0000,0.0000,0.0000,w2_bures,0,-1,1.0569,14,9.7149,200.3069,172,24,80,6.4033,4.4617,17.7005,20.1057,0,7.0000,1.1141
2007917247,SHMPC_Certificate,baseline,30,0.1000,1.0000,0.0000,0.0000,w2_bures,0,-1,1.1274,24,3.3628,141.6241,201,16,80,6.7147,4.1812,16.2685,18.6558,0,7.0000,1.1471
2007918247,SHMPC_Certificate,baseline,30,0.1000,1.0000,0.0000,0.0000,w2_bures,1,19,0.2024,31,12.0953,283.2082,404,9,80,9.0468,6.4540,22.9858,28.0951,0,7.0000,0.2295
2007919247,SHMPC_Certificate,baseline,30,0.1000,1.0000,0.0000,0.0000,w2_bures,0,-1,0.9963,32,20.4270,612.6084,423,20,80,5.5958,4.6057,16.8805,18.0731,0,7.0000,1.0257
465419941,SHMPC_Compiler,baseline,30,0.1000,1.0000,0.0000,0.0000,w2_bures,0,-1,0.9877,21,2.8398,95.9488,113,1,80,9.7384,13.3830,18.4757,25.9287,0,7.0000,0.9991
465420941,SHMPC_Compiler,baseline,30,0.1000,1.0000,0.0000,0.0000,w2_bures,0,-1,1.1110,14,5.4691,144.0398,208,4,80,9.4150,12.6146,17.2192,18.3058,0,7.0000,1.1410
465421941,SHMPC_Compiler,baseline,30,0.1000,1.0000,0.0000,0.0000,w2_bures,0,-1,1.1964,12,19.5806,513.0948,571,5,80,7.5054,4.9456,16.8024,19.8459,0,7.0000,1.2493
465422941,SHMPC_Compiler,baseline,30,0.1000,1.0000,0.0000,0.0000,w2_bures,0,-1,1.2711,19,19.2490,486.7884,500,10,80,7.1146,4.3084,19.9603,27.2885,0,7.0000,1.2825
465423941,SHMPC_Compiler,baseline,30,0.1000,1.0000,0.0000,0.0000,w2_bures,0,-1,1.0362,12,2.7672,96.1463,43,11,80,11.2899,16.4468,20.1949,23.3868,0,7.0000,1.0706
465424941,SHMPC_Compiler,baseline,30,0.1000,1.0000,0.0000,0.0000,w2_bures,0,-1,1.0993,13,13.8977,256.5946,421,4,80,11.8383,15.4442,20.6950,24.4547,0,7.0000,1.1279
465425941,SHMPC_Compiler,baseline,30,0.1000,1.0000,0.0000,0.0000,w2_bures,0,-1,1.1167,19,20.5824,665.7850,818,8,80,11.0186,9.4022,21.2224,25.0939,0,7.0000,1.1339
465426941,SHMPC_Compiler,baseline,30,0.1000,1.0000,0.0000,0.0000,w2_bures,0,-1,1.2190,11,20.1118,774.4894,1073,9,80,9.3072,6.4684,26.9295,29.9835,0,7.0000,1.2747
465427941,SHMPC_Compiler,baseline,30,0.1000,1.0000,0.0000,0.0000,w2_bures,0,-1,1.2138,27,16.6824,358.3574,455,13,80,15.4154,11.6856,43.3653,89.3459,0,7.0000,1.2297
465428941,SHMPC_Compiler,baseline,30,0.1000,1.0000,0.0000,0.0000,w2_bures,0,-1,1.4041,16,20.1025,808.1799,1021,10,80,5.6602,4.6089,17.9653,22.8158,0,7.0000,1.4714
465429941,SHMPC_Compiler,baseline,30,0.1000,1.0000,0.0000,0.0000,w2_bures,0,-1,0.9025,16,7.3603,172.7071,241,8,80,11.0391,14.1905,20.8764,22.0479,0,7.0000,0.9059
465430941,SHMPC_Compiler,baseline,30,0.1000,1.0000,0.0000,0.0000,w2_bures,0,-1,1.1544,54,3.1690,171.9569,148,14,80,8.2215,10.1981,18.4079,25.9562,0,7.0000,1.1555
465431941,SHMPC_Compiler,baseline,30,0.1000,1.0000,0.0000,0.0000,w2_bures,0,-1,1.0955,18,18.3462,440.3317,416,9,80,7.2305,4.3770,15.1517,17.1654,0,7.0000,1.1184
465432941,SHMPC_Compiler,baseline,30,0.1000,1.0000,0.0000,0.0000,w2_bures,1,23,0.7270,26,19.9446,605.4766,629,9,80,7.9636,8.4177,14.8334,43.5239,0,7.0000,0.7430
465433941,SHMPC_Compiler,baseline,30,0.1000,1.0000,0.0000,0.0000,w2_bures,0,-1,1.2724,10,6.1934,153.1951,231,11,80,8.9266,10.1611,19.3125,21.0837,0,7.0000,1.3191
465434941,SHMPC_Compiler,baseline,30,0.1000,1.0000,0.0000,0.0000,w2_bures,0,-1,1.0875,12,18.8240,461.8649,445,9,80,6.8202,5.1346,16.5705,19.8016,0,7.0000,1.1103
465435941,SHMPC_Compiler,baseline,30,0.1000,1.0000,0.0000,0.0000,w2_bures,0,-1,1.3914,16,20.3997,676.8971,574,21,80,5.5244,3.4211,16.0526,28.4894,0,7.0000,1.4191
465436941,SHMPC_Compiler,baseline,30,0.1000,1.0000,0.0000,0.0000,w2_bures,1,29,0.0591,39,16.4881,446.5494,651,12,80,9.2003,5.9796,19.8593,22.9702,0,7.0000,0.1749
465437941,SHMPC_Compiler,baseline,30,0.1000,1.0000,0.0000,0.0000,w2_bures,0,-1,1.3038,17,20.1150,765.7519,1018,11,80,5.7442,4.1058,14.1265,17.7849,0,7.0000,1.3093
465438941,SHMPC_Compiler,baseline,30,0.1000,1.0000,0.0000,0.0000,w2_bures,0,-1,1.2867,13,20.1068,774.9638,1048,9,80,5.5524,4.6301,15.2680,32.7745,0,7.0000,1.3501
465439941,SHMPC_Compiler,baseline,30,0.1000,1.0000,0.0000,0.0000,w2_bures,0,-1,3.1624,3,-1.0581,1273.0571,1119,10,80,8.9911,5.2751,23.4999,25.6790,0,7.0000,3.1985
465440941,SHMPC_Compiler,baseline,30,0.1000,1.0000,0.0000,0.0000,w2_bures,0,-1,1.3252,24,3.0840,208.7983,200,11,80,11.1640,12.5747,26.4349,33.7163,0,7.0000,1.3602
465441941,SHMPC_Compiler,baseline,30,0.1000,1.0000,0.0000,0.0000,w2_bures,0,-1,1.0939,20,2.8810,130.9284,148,6,80,14.7811,18.5056,31.2941,35.6828,0,7.0000,1.1062
465442941,SHMPC_Compiler,baseline,30,0.1000,1.0000,0.0000,0.0000,w2_bures,0,-1,1.1406,14,20.1023,771.0167,1248,14,80,9.4781,6.6139,25.9192,27.5429,0,7.0000,1.2064
465443941,SHMPC_Compiler,baseline,30,0.1000,1.0000,0.0000,0.0000,w2_bures,0,-1,1.1091,13,18.3765,434.4941,412,10,80,11.3231,7.4563,27.7379,34.6108,0,7.0000,1.1343
465444941,SHMPC_Compiler,baseline,30,0.1000,1.0000,0.0000,0.0000,w2_bures,1,15,0.2336,25,20.1233,562.9513,588,4,80,9.0428,5.8739,22.4510,24.9993,0,7.0000,0.2723
465445941,SHMPC_Compiler,baseline,30,0.1000,1.0000,0.0000,0.0000,w2_bures,0,-1,1.0648,17,2.8430,95.6695,99,7,80,8.4103,5.0802,18.0936,19.9846,0,7.0000,1.0784
465446941,SHMPC_Compiler,baseline,30,0.1000,1.0000,0.0000,0.0000,w2_bures,0,-1,1.3170,14,20.2464,755.7220,819,7,80,6.8998,4.9347,16.5137,18.7083,0,7.0000,1.3567
465447941,SHMPC_Compiler,baseline,30,0.1000,1.0000,0.0000,0.0000,w2_bures,0,-1,1.3422,15,20.1552,781.9836,782,17,80,6.2913,4.6051,15.6065,20.3166,0,7.0000,1.3933
465448941,SHMPC_Compiler,baseline,30,0.1000,1.0000,0.0000,0.0000,w2_bures,0,-1,1.3158,12,20.0994,769.4222,1202,11,80,4.8095,4.5665,12.5766,16.7649,0,7.0000,1.3855
2864087459,CertificateFirst,baseline,30,0.1000,1.0000,0.0000,0.0000,w2_bures,1,18,0.3368,36,4.5561,124.4723,132,19,80,7.2121,4.8622,16.6490,21.1391,0,7.0000,0.3463
2864088459,CertificateFirst,baseline,30,0.1000,1.0000,0.0000,0.0000,w2_bures,0,-1,1.1050,18,8.6971,226.0363,244,21,80,6.2645,4.3045,15.2388,18.8850,0,7.0000,1.1575
2864089459,CertificateFirst,baseline,30,0.1000,1.0000,0.0000,0.0000,w2_bures,0,-1,0.8615,40,14.1895,296.9137,386,23,80,7.2429,4.9006,18.5594,25.5644,0,7.0000,0.8701
2864090459,CertificateFirst,baseline,30,0.1000,1.0000,0.0000,0.0000,w2_bures,1,15,0.7030,34,2.4608,85.7735,93,28,80,5.7405,3.9654,14.4470,16.3601,0,7.0000,0.7241
2864091459,CertificateFirst,baseline,30,0.1000,1.0000,0.0000,0.0000,w2_bures,0,-1,1.1629,18,20.1086,788.1172,481,8,80,4.1398,2.8758,13.7990,14.5623,0,7.0000,1.1829
2864092459,CertificateFirst,baseline,30,0.1000,1.0000,0.0000,0.0000,w2_bures,0,-1,1.2055,12,20.1010,769.5337,737,17,80,3.2347,2.4364,9.5064,12.9631,0,7.0000,1.2768
2864093459,CertificateFirst,baseline,30,0.1000,1.0000,0.0000,0.0000,w2_bures,0,-1,1.1463,14,20.1116,801.5111,652,18,80,3.1787,2.1463,10.0810,13.1818,0,7.0000,1.2136
2864094459,CertificateFirst,baseline,30,0.1000,1.0000,0.0000,0.0000,w2_bures,1,20,0.5811,27,20.5416,664.2932,430,19,80,4.8570,3.4395,13.7482,18.0078,0,7.0000,0.6049
2864095459,CertificateFirst,baseline,30,0.1000,1.0000,0.0000,0.0000,w2_bures,1,20,0.7363,29,2.9658,129.5465,170,18,80,5.7791,3.6258,13.7131,16.7374,0,7.0000,0.7568
2864096459,CertificateFirst,baseline,30,0.1000,1.0000,0.0000,0.0000,w2_bures,1,18,0.6270,33,2.7968,122.8638,114,13,80,4.9815,3.7667,13.7896,17.9400,0,7.0000,0.6486
2864097459,CertificateFirst,baseline,30,0.1000,1.0000,0.0000,0.0000,w2_bures,1,20,0.7258,24,2.9303,95.5905,102,10,80,6.7552,3.9921,15.1626,25.9718,0,7.0000,0.7540
2864098459,CertificateFirst,baseline,30,0.1000,1.0000,0.0000,0.0000,w2_bures,0,-1,0.9552,12,20.1100,769.0401,466,24,80,4.3875,3.4814,13.7718,17.2547,0,7.0000,0.9938
2864099459,CertificateFirst,baseline,30,0.1000,1.0000,0.0000,0.0000,w2_bures,1,18,0.8335,18,3.3813,138.8726,162,26,80,6.1390,4.0473,14.6845,16.3912,0,7.0000,0.9030
2864100459,CertificateFirst,baseline,30,0.1000,1.0000,0.0000,0.0000,w2_bures,1,23,0.2148,37,12.7874,272.5611,348,21,80,5.6753,3.9386,14.2802,15.1599,0,7.0000,0.2385
2864101459,CertificateFirst,baseline,30,0.1000,1.0000,0.0000,0.0000,w2_bures,0,-1,1.1379,40,19.9474,604.3077,381,34,80,4.1916,3.2951,13.0528,16.0420,0,7.0000,1.1523
2864102459,CertificateFirst,baseline,30,0.1000,1.0000,0.0000,0.0000,w2_bures,1,20,0.7523,22,4.9986,132.0448,126,21,80,7.6483,4.7826,18.4569,25.3384,0,7.0000,0.7545
2864103459,CertificateFirst,baseline,30,0.1000,1.0000,0.0000,0.0000,w2_bures,0,-1,0.9579,13,20.1102,771.4029,714,17,80,6.7484,4.9376,29.2456,39.5818,0,7.0000,0.9894
2864104459,CertificateFirst,baseline,30,0.1000,1.0000,0.0000,0.0000,w2_bures,0,-1,1.3827,15,20.0989,828.2030,836,16,80,4.4708,3.1068,12.5195,14.3091,0,7.0000,1.4338
2864105459,CertificateFirst,baseline,30,0.1000,1.0000,0.0000,0.0000,w2_bures,1,16,0.4040,27,18.3989,434.3979,430,12,80,9.6960,5.7127,26.4527,64.2192,0,7.0000,0.4164
2864106459,CertificateFirst,baseline,30,0.1000,1.0000,0.0000,0.0000,w2_bures,1,20,0.5869,28,19.5580,547.0811,445,16,80,5.6467,3.7038,14.7610,22.8146,0,7.0000,0.6089
2864107459,CertificateFirst,baseline,30,0.1000,1.0000,0.0000,0.0000,w2_bures,1,22,0.4571,30,20.4433,676.1757,502,10,80,5.9769,3.5909,16.1495,40.8601,0,7.0000,0.4994
2864108459,CertificateFirst,baseline,30,0.1000,1.0000,0.0000,0.0000,w2_bures,0,-1,0.9099,34,18.0613,428.7297,492,26,80,5.7737,4.3043,15.2552,16.6331,0,7.0000,0.9219
2864109459,CertificateFirst,baseline,30,0.1000,1.0000,0.0000,0.0000,w2_bures,0,-1,1.0821,17,20.2232,782.8992,447,19,80,5.6001,3.8330,15.8742,22.7616,0,7.0000,1.1326
2864110459,CertificateFirst,baseline,30,0.1000,1.0000,0.0000,0.0000,w2_bures,1,16,0.0180,25,20.1105,788.3613,640,20,80,7.9108,7.0087,22.3221,38.0444,0,7.0000,0.2181
2864111459,CertificateFirst,baseline,30,0.1000,1.0000,0.0000,0.0000,w2_bures,0,-1,0.8626,21,2.9810,122.3124,153,17,80,8.0315,5.0841,18.3397,22.7207,0,7.0000,0.8820
2864112459,CertificateFirst,baseline,30,0.1000,1.0000,0.0000,0.0000,w2_bures,0,-1,1.1422,18,20.0055,604.1560,326,17,80,5.8748,3.7145,16.5505,29.5779,0,7.0000,1.1484
2864113459,CertificateFirst,baseline,30,0.1000,1.0000,0.0000,0.0000,w2_bures,0,-1,1.1183,30,3.1668,151.0703,182,23,80,6.7007,4.7173,16.2989,21.1153,0,7.0000,1.1440
2864114459,CertificateFirst,baseline,30,0.1000,1.0000,0.0000,0.0000,w2_bures,0,-1,1.0320,12,20.1238,562.4735,408,30,80,6.1661,4.2869,17.9693,21.2525,0,7.0000,1.0452
2864115459,CertificateFirst,baseline,30,0.1000,1.0000,0.0000,0.0000,w2_bures,1,14,0.4729,27,9.6725,201.0249,224,16,80,7.2443,5.3023,18.9843,21.4426,0,7.0000,0.4826
2864116459,CertificateFirst,baseline,30,0.1000,1.0000,0.0000,0.0000,w2_bures,0,-1,1.0492,54,3.0305,130.6053,133,21,80,7.4804,5.0164,19.4403,20.0901,0,7.0000,1.0510
910066211,ScenarioCompiler,baseline,30,0.1000,1.0000,0.0000,0.0000,w2_bures,0,-1,1.0486,14,12.9641,232.7729,340,9,80,7.6153,4.9615,14.9458,18.7785,0,7.0000,1.0688
910067211,ScenarioCompiler,baseline,30,0.1000,1.0000,0.0000,0.0000,w2_bures,0,-1,1.2925,12,20.5541,688.8582,993,9,80,7.0395,4.4395,15.9076,20.0696,0,7.0000,1.3483
910068211,ScenarioCompiler,baseline,30,0.1000,1.0000,0.0000,0.0000,w2_bures,0,-1,1.2133,49,16.5349,399.2719,518,8,80,6.2392,5.1373,13.1882,20.3452,0,7.0000,1.2200
910069211,ScenarioCompiler,baseline,30,0.1000,1.0000,0.0000,0.0000,w2_bures,0,-1,1.3003,17,20.2712,586.3856,642,5,80,6.5701,4.1976,15.1703,18.8675,0,7.0000,1.3377
910070211,ScenarioCompiler,baseline,30,0.1000,1.0000,0.0000,0.0000,w2_bures,0,-1,1.0795,16,20.0961,795.9773,1009,16,80,5.8490,4.5136,18.2488,24.4493,0,7.0000,1.1217
910071211,ScenarioCompiler,baseline,30,0.1000,1.0000,0.0000,0.0000,w2_bures,0,-1,1.1967,18,3.2602,140.8384,129,4,80,7.4044,4.7535,14.3792,16.3431,0,7.0000,1.2205
910072211,ScenarioCompiler,baseline,30,0.1000,1.0000,0.0000,0.0000,w2_bures,0,-1,1.0228,12,2.8441,95.4145,92,8,80,8.4602,4.5758,17.9744,22.6446,0,7.0000,1.1074
910073211,ScenarioCompiler,baseline,30,0.1000,1.0000,0.0000,0.0000,w2_bures,0,-1,0.9308,16,2.8284,95.8736,87,9,80,9.2456,11.9563,17.3309,20.4380,0,7.0000,1.0466
910074211,ScenarioCompiler,baseline,30,0.1000,1.0000,0.0000,0.0000,w2_bures,0,-1,0.9373,21,1.9978,76.9471,38,8,80,11.7397,15.0097,21.6827,24.0314,0,7.0000,0.9382
910075211,ScenarioCompiler,baseline,30,0.1000,1.0000,0.0000,0.0000,w2_bures,0,-1,0.8682,17,16.0580,334.7620,406,14,80,9.1022,4.9580,25.9955,31.0616,0,7.0000,0.8981
910076211,ScenarioCompiler,baseline,30,0.1000,1.0000,0.0000,0.0000,w2_bures,0,-1,1.2299,15,20.4492,705.5458,866,9,80,7.7115,5.4215,17.6738,22.9706,0,7.0000,1.3177
910077211,ScenarioCompiler,baseline,30,0.1000,1.0000,0.0000,0.0000,w2_bures,0,-1,0.9739,12,18.3289,435.0481,543,6,80,7.7700,4.9211,17.8235,42.4002,0,7.0000,0.9887
910078211,ScenarioCompiler,baseline,30,0.1000,1.0000,0.0000,0.0000,w2_bures,0,-1,1.3567,14,9.5923,200.7818,304,15,80,7.7034,8.7202,16.6297,20.6888,0,7.0000,1.4141
910079211,ScenarioCompiler,baseline,30,0.1000,1.0000,0.0000,0.0000,w2_bures,0,-1,0.9527,24,20.2687,588.0723,710,6,80,7.4784,4.4824,23.8572,25.5548,0,7.0000,0.9624
910080211,ScenarioCompiler,baseline,30,0.1000,1.0000,0.0000,0.0000,w2_bures,0,-1,0.9967,23,3.3379,139.4710,168,13,80,7.5465,4.4622,15.9139,22.3257,0,7.0000,1.0472
910081211,ScenarioCompiler,baseline,30,0.1000,1.0000,0.0000,0.0000,w2_bures,0,-1,0.9795,44,8.1562,181.9812,290,4,80,9.8582,12.8131,16.4669,29.3191,0,7.0000,0.9871
910082211,ScenarioCompiler,baseline,30,0.1000,1.0000,0.0000,0.0000,w2_bures,0,-1,1.0306,13,12.1328,229.3253,257,8,80,8.6391,4.1405,18.9132,22.1347,0,7.0000,1.0428
910083211,ScenarioCompiler,baseline,30,0.1000,1.0000,0.0000,0.0000,w2_bures,0,-1,0.8530,36,2.4266,86.7031,88,5,80,13.4959,16.6698,25.3396,29.5250,0,7.0000,0.8652
910084211,ScenarioCompiler,baseline,30,0.1000,1.0000,0.0000,0.0000,w2_bures,0,-1,1.1578,15,2.8445,96.0526,50,9,80,8.7769,4.4228,17.4798,18.9882,0,7.0000,1.1732
910085211,ScenarioCompiler,baseline,30,0.1000,1.0000,0.0000,0.0000,w2_bures,0,-1,0.9078,33,20.5259,664.5927,892,11,80,9.0152,6.5244,18.1825,28.6162,0,7.0000,0.9192
910086211,ScenarioCompiler,baseline,30,0.1000,1.0000,0.0000,0.0000,w2_bures,1,21,0.6234,28,20.3545,745.1518,684,16,80,6.9823,4.5545,18.1096,21.7536,0,7.0000,0.6539
910087211,ScenarioCompiler,baseline,30,0.1000,1.0000,0.0000,0.0000,w2_bures,0,-1,1.0252,17,5.4538,144.0939,162,13,80,8.4298,4.8684,17.2927,22.0615,0,7.0000,1.0494
910088211,ScenarioCompiler,baseline,30,0.1000,1.0000,0.0000,0.0000,w2_bures,1,33,0.6682,63,3.0756,140.7438,113,7,80,11.0995,6.4209,22.2877,25.0162,0,7.0000,0.6806
910089211,ScenarioCompiler,baseline,30,0.1000,1.0000,0.0000,0.0000,w2_bures,0,-1,0.9975,30,3.2521,140.7650,151,10,80,11.1423,14.2561,20.3862,38.4238,0,7.0000,1.0120
910090211,ScenarioCompiler,baseline,30,0.1000,1.0000,0.0000,0.0000,w2_bures,0,-1,1.4902,17,20.1055,803.2332,1142,7,80,6.0778,4.9599,16.6571,27.6264,0,7.0000,1.5504
910091211,ScenarioCompiler,baseline,30,0.1000,1.0000,0.0000,0.0000,w2_bures,0,-1,1.2060,15,19.5852,510.4558,563,8,80,11.0013,8.0991,23.9177,27.9071,0,7.0000,1.2564
910092211,ScenarioCompiler,baseline,30,0.1000,1.0000,0.0000,0.0000,w2_bures,0,-1,1.0971,21,20.2976,655.2459,839,11,80,8.9739,6.1672,20.9823,29.9702,0,7.0000,1.1100
910093211,ScenarioCompiler,baseline,30,0.1000,1.0000,0.0000,0.0000,w2_bures,1,18,0.1268,28,18.3064,437.6043,537,7,80,10.1646,6.6242,21.7110,29.4033,0,7.0000,0.1789
910094211,ScenarioCompiler,baseline,30,0.1000,1.0000,0.0000,0.0000,w2_bures,0,-1,1.2706,17,20.1550,781.7614,573,13,80,5.2690,3.4818,14.0271,16.0497,0,7.0000,1.2950
910095211,ScenarioCompiler,baseline,30,0.1000,1.0000,0.0000,0.0000,w2_bures,0,-1,0.9451,39,18.3490,436.1678,587,10,80,8.2962,9.2645,15.8612,17.7746,0,7.0000,0.9573
871445019,SHMPC,high_switch,30,0.1000,1.0000,0.0000,0.0000,w2_bures,0,-1,0.9425,19,3.3862,139.6790,106,30,80,6.6255,4.3026,18.3258,19.0031,0,7.0000,1.0471
871446019,SHMPC,high_switch,30,0.1000,1.0000,0.0000,0.0000,w2_bures,1,17,0.6735,23,19.2345,487.3358,360,25,80,5.6153,4.5633,16.7170,22.8109,0,7.0000,0.6858
871447019,SHMPC,high_switch,30,0.1000,1.0000,0.0000,0.0000,w2_bures,1,23,0.6538,39,3.3511,145.1807,148,13,80,7.0049,5.1919,17.1023,21.5451,0,7.0000,0.6739
871448019,SHMPC,high_switch,30,0.1000,1.0000,0.0000,0.0000,w2_bures,0,-1,1.1148,16,3.3660,104.5687,138,28,80,7.8825,4.7856,19.4324,20.8055,0,7.0000,1.1462
871449019,SHMPC,high_switch,30,0.1000,1.0000,0.0000,0.0000,w2_bures,1,31,0.8492,31,16.8454,393.2757,360,32,80,5.7964,4.7374,16.8011,21.7980,0,7.0000,0.8729
871450019,SHMPC,high_switch,30,0.1000,1.0000,0.0000,0.0000,w2_bures,1,46,0.5731,69,3.1436,135.2155,175,25,80,8.7893,5.8314,21.9377,26.3912,0,7.0000,0.5897
871451019,SHMPC,high_switch,30,0.1000,1.0000,0.0000,0.0000,w2_bures,0,-1,1.2597,19,20.1035,790.0328,577,24,80,4.5302,3.2979,13.2325,17.0364,0,7.0000,1.2851
871452019,SHMPC,high_switch,30,0.1000,1.0000,0.0000,0.0000,w2_bures,1,20,0.5256,33,18.6103,493.6043,394,20,80,8.2564,5.6602,23.9462,26.7190,0,7.0000,0.5427
871453019,SHMPC,high_switch,30,0.1000,1.0000,0.0000,0.0000,w2_bures,0,-1,1.2089,30,10.3291,265.5126,306,28,80,8.4122,5.6352,20.2338,24.2973,0,7.0000,1.2208
871454019,SHMPC,high_switch,30,0.1000,1.0000,0.0000,0.0000,w2_bures,1,15,0.1103,33,15.3439,308.3724,227,19,80,9.5260,6.7774,27.0917,30.5581,0,7.0000,0.1225
871455019,SHMPC,high_switch,30,0.1000,1.0000,0.0000,0.0000,w2_bures,0,-1,1.0875,15,11.0060,254.6322,291,17,80,9.1209,6.1452,21.5760,34.3883,0,7.0000,1.1581
871456019,SHMPC,high_switch,30,0.1000,1.0000,0.0000,0.0000,w2_bures,1,19,0.5112,28,19.9289,596.3577,330,23,80,9.0628,7.2280,39.9977,44.6494,0,7.0000,0.5309
871457019,SHMPC,high_switch,30,0.1000,1.0000,0.0000,0.0000,w2_bures,0,-1,0.9506,23,13.0127,229.5230,241,30,80,6.2882,4.0382,15.5014,21.4219,0,7.0000,0.9629
871458019,SHMPC,high_switch,30,0.1000,1.0000,0.0000,0.0000,w2_bures,0,-1,0.9883,17,18.3788,434.7523,217,26,80,7.6587,5.2230,32.5685,42.8682,0,7.0000,1.0808
871459019,SHMPC,high_switch,30,0.1000,1.0000,0.0000,0.0000,w2_bures,1,22,0.6741,27,13.8870,255.2830,327,22,80,6.2358,4.7474,22.5168,26.5892,0,7.0000,0.6871
871460019,SHMPC,high_switch,30,0.1000,1.0000,0.0000,0.0000,w2_bures,0,-1,1.1598,23,19.5782,571.4803,398,21,80,4.5286,2.9529,13.1408,20.7255,0,7.0000,1.1864
871461019,SHMPC,high_switch,30,0.1000,1.0000,0.0000,0.0000,w2_bures,1,13,0.4399,20,20.1630,762.5184,446,24,80,5.2887,3.4539,17.1294,18.6992,0,7.0000,0.4728
871462019,SHMPC,high_switch,30,0.1000,1.0000,0.0000,0.0000,w2_bures,0,-1,1.1822,14,20.1589,784.5451,549,32,80,3.7509,3.0034,9.3770,12.2855,0,7.0000,1.2312
871463019,SHMPC,high_switch,30,0.1000,1.0000,0.0000,0.0000,w2_bures,0,-1,0.9739,20,14.6474,282.2223,247,31,80,5.0243,3.5838,13.7334,13.8755,0,7.0000,0.9922
871464019,SHMPC,high_switch,30,0.1000,1.0000,0.0000,0.0000,w2_bures,1,15,0.4844,32,11.2203,221.1611,280,30,80,6.4558,4.3107,15.2089,21.8335,0,7.0000,0.4900
871465019,SHMPC,high_switch,30,0.1000,1.0000,0.0000,0.0000,w2_bures,1,33,0.7077,41,11.0600,254.3805,282,24,80,5.2590,3.7098,14.8924,15.1975,0,7.0000,0.7346
871466019,SHMPC,high_switch,30,0.1000,1.0000,0.0000,0.0000,w2_bures,0,-1,0.9944,20,12.1472,229.4127,412,33,80,6.7239,4.6501,19.9208,21.6344,0,7.0000,1.0058
871467019,SHMPC,high_switch,30,0.1000,1.0000,0.0000,0.0000,w2_bures,0,-1,1.0594,16,4.2175,159.3429,217,22,80,8.3955,5.3248,20.8002,25.3294,0,7.0000,1.0953
871468019,SHMPC,high_switch,30,0.1000,1.0000,0.0000,0.0000,w2_bures,1,17,0.7291,24,20.1861,762.6821,435,38,80,6.6422,4.7207,18.1255,28.7010,0,7.0000,0.7445
871469019,SHMPC,high_switch,30,0.1000,1.0000,0.0000,0.0000,w2_bures,1,35,0.7133,41,16.6506,389.0210,358,32,80,8.0067,4.9310,22.5022,26.7206,0,7.0000,0.7332
871470019,SHMPC,high_switch,30,0.1000,1.0000,0.0000,0.0000,w2_bures,0,-1,1.1872,16,11.0900,254.1321,334,34,80,6.9801,4.7597,17.8167,20.3488,0,7.0000,1.2035
871471019,SHMPC,high_switch,30,0.1000,1.0000,0.0000,0.0000,w2_bures,0,-1,1.2473,18,20.1498,798.8665,531,21,80,6.0807,4.3078,19.2759,25.7542,0,7.0000,1.2545
871472019,SHMPC,high_switch,30,0.1000,1.0000,0.0000,0.0000,w2_bures,0,-1,1.1949,19,19.9697,602.5028,486,22,80,7.9239,5.4057,19.3009,22.9792,0,7.0000,1.2547
871473019,SHMPC,high_switch,30,0.1000,1.0000,0.0000,0.0000,w2_bures,0,-1,1.3986,19,20.1014,793.1745,583,28,80,4.6602,3.5341,14.3629,27.2181,0,7.0000,1.4264
871474019,SHMPC,high_switch,30,0.1000,1.0000,0.0000,0.0000,w2_bures,1,31,0.8499,31,20.5889,666.3216,287,23,80,5.5701,4.6367,14.7265,26.1045,0,7.0000,0.8807
1250041523,SHMPC_DRO,high_switch,30,0.1000,1.0000,0.0000,0.0000,w2_bures,0,-1,1.0903,21,3.0042,129.7474,148,19,80,8.0139,5.9225,17.7012,27.2008,11,7.0000,1.1444
1250042523,SHMPC_DRO,high_switch,30,0.1000,1.0000,0.0000,0.0000,w2_bures,0,-1,1.0183,22,17.3353,382.0470,315,27,80,7.2659,5.0585,21.3580,23.8683,12,7.0000,1.0347
1250043523,SHMPC_DRO,high_switch,30,0.1000,1.0000,0.0000,0.0000,w2_bures,0,-1,1.2666,16,9.1174,225.2666,208,25,80,5.5124,3.6282,13.9434,18.9573,9,7.0000,1.2696
1250044523,SHMPC_DRO,high_switch,30,0.1000,1.0000,0.0000,0.0000,w2_bures,0,-1,1.2071,20,18.9644,501.0897,514,32,80,6.6627,4.3038,15.6694,16.0059,6,7.0000,1.2392
1250045523,SHMPC_DRO,high_switch,30,0.1000,1.0000,0.0000,0.0000,w2_bures,1,26,0.5102,36,8.4931,219.6025,233,37,80,6.7919,4.1154,15.5902,16.4981,8,7.0000,0.5397
1250046523,SHMPC_DRO,high_switch,30,0.1000,1.0000,0.0000,0.0000,w2_bures,0,-1,1.2230,20,17.1689,425.1165,335,29,80,5.5611,3.7059,13.8859,19.1507,6,7.0000,1.2594
1250047523,SHMPC_DRO,high_switch,30,0.1000,1.0000,0.0000,0.0000,w2_bures,0,-1,1.1028,13,2.4317,86.2797,113,22,80,6.0609,3.6371,14.5860,17.6591,5,7.0000,1.1381
1250048523,SHMPC_DRO,high_switch,30,0.1000,1.0000,0.0000,0.0000,w2_bures,1,22,0.7690,29,17.3201,384.0434,441,26,80,6.8421,4.6362,16.4997,18.0034,11,7.0000,0.7722
1250049523,SHMPC_DRO,high_switch,30,0.1000,1.0000,0.0000,0.0000,w2_bures,0,-1,1.1856,32,20.4980,638.7185,481,28,80,4.7759,3.6164,12.6158,14.1567,8,7.0000,1.1997
1250050523,SHMPC_DRO,high_switch,30,0.1000,1.0000,0.0000,0.0000,w2_bures,0,-1,1.0845,21,3.2471,132.3809,138,16,80,6.7602,4.7486,17.1087,19.3102,11,7.0000,1.1174
1250051523,SHMPC_DRO,high_switch,30,0.1000,1.0000,0.0000,0.0000,w2_bures,1,17,0.1260,24,20.1559,783.3415,508,11,80,6.3320,5.0854,19.2663,20.7704,11,7.0000,0.2837
1250052523,SHMPC_DRO,high_switch,30,0.1000,1.0000,0.0000,0.0000,w2_bures,0,-1,1.1505,19,9.0220,244.7689,204,20,80,8.1372,5.9560,19.4646,24.4464,10,7.0000,1.1934
1250053523,SHMPC_DRO,high_switch,30,0.1000,1.0000,0.0000,0.0000,w2_bures,1,13,0.4022,27,12.8638,234.2556,297,25,80,9.8823,6.3596,25.2429,26.7935,13,7.0000,0.4261
1250054523,SHMPC_DRO,high_switch,30,0.1000,1.0000,0.0000,0.0000,w2_bures,1,24,0.4299,70,2.6774,88.5918,136,24,80,9.5262,5.8492,21.4836,34.6880,11,7.0000,0.4430
1250055523,SHMPC_DRO,high_switch,30,0.1000,1.0000,0.0000,0.0000,w2_bures,0,-1,1.2583,14,5.4970,177.1857,143,20,80,9.1426,5.6305,19.6835,29.0305,5,7.0000,1.2708
1250056523,SHMPC_DRO,high_switch,30,0.1000,1.0000,0.0000,0.0000,w2_bures,1,16,0.6877,25,19.5756,511.8957,370,23,80,8.9373,6.7819,26.0777,30.4657,11,7.0000,0.6981
1250057523,SHMPC_DRO,high_switch,30,0.1000,1.0000,0.0000,0.0000,w2_bures,0,-1,1.0222,38,18.3371,434.8893,350,22,80,7.6780,4.7989,19.6503,21.7692,6,7.0000,1.0317
1250058523,SHMPC_DRO,high_switch,30,0.1000,1.0000,0.0000,0.0000,w2_bures,0,-1,1.0729,17,5.4963,143.3725,162,27,80,8.8417,6.3791,23.6858,27.5526,5,7.0000,1.1186
1250059523,SHMPC_DRO,high_switch,30,0.1000,1.0000,0.0000,0.0000,w2_bures,0,-1,0.8762,31,6.1262,181.5325,204,13,80,13.1577,11.1144,30.4518,32.4738,17,7.0000,0.8973
1250060523,SHMPC_DRO,high_switch,30,0.1000,1.0000,0.0000,0.0000,w2_bures,1,18,0.2064,26,20.1643,787.1733,457,25,80,9.0170,5.2425,26.7724,28.4524,12,7.0000,0.2930
1250061523,SHMPC_DRO,high_switch,30,0.1000,1.0000,0.0000,0.0000,w2_bures,0,-1,1.0536,22,12.0758,230.0869,236,21,80,7.9581,5.2320,21.9016,25.7527,6,7.0000,1.0803
1250062523,SHMPC_DRO,high_switch,30,0.1000,1.0000,0.0000,0.0000,w2_bures,0,-1,0.9036,21,2.9968,140.1190,167,19,80,9.7074,6.5179,22.5941,23.1914,12,7.0000,0.9401
1250063523,SHMPC_DRO,high_switch,30,0.1000,1.0000,0.0000,0.0000,w2_bures,0,-1,1.0557,9,2.4201,86.1336,122,27,80,11.0811,7.2811,27.3789,29.2615,10,7.0000,1.0721
1250064523,SHMPC_DRO,high_switch,30,0.1000,1.0000,0.0000,0.0000,w2_bures,0,-1,1.0802,12,20.5076,639.0552,360,24,80,6.3805,4.8530,22.5547,23.8610,6,7.0000,1.1585
1250065523,SHMPC_DRO,high_switch,30,0.1000,1.0000,0.0000,0.0000,w2_bures,0,-1,0.9216,23,2.4075,86.2607,121,34,80,9.3478,6.2070,24.7247,28.6787,12,7.0000,0.9405
1250066523,SHMPC_DRO,high_switch,30,0.1000,1.0000,0.0000,0.0000,w2_bures,1,19,0.7668,22,2.7938,114.6664,179,12,80,8.2842,5.9021,17.4777,20.9187,17,7.0000,0.8272
1250067523,SHMPC_DRO,high_switch,30,0.1000,1.0000,0.0000,0.0000,w2_bures,0,-1,1.2001,11,4.3915,123.5422,205,36,80,6.1520,3.9925,18.1813,20.0184,5,7.0000,1.2268
1250068523,SHMPC_DRO,high_switch,30,0.1000,1.0000,0.0000,0.0000,w2_bures,0,-1,1.1289,24,15.1960,367.9292,329,21,80,6.2804,4.4139,19.2548,21.5707,9,7.0000,1.1475
1250069523,SHMPC_DRO,high_switch,30,0.1000,1.0000,0.0000,0.0000,w2_bures,1,13,0.1015,23,20.2597,590.3385,372,19,80,8.4686,5.8127,23.8236,28.2850,18,7.0000,0.1778
1250070523,SHMPC_DRO,high_switch,30,0.1000,1.0000,0.0000,0.0000,w2_bures,0,-1,1.1400,35,20.4158,676.1016,514,35,80,6.3385,4.8817,17.5835,21.1116,6,7.0000,1.1502
4101642078,SHMPC_AdaptiveDRO,high_switch,30,0.1000,1.0000,0.0000,0.0000,w2_bures,1,15,0.6207,27,16.7306,358.0965,255,29,80,6.4521,4.8667,19.4418,22.3110,14,7.0000,0.6474
4101643078,SHMPC_AdaptiveDRO,high_switch,30,0.1000,1.0000,0.0000,0.0000,w2_bures,1,24,0.8135,26,20.4177,613.7836,479,33,80,6.9285,4.7985,19.3422,20.0165,8,7.0000,0.8279
4101644078,SHMPC_AdaptiveDRO,high_switch,30,0.1000,1.0000,0.0000,0.0000,w2_bures,0,-1,1.0062,15,18.8245,459.8212,399,28,80,7.0184,4.8103,17.1511,20.2730,9,7.0000,1.0307
4101645078,SHMPC_AdaptiveDRO,high_switch,30,0.1000,1.0000,0.0000,0.0000,w2_bures,0,-1,1.1789,20,12.7753,272.2523,193,16,80,6.3653,4.4519,16.4477,20.9267,11,7.0000,1.2191
4101646078,SHMPC_AdaptiveDRO,high_switch,30,0.1000,1.0000,0.0000,0.0000,w2_bures,1,19,0.4146,29,20.4485,615.6861,323,29,80,6.5255,4.6298,18.6598,25.5028,18,7.0000,0.4334
4101647078,SHMPC_AdaptiveDRO,high_switch,30,0.1000,1.0000,0.0000,0.0000,w2_bures,1,29,0.7015,38,7.2936,207.3398,174,38,80,7.9246,5.9793,21.2773,32.0031,17,7.0000,0.7109
4101648078,SHMPC_AdaptiveDRO,high_switch,30,0.1000,1.0000,0.0000,0.0000,w2_bures,1,15,0.0240,30,9.6835,201.9255,231,25,80,8.0154,5.6167,21.8281,24.5818,11,7.0000,0.1068
4101649078,SHMPC_AdaptiveDRO,high_switch,30,0.1000,1.0000,0.0000,0.0000,w2_bures,1,41,0.8228,43,2.8020,113.6380,185,24,80,6.5823,4.3197,16.1077,18.3848,11,7.0000,0.8427
4101650078,SHMPC_AdaptiveDRO,high_switch,30,0.1000,1.0000,0.0000,0.0000,w2_bures,0,-1,0.8773,19,2.8480,95.5152,128,15,80,6.9795,4.8008,20.0943,21.8681,9,7.0000,0.8995
4101651078,SHMPC_AdaptiveDRO,high_switch,30,0.1000,1.0000,0.0000,0.0000,w2_bures,0,-1,1.3840,13,17.7617,418.4902,297,28,80,7.3339,4.9062,19.6667,22.4777,6,7.0000,1.4289
4101652078,SHMPC_AdaptiveDRO,high_switch,30,0.1000,1.0000,0.0000,0.0000,w2_bures,0,-1,1.0003,27,4.4031,123.6272,186,15,80,8.8564,5.7707,18.6195,20.1130,6,7.0000,1.0256
4101653078,SHMPC_AdaptiveDRO,high_switch,30,0.1000,1.0000,0.0000,0.0000,w2_bures,0,-1,1.1852,12,20.6065,664.7729,297,36,80,4.7541,3.5264,15.3229,24.5266,5,7.0000,1.2557
4101654078,SHMPC_AdaptiveDRO,high_switch,30,0.1000,1.0000,0.0000,0.0000,w2_bures,1,24,0.7700,40,4.1405,129.5473,138,26,80,7.7876,5.1223,17.1533,24.6756,14,7.0000,0.7827
4101655078,SHMPC_AdaptiveDRO,high_switch,30,0.1000,1.0000,0.0000,0.0000,w2_bures,1,16,0.5896,35,16.7255,358.2201,357,26,80,10.5134,7.0951,34.0554,70.7321,14,7.0000,0.5984
4101656078,SHMPC_AdaptiveDRO,high_switch,30,0.1000,1.0000,0.0000,0.0000,w2_bures,0,-1,0.9872,14,2.0954,76.0778,126,21,80,10.5495,7.1691,27.7887,29.5792,13,7.0000,1.0189
4101657078,SHMPC_AdaptiveDRO,high_switch,30,0.1000,1.0000,0.0000,0.0000,w2_bures,0,-1,1.2777,13,20.4919,661.0878,471,26,80,6.2725,4.4720,18.0652,20.6107,7,7.0000,1.3056
4101658078,SHMPC_AdaptiveDRO,high_switch,30,0.1000,1.0000,0.0000,0.0000,w2_bures,1,26,0.6938,34,2.8379,124.5386,159,23,80,7.9975,5.1009,18.3917,26.6982,13,7.0000,0.6988
4101659078,SHMPC_AdaptiveDRO,high_switch,30,0.1000,1.0000,0.0000,0.0000,w2_bures,0,-1,0.9534,22,2.9160,94.9417,113,27,80,7.7510,4.6444,20.4113,21.8836,8,7.0000,0.9743
4101660078,SHMPC_AdaptiveDRO,high_switch,30,0.1000,1.0000,0.0000,0.0000,w2_bures,0,-1,1.2176,22,16.4787,393.6112,265,27,80,6.3203,4.6620,19.9583,22.8504,8,7.0000,1.2382
4101661078,SHMPC_AdaptiveDRO,high_switch,30,0.1000,1.0000,0.0000,0.0000,w2_bures,1,15,0.7042,19,2.3377,95.3963,153,26,80,8.5366,5.7627,22.2766,27.9310,20,7.0000,0.7955
4101662078,SHMPC_AdaptiveDRO,high_switch,30,0.1000,1.0000,0.0000,0.0000,w2_bures,1,19,0.2607,33,18.1540,471.7844,362,34,80,8.2940,6.1251,21.0547,22.8392,18,7.0000,0.2716
4101663078,SHMPC_AdaptiveDRO,high_switch,30,0.1000,1.0000,0.0000,0.0000,w2_bures,1,26,0.1912,36,11.9051,386.1937,341,15,80,9.5912,6.7729,26.4317,29.7035,19,7.0000,0.2392
4101664078,SHMPC_AdaptiveDRO,high_switch,30,0.1000,1.0000,0.0000,0.0000,w2_bures,0,-1,1.0281,32,4.3265,124.0126,146,18,80,9.4431,6.2441,24.3855,28.8368,8,7.0000,1.0299
4101665078,SHMPC_AdaptiveDRO,high_switch,30,0.1000,1.0000,0.0000,0.0000,w2_bures,0,-1,1.1005,18,19.3736,543.2921,369,22,80,7.8819,5.2138,17.9969,26.1482,8,7.0000,1.1166
4101666078,SHMPC_AdaptiveDRO,high_switch,30,0.1000,1.0000,0.0000,0.0000,w2_bures,0,-1,1.3872,16,11.2469,246.9443,188,35,80,5.1318,3.4851,14.6469,19.0786,6,7.0000,1.4156
4101667078,SHMPC_AdaptiveDRO,high_switch,30,0.1000,1.0000,0.0000,0.0000,w2_bures,0,-1,1.1533,18,9.0816,227.1367,210,29,80,5.3590,3.7190,13.5747,19.3416,12,7.0000,1.1628
4101668078,SHMPC_AdaptiveDRO,high_switch,30,0.1000,1.0000,0.0000,0.0000,w2_bures,0,-1,1.0672,18,12.8161,273.8497,264,22,80,4.9066,3.3883,11.3309,18.3255,10,7.0000,1.0836
4101669078,SHMPC_AdaptiveDRO,high_switch,30,0.1000,1.0000,0.0000,0.0000,w2_bures,0,-1,1.1410,11,3.3608,105.7824,134,21,80,5.0008,3.3035,12.1372,14.8374,6,7.0000,1.1702
4101670078,SHMPC_AdaptiveDRO,high_switch,30,0.1000,1.0000,0.0000,0.0000,w2_bures,0,-1,0.8934,32,18.3855,433.4017,340,34,80,5.5064,3.4459,14.3462,14.9523,5,7.0000,0.8980
4101671078,SHMPC_AdaptiveDRO,high_switch,30,0.1000,1.0000,0.0000,0.0000,w2_bures,0,-1,0.8617,43,6.2895,189.1715,205,22,80,4.9962,3.2645,12.7411,15.5811,6,7.0000,0.8785
3362615533,SHMPC_RTA,high_switch,30,0.1000,1.0000,0.0000,0.0000,w2_bures,0,-1,1.0089,31,8.4805,247.9116,322,16,80,5.6085,3.8911,15.1387,16.3995,0,7.0000,1.0095
3362616533,SHMPC_RTA,high_switch,30,0.1000,1.0000,0.0000,0.0000,w2_bures,0,-1,1.1689,18,11.9635,275.9964,295,18,80,5.8377,4.1693,15.2511,20.9831,0,7.0000,1.1911
3362617533,SHMPC_RTA,high_switch,30,0.1000,1.0000,0.0000,0.0000,w2_bures,0,-1,1.3174,21,14.1853,300.0827,345,23,80,7.3908,4.5773,20.3649,23.9759,0,7.0000,1.3254
3362618533,SHMPC_RTA,high_switch,30,0.1000,1.0000,0.0000,0.0000,w2_bures,1,23,0.4988,40,4.8212,136.8023,146,27,80,8.0596,5.9856,19.6336,23.4092,0,7.0000,0.5033
3362619533,SHMPC_RTA,high_switch,30,0.1000,1.0000,0.0000,0.0000,w2_bures,0,-1,1.0529,53,7.2936,337.6606,360,23,80,8.0657,5.4169,18.3705,20.7208,0,7.0000,1.0752
3362620533,SHMPC_RTA,high_switch,30,0.1000,1.0000,0.0000,0.0000,w2_bures,0,-1,1.1530,14,20.1069,735.8251,496,24,80,4.2582,3.6679,10.6030,22.7579,0,7.0000,1.1939
3362621533,SHMPC_RTA,high_switch,30,0.1000,1.0000,0.0000,0.0000,w2_bures,1,27,0.5150,38,13.8820,275.4388,249,32,80,7.4391,4.8727,19.9209,24.2666,0,7.0000,0.5288
3362622533,SHMPC_RTA,high_switch,30,0.1000,1.0000,0.0000,0.0000,w2_bures,0,-1,1.1617,14,2.6983,77.2198,163,20,80,7.2248,4.7818,21.2441,24.3202,0,7.0000,1.1797
3362623533,SHMPC_RTA,high_switch,30,0.1000,1.0000,0.0000,0.0000,w2_bures,0,-1,1.2289,18,11.3705,262.7645,288,23,80,6.6768,4.6595,19.5335,21.4240,0,7.0000,1.2753
3362624533,SHMPC_RTA,high_switch,30,0.1000,1.0000,0.0000,0.0000,w2_bures,0,-1,1.1667,31,5.2768,176.9341,237,31,80,6.8208,4.1744,16.9640,18.2016,0,7.0000,1.1742
3362625533,SHMPC_RTA,high_switch,30,0.1000,1.0000,0.0000,0.0000,w2_bures,0,-1,1.4225,15,20.1149,778.8735,647,20,80,4.3150,3.6677,10.9192,17.7133,0,7.0000,1.4761
3362626533,SHMPC_RTA,high_switch,30,0.1000,1.0000,0.0000,0.0000,w2_bures,0,-1,1.0922,33,2.8478,117.3885,176,21,80,8.8780,6.7518,24.3619,26.6441,0,7.0000,1.1145
3362627533,SHMPC_RTA,high_switch,30,0.1000,1.0000,0.0000,0.0000,w2_bures,0,-1,1.0199,36,6.9182,211.0132,231,19,80,10.2139,6.1387,24.5116,26.5044,0,7.0000,1.0262
3362628533,SHMPC_RTA,high_switch,30,0.1000,1.0000,0.0000,0.0000,w2_bures,0,-1,0.8922,35,19.9883,620.8884,424,30,80,5.6300,3.9147,17.9203,22.0260,0,7.0000,0.9067
3362629533,SHMPC_RTA,high_switch,30,0.1000,1.0000,0.0000,0.0000,w2_bures,1,19,0.0869,25,20.1093,787.4660,420,24,80,6.7418,4.2704,21.7976,24.2536,0,7.0000,0.2518
3362630533,SHMPC_RTA,high_switch,30,0.1000,1.0000,0.0000,0.0000,w2_bures,0,-1,1.1101,14,20.1464,737.9185,521,27,80,5.0724,3.8518,14.7926,16.9399,0,7.0000,1.1538
3362631533,SHMPC_RTA,high_switch,30,0.1000,1.0000,0.0000,0.0000,w2_bures,0,-1,1.1195,15,13.5217,251.8944,348,22,80,7.1432,4.6003,17.9141,25.9638,0,7.0000,1.1390
3362632533,SHMPC_RTA,high_switch,30,0.1000,1.0000,0.0000,0.0000,w2_bures,1,14,0.0904,33,19.6857,536.8148,382,35,80,7.6526,4.4519,21.3548,28.5421,0,7.0000,0.1490
3362633533,SHMPC_RTA,high_switch,30,0.1000,1.0000,0.0000,0.0000,w2_bures,1,19,0.5811,29,17.7149,411.5670,281,19,80,4.9135,3.6861,14.5555,14.9127,0,7.0000,0.6081
3362634533,SHMPC_RTA,high_switch,30,0.1000,1.0000,0.0000,0.0000,w2_bures,1,18,0.6120,37,16.9454,392.0464,328,37,80,6.2590,4.4437,15.4344,33.9865,0,7.0000,0.6316
3362635533,SHMPC_RTA,high_switch,30,0.1000,1.0000,0.0000,0.0000,w2_bures,1,60,0.8399,60,2.8752,123.3084,154,27,80,7.3015,4.6142,18.6714,20.3652,0,7.0000,0.8660
3362636533,SHMPC_RTA,high_switch,30,0.1000,1.0000,0.0000,0.0000,w2_bures,0,-1,1.1242,33,7.0602,170.2967,157,34,80,6.6572,4.8310,16.6272,20.7273,0,7.0000,1.1339
3362637533,SHMPC_RTA,high_switch,30,0.1000,1.0000,0.0000,0.0000,w2_bures,0,-1,1.3125,27,3.0871,126.7412,123,29,80,8.3367,4.9610,24.8461,28.2688,0,7.0000,1.3504
3362638533,SHMPC_RTA,high_switch,30,0.1000,1.0000,0.0000,0.0000,w2_bures,1,21,0.6120,27,18.4833,498.3629,368,17,80,9.3381,6.5870,25.6155,30.5124,0,7.0000,0.6224
3362639533,SHMPC_RTA,high_switch,30,0.1000,1.0000,0.0000,0.0000,w2_bures,0,-1,1.2388,11,20.1093,744.7517,474,23,80,4.5623,3.5120,15.1771,21.0736,0,7.0000,1.3307
3362640533,SHMPC_RTA,high_switch,30,0.1000,1.0000,0.0000,0.0000,w2_bures,1,19,0.7329,28,2.1983,69.2732,114,27,80,7.6247,5.1106,20.2023,27.0621,0,7.0000,0.7596
3362641533,SHMPC_RTA,high_switch,30,0.1000,1.0000,0.0000,0.0000,w2_bures,0,-1,1.2388,15,20.1066,765.1937,558,23,80,4.7943,3.4679,15.4930,16.6233,0,7.0000,1.3063
3362642533,SHMPC_RTA,high_switch,30,0.1000,1.0000,0.0000,0.0000,w2_bures,0,-1,0.9770,35,16.5326,384.4275,353,21,80,6.3861,4.6831,15.1493,20.2630,0,7.0000,1.0098
3362643533,SHMPC_RTA,high_switch,30,0.1000,1.0000,0.0000,0.0000,w2_bures,0,-1,0.9690,40,2.6928,78.1687,118,20,80,8.1000,5.8134,20.2969,26.0897,0,7.0000,0.9816
3362644533,SHMPC_RTA,high_switch,30,0.1000,1.0000,0.0000,0.0000,w2_bures,0,-1,0.8593,22,20.3704,768.1298,589,39,80,11.0479,7.0146,35.5821,65.8945,0,7.0000,0.8849
4024748084,SHMPC_Conformal,high_switch,30,0.1000,1.0000,0.0000,0.0000,w2_bures,1,22,0.6272,29,20.4613,722.3471,385,33,80,9.0916,5.6159,33.5838,56.8856,0,7.0000,0.6551
4024749084,SHMPC_Conformal,high_switch,30,0.1000,1.0000,0.0000,0.0000,w2_bures,0,-1,1.2198,12,20.6080,690.0551,397,26,80,7.6502,4.8336,22.2136,29.4260,0,7.0000,1.2789
4024750084,SHMPC_Conformal,high_switch,30,0.1000,1.0000,0.0000,0.0000,w2_bures,0,-1,1.4213,20,20.1140,880.3777,614,23,80,4.5655,3.4227,11.0580,17.1715,0,7.0000,1.4812
4024751084,SHMPC_Conformal,high_switch,30,0.1000,1.0000,0.0000,0.0000,w2_bures,0,-1,1.3504,17,20.1038,791.3862,608,22,80,4.7500,3.4956,13.9106,15.3636,0,7.0000,1.3962
4024752084,SHMPC_Conformal,high_switch,30,0.1000,1.0000,0.0000,0.0000,w2_bures,1,24,0.7515,35,2.4939,85.4761,91,11,80,6.1455,4.4467,16.5511,19.7680,0,7.0000,0.7620
4024753084,SHMPC_Conformal,high_switch,30,0.1000,1.0000,0.0000,0.0000,w2_bures,0,-1,0.9266,17,8.8331,190.9812,220,19,80,7.4011,4.7546,19.0259,24.1789,0,7.0000,0.9328
4024754084,SHMPC_Conformal,high_switch,30,0.1000,1.0000,0.0000,0.0000,w2_bures,1,18,0.4697,29,9.4383,236.0749,260,23,80,8.7168,6.1281,19.4413,27.8749,0,7.0000,0.4769
4024755084,SHMPC_Conformal,high_switch,30,0.1000,1.0000,0.0000,0.0000,w2_bures,0,-1,1.1051,26,2.9598,129.0207,92,30,80,5.3018,3.9865,15.2403,24.2383,0,7.0000,1.1270
4024756084,SHMPC_Conformal,high_switch,30,0.1000,1.0000,0.0000,0.0000,w2_bures,0,-1,0.9658,42,6.7284,162.6899,161,23,80,6.3061,4.7348,17.9538,24.4939,0,7.0000,0.9740
4024757084,SHMPC_Conformal,high_switch,30,0.1000,1.0000,0.0000,0.0000,w2_bures,0,-1,0.9993,13,12.4056,230.4847,262,15,80,7.1369,4.8426,19.3285,24.3370,0,7.0000,1.0532
4024758084,SHMPC_Conformal,high_switch,30,0.1000,1.0000,0.0000,0.0000,w2_bures,0,-1,1.1980,31,2.8443,123.3790,117,28,80,8.1230,5.4096,19.6583,23.4893,0,7.0000,1.2190
4024759084,SHMPC_Conformal,high_switch,30,0.1000,1.0000,0.0000,0.0000,w2_bures,0,-1,0.9631,23,2.1101,76.6515,62,26,80,8.6400,6.3029,23.4284,24.0951,0,7.0000,0.9770
4024760084,SHMPC_Conformal,high_switch,30,0.1000,1.0000,0.0000,0.0000,w2_bures,1,22,0.6983,29,12.6454,233.6626,280,20,80,10.2513,6.9202,27.3421,39.8907,0,7.0000,0.7019
4024761084,SHMPC_Conformal,high_switch,30,0.1000,1.0000,0.0000,0.0000,w2_bures,0,-1,1.0683,52,3.4262,137.9703,134,19,80,6.4733,4.1560,14.8395,25.9309,0,7.0000,1.0815
4024762084,SHMPC_Conformal,high_switch,30,0.1000,1.0000,0.0000,0.0000,w2_bures,0,-1,1.1531,19,17.8756,408.4941,246,21,80,7.1880,4.9485,21.6802,24.0156,0,7.0000,1.1677
4024763084,SHMPC_Conformal,high_switch,30,0.1000,1.0000,0.0000,0.0000,w2_bures,1,15,0.5377,30,14.6999,283.8208,330,26,80,8.0795,5.6002,20.5242,23.6152,0,7.0000,0.5660
4024764084,SHMPC_Conformal,high_switch,30,0.1000,1.0000,0.0000,0.0000,w2_bures,0,-1,1.3826,17,20.1091,803.0775,636,27,80,3.7507,2.5549,10.7415,20.9331,0,7.0000,1.4314
4024765084,SHMPC_Conformal,high_switch,30,0.1000,1.0000,0.0000,0.0000,w2_bures,1,22,0.5765,28,20.4193,748.0523,424,21,80,6.0817,4.3228,19.9407,21.9648,0,7.0000,0.5986
4024766084,SHMPC_Conformal,high_switch,30,0.1000,1.0000,0.0000,0.0000,w2_bures,1,21,0.4058,28,19.6140,546.7770,462,35,80,6.3726,4.4753,17.2497,23.8118,0,7.0000,0.4415
4024767084,SHMPC_Conformal,high_switch,30,0.1000,1.0000,0.0000,0.0000,w2_bures,1,20,0.1118,30,17.8952,407.6799,348,26,80,5.6627,3.8452,15.2589,26.3212,0,7.0000,0.1953
4024768084,SHMPC_Conformal,high_switch,30,0.1000,1.0000,0.0000,0.0000,w2_bures,0,-1,1.0108,21,2.7914,94.3475,101,20,80,6.6894,4.6012,14.9462,18.6610,0,7.0000,1.0236
4024769084,SHMPC_Conformal,high_switch,30,0.1000,1.0000,0.0000,0.0000,w2_bures,0,-1,0.8678,24,8.7014,226.4378,239,22,80,5.1027,3.6101,12.2093,15.6759,0,7.0000,0.8855
4024770084,SHMPC_Conformal,high_switch,30,0.1000,1.0000,0.0000,0.0000,w2_bures,1,16,0.0986,39,2.1419,102.2478,102,21,80,6.9500,4.5425,18.0555,24.1082,0,7.0000,0.1422
4024771084,SHMPC_Conformal,high_switch,30,0.1000,1.0000,0.0000,0.0000,w2_bures,0,-1,1.0179,18,9.5998,200.3196,164,26,80,4.8729,3.4733,14.6004,18.9607,0,7.0000,1.0431
4024772084,SHMPC_Conformal,high_switch,30,0.1000,1.0000,0.0000,0.0000,w2_bures,1,16,0.8311,16,8.0831,181.6393,197,19,80,6.4170,4.0547,15.7465,22.3913,0,7.0000,0.8552
4024773084,SHMPC_Conformal,high_switch,30,0.1000,1.0000,0.0000,0.0000,w2_bures,1,15,0.1864,30,17.2426,387.4339,302,25,80,7.4127,5.4926,25.1158,35.6929,0,7.0000,0.2281
4024774084,SHMPC_Conformal,high_switch,30,0.1000,1.0000,0.0000,0.0000,w2_bures,1,17,0.5689,31,6.2074,154.2603,196,17,80,7.0141,4.5091,17.1820,20.7479,0,7.0000,0.5730
4024775084,SHMPC_Conformal,high_switch,30,0.1000,1.0000,0.0000,0.0000,w2_bures,1,24,0.6300,29,19.9588,598.6125,432,23,80,6.2538,4.6018,14.6870,20.3621,0,7.0000,0.6632
4024776084,SHMPC_Conformal,high_switch,30,0.1000,1.0000,0.0000,0.0000,w2_bures,0,-1,1.0495,30,20.5463,665.7360,345,26,80,4.9863,3.5074,13.7117,20.3430,0,7.0000,1.0662
4024777084,SHMPC_Conformal,high_switch,30,0.1000,1.0000,0.0000,0.0000,w2_bures,0,-1,1.0175,26,8.1201,182.8390,243,25,80,7.6839,4.6905,19.6134,35.6025,0,7.0000,1.0423
1631883966,SHMPC_Hazard,high_switch,30,0.1000,1.0000,0.0000,0.0000,w2_bures,0,-1,1.4114,20,20.1157,782.2447,567,26,80,3.9736,2.6235,12.8761,15.1867,0,7.0000,1.4400
1631884966,SHMPC_Hazard,high_switch,30,0.1000,1.0000,0.0000,0.0000,w2_bures,0,-1,1.1853,16,2.4870,85.6102,97,22,80,6.7856,4.4495,16.9970,19.6820,0,7.0000,1.1954
1631885966,SHMPC_Hazard,high_switch,30,0.1000,1.0000,0.0000,0.0000,w2_bures,1,13,0.0885,23,20.2596,753.8481,342,34,80,7.7004,3.8699,26.3606,48.2656,0,7.0000,0.1699
1631886966,SHMPC_Hazard,high_switch,30,0.1000,1.0000,0.0000,0.0000,w2_bures,0,-1,1.2360,19,20.1696,629.5975,381,31,80,5.2084,3.7661,16.0638,19.5013,0,7.0000,1.2826
1631887966,SHMPC_Hazard,high_switch,30,0.1000,1.0000,0.0000,0.0000,w2_bures,0,-1,1.0245,22,2.7124,121.4048,143,36,80,6.0680,4.6610,17.7535,20.5302,0,7.0000,1.0467
1631888966,SHMPC_Hazard,high_switch,30,0.1000,1.0000,0.0000,0.0000,w2_bures,1,16,0.7566,29,5.4668,142.2488,209,26,80,8.5948,5.9252,22.6189,25.0003,0,7.0000,0.7596
1631889966,SHMPC_Hazard,high_switch,30,0.1000,1.0000,0.0000,0.0000,w2_bures,0,-1,1.2472,17,4.5238,176.4158,194,26,80,7.8643,5.1728,18.0215,22.5444,0,7.0000,1.3020
1631890966,SHMPC_Hazard,high_switch,30,0.1000,1.0000,0.0000,0.0000,w2_bures,1,32,0.6815,46,2.4236,85.7946,119,27,80,10.6423,6.3707,22.9494,43.7339,0,7.0000,0.6982
1631891966,SHMPC_Hazard,high_switch,30,0.1000,1.0000,0.0000,0.0000,w2_bures,1,30,0.7512,35,11.2026,246.3247,235,20,80,10.0202,7.3964,25.7629,27.0359,0,7.0000,0.7578
1631892966,SHMPC_Hazard,high_switch,30,0.1000,1.0000,0.0000,0.0000,w2_bures,0,-1,0.8636,31,18.1138,469.4410,366,21,80,7.8179,5.1485,19.0007,24.4744,0,7.0000,0.8734
1631893966,SHMPC_Hazard,high_switch,30,0.1000,1.0000,0.0000,0.0000,w2_bures,1,21,0.6031,31,13.4493,283.9568,295,22,80,6.3528,4.4037,15.4746,17.8094,0,7.0000,0.6193
1631894966,SHMPC_Hazard,high_switch,30,0.1000,1.0000,0.0000,0.0000,w2_bures,0,-1,1.1272,17,19.6228,519.5124,407,15,80,5.0690,3.6280,13.9984,16.2367,0,7.0000,1.1363
1631895966,SHMPC_Hazard,high_switch,30,0.1000,1.0000,0.0000,0.0000,w2_bures,0,-1,1.1633,14,2.8432,95.4550,118,28,80,5.8664,3.9382,15.5238,18.1453,0,7.0000,1.1920
1631896966,SHMPC_Hazard,high_switch,30,0.1000,1.0000,0.0000,0.0000,w2_bures,1,16,0.2483,25,20.2292,753.9190,386,30,80,4.4342,3.1483,15.1126,22.9761,0,7.0000,0.2914
1631897966,SHMPC_Hazard,high_switch,30,0.1000,1.0000,0.0000,0.0000,w2_bures,0,-1,1.2392,42,13.2885,269.3579,339,27,80,5.5064,3.4421,13.6336,14.5142,0,7.0000,1.2609
1631898966,SHMPC_Hazard,high_switch,30,0.1000,1.0000,0.0000,0.0000,w2_bures,0,-1,1.2221,12,19.2669,483.6100,365,37,80,4.8070,3.4857,16.2145,17.0683,0,7.0000,1.3044
1631899966,SHMPC_Hazard,high_switch,30,0.1000,1.0000,0.0000,0.0000,w2_bures,0,-1,1.3679,16,20.1095,815.9599,739,25,80,4.2157,3.4451,11.5040,14.1501,0,7.0000,1.4293
1631900966,SHMPC_Hazard,high_switch,30,0.1000,1.0000,0.0000,0.0000,w2_bures,0,-1,1.1712,18,20.1054,787.7670,519,28,80,4.8937,3.9942,16.8485,20.3356,0,7.0000,1.1885
1631901966,SHMPC_Hazard,high_switch,30,0.1000,1.0000,0.0000,0.0000,w2_bures,0,-1,1.0543,14,2.9005,94.8507,97,34,80,6.6172,4.7867,17.0061,19.0512,0,7.0000,1.0979
1631902966,SHMPC_Hazard,high_switch,30,0.1000,1.0000,0.0000,0.0000,w2_bures,0,-1,1.2529,13,16.7363,356.8310,393,30,80,6.3448,4.3187,16.4181,18.7374,0,7.0000,1.2871
1631903966,SHMPC_Hazard,high_switch,30,0.1000,1.0000,0.0000,0.0000,w2_bures,1,30,0.8466,30,20.0957,594.1117,444,17,80,6.9552,5.0969,19.1911,21.8173,0,7.0000,0.8582
1631904966,SHMPC_Hazard,high_switch,30,0.1000,1.0000,0.0000,0.0000,w2_bures,0,-1,1.1423,12,2.4703,85.7845,109,23,80,8.6450,5.3994,19.2731,22.7525,0,7.0000,1.1917
1631905966,SHMPC_Hazard,high_switch,30,0.1000,1.0000,0.0000,0.0000,w2_bures,0,-1,1.2047,13,20.1093,772.2172,508,33,80,4.9555,3.8841,15.8198,18.5470,0,7.0000,1.2096
1631906966,SHMPC_Hazard,high_switch,30,0.1000,1.0000,0.0000,0.0000,w2_bures,1,31,0.7783,38,15.7009,340.5662,282,31,80,7.5180,4.7884,17.6700,18.9499,0,7.0000,0.7970
1631907966,SHMPC_Hazard,high_switch,30,0.1000,1.0000,0.0000,0.0000,w2_bures,0,-1,1.1739,14,18.3902,434.0486,282,30,80,6.8374,4.6411,20.4967,24.4309,0,7.0000,1.2508
1631908966,SHMPC_Hazard,high_switch,30,0.1000,1.0000,0.0000,0.0000,w2_bures,1,24,0.8362,25,8.0045,216.1595,190,27,80,7.2966,5.3278,18.7050,25.3647,0,7.0000,0.8578
1631909966,SHMPC_Hazard,high_switch,30,0.1000,1.0000,0.0000,0.0000,w2_bures,1,30,0.8467,31,18.3443,435.5149,264,39,80,6.1085,4.3103,18.5967,21.4568,0,7.0000,0.8526
1631910966,SHMPC_Hazard,high_switch,30,0.1000,1.0000,0.0000,0.0000,w2_bures,0,-1,1.0270,24,19.3767,548.8591,341,28,80,6.6827,3.9079,18.5408,28.8445,0,7.0000,1.0330
1631911966,SHMPC_Hazard,high_switch,30,0.1000,1.0000,0.0000,0.0000,w2_bures,0,-1,0.9625,19,3.2965,140.3149,198,21,80,8.3518,4.9379,21.3718,28.3146,0,7.0000,0.9759
1631912966,SHMPC_Hazard,high_switch,30,0.1000,1.0000,0.0000,0.0000,w2_bures,1,33,0.6639,43,10.6221,413.6474,495,18,80,7.2494,5.2986,16.8484,21.9604,0,7.0000,0.6960
2815004328,SHMPC_Bandit,high_switch,30,0.1000,1.0000,0.0000,0.0000,w2_bures,1,12,0.3139,28,18.8107,461.7500,304,37,80,5.6598,3.7810,15.4256,18.2464,0,7.0000,0.3336
2815005328,SHMPC_Bandit,high_switch,30,0.1000,1.0000,0.0000,0.0000,w2_bures,0,-1,1.2286,15,20.1049,803.7382,460,38,80,3.2823,3.0490,7.6445,13.0353,0,7.0000,1.2474
2815006328,SHMPC_Bandit,high_switch,30,0.1000,1.0000,0.0000,0.0000,w2_bures,0,-1,1.2451,14,20.1109,761.4981,595,47,80,3.5331,2.6103,11.9760,14.2982,0,7.0000,1.2866
2815007328,SHMPC_Bandit,high_switch,30,0.1000,1.0000,0.0000,0.0000,w2_bures,1,21,0.6968,39,2.2144,77.7300,128,25,80,7.0787,4.2797,18.8882,26.9216,0,7.0000,0.7013
2815008328,SHMPC_Bandit,high_switch,30,0.1000,1.0000,0.0000,0.0000,w2_bures,0,-1,1.1364,11,3.8595,114.3508,126,34,80,4.6084,3.3530,12.5480,14.3610,0,7.0000,1.1752
2815009328,SHMPC_Bandit,high_switch,30,0.1000,1.0000,0.0000,0.0000,w2_bures,0,-1,1.3929,19,3.2793,132.2596,145,21,80,6.5922,3.8317,14.3074,16.6632,0,7.0000,1.4154
2815010328,SHMPC_Bandit,high_switch,30,0.1000,1.0000,0.0000,0.0000,w2_bures,0,-1,1.0907,21,7.8751,212.2202,282,28,80,6.3979,3.9701,15.3245,19.8687,0,7.0000,1.1812
2815011328,SHMPC_Bandit,high_switch,30,0.1000,1.0000,0.0000,0.0000,w2_bures,0,-1,1.1966,30,6.5798,179.0733,182,34,80,6.4797,4.2951,17.2422,20.0322,0,7.0000,1.2154
2815012328,SHMPC_Bandit,high_switch,30,0.1000,1.0000,0.0000,0.0000,w2_bures,0,-1,1.1387,18,3.2786,139.8112,165,18,80,6.7878,4.4450,16.5862,18.8423,0,7.0000,1.2003
2815013328,SHMPC_Bandit,high_switch,30,0.1000,1.0000,0.0000,0.0000,w2_bures,1,17,0.7138,22,18.7897,462.9626,398,33,80,7.4905,4.8501,20.8323,24.3009,0,7.0000,0.7270
2815014328,SHMPC_Bandit,high_switch,30,0.1000,1.0000,0.0000,0.0000,w2_bures,1,14,0.2051,31,10.4781,211.5565,192,32,80,10.9274,6.4745,28.0568,31.4853,0,7.0000,0.2405
2815015328,SHMPC_Bandit,high_switch,30,0.1000,1.0000,0.0000,0.0000,w2_bures,1,18,0.3506,29,16.7362,357.2135,302,28,80,8.2730,5.3334,22.1723,28.9717,0,7.0000,0.3787
2815016328,SHMPC_Bandit,high_switch,30,0.1000,1.0000,0.0000,0.0000,w2_bures,0,-1,1.2750,17,13.6363,297.9552,305,41,80,6.5942,4.3866,16.8404,18.7621,0,7.0000,1.3341
2815017328,SHMPC_Bandit,high_switch,30,0.1000,1.0000,0.0000,0.0000,w2_bures,0,-1,1.0325,17,6.0884,152.6676,133,32,80,8.5713,5.4480,22.0033,22.9788,0,7.0000,1.1238
2815018328,SHMPC_Bandit,high_switch,30,0.1000,1.0000,0.0000,0.0000,w2_bures,0,-1,1.4328,18,20.1004,780.1263,508,54,80,5.2646,3.6946,16.1261,22.2335,0,7.0000,1.4730
2815019328,SHMPC_Bandit,high_switch,30,0.1000,1.0000,0.0000,0.0000,w2_bures,0,-1,1.2653,19,14.1798,295.7960,299,50,80,7.5832,5.5983,20.7488,21.8482,0,7.0000,1.2884
2815020328,SHMPC_Bandit,high_switch,30,0.1000,1.0000,0.0000,0.0000,w2_bures,1,29,0.7396,35,17.0523,384.5836,311,33,80,9.5155,6.2489,26.2789,28.2851,0,7.0000,0.7483
2815021328,SHMPC_Bandit,high_switch,30,0.1000,1.0000,0.0000,0.0000,w2_bures,1,14,0.6018,25,5.2938,140.9153,225,23,80,10.3086,6.7002,27.8030,29.9477,0,7.0000,0.6250
2815022328,SHMPC_Bandit,high_switch,30,0.1000,1.0000,0.0000,0.0000,w2_bures,1,24,0.2063,38,7.4761,200.6258,192,36,80,10.1875,6.0892,22.9730,23.8284,0,7.0000,0.2229
2815023328,SHMPC_Bandit,high_switch,30,0.1000,1.0000,0.0000,0.0000,w2_bures,0,-1,0.9601,43,6.7280,162.6576,192,36,80,8.8804,5.7444,18.5171,23.1445,0,7.0000,0.9774
2815024328,SHMPC_Bandit,high_switch,30,0.1000,1.0000,0.0000,0.0000,w2_bures,0,-1,0.9922,13,20.5325,638.6583,389,32,80,4.9190,4.0866,13.0495,16.0867,0,7.0000,1.0485
2815025328,SHMPC_Bandit,high_switch,30,0.1000,1.0000,0.0000,0.0000,w2_bures,1,13,0.5683,23,20.4993,674.7739,417,40,80,6.3654,4.9072,19.6589,28.1122,0,7.0000,0.5806
2815026328,SHMPC_Bandit,high_switch,30,0.1000,1.0000,0.0000,0.0000,w2_bures,1,16,0.1135,30,17.2394,388.7378,500,20,80,10.2782,7.1802,23.6538,25.7532,0,7.0000,0.1919
2815027328,SHMPC_Bandit,high_switch,30,0.1000,1.0000,0.0000,0.0000,w2_bures,0,-1,1.1200,11,11.2758,219.1906,308,33,80,7.2044,5.0179,17.2375,19.5582,0,7.0000,1.1693
2815028328,SHMPC_Bandit,high_switch,30,0.1000,1.0000,0.0000,0.0000,w2_bures,1,23,0.4989,31,19.0129,521.0877,285,29,80,7.8919,4.7084,22.7314,24.8027,0,7.0000,0.5125
2815029328,SHMPC_Bandit,high_switch,30,0.1000,1.0000,0.0000,0.0000,w2_bures,1,20,0.5502,31,17.8973,409.1961,340,43,80,9.1093,5.4872,23.7407,34.6851,0,7.0000,0.5625
2815030328,SHMPC_Bandit,high_switch,30,0.1000,1.0000,0.0000,0.0000,w2_bures,0,-1,1.1601,16,20.0996,763.7654,536,27,80,6.5192,4.1317,22.0481,26.6839,0,7.0000,1.1760
2815031328,SHMPC_Bandit,high_switch,30,0.1000,1.0000,0.0000,0.0000,w2_bures,0,-1,1.2091,20,2.4944,85.6460,117,28,80,9.4063,6.4483,24.7625,26.6035,0,7.0000,1.2117
2815032328,SHMPC_Bandit,high_switch,30,0.1000,1.0000,0.0000,0.0000,w2_bures,1,30,0.7762,37,2.8338,95.2650,137,28,80,10.3122,6.2328,26.0777,29.5669,0,7.0000,0.7977
2815033328,SHMPC_Bandit,high_switch,30,0.1000,1.0000,0.0000,0.0000,w2_bures,0,-1,0.9179,35,19.3356,525.8568,314,35,80,9.4185,6.3391,27.1120,42.6035,0,7.0000,0.9499
2531800908,SHMPC_Certificate,high_switch,30,0.1000,1.0000,0.0000,0.0000,w2_bures,0,-1,0.9595,12,3.8652,114.9490,146,32,80,9.8902,6.6702,31.1721,42.4661,0,7.0000,0.9736
2531801908,SHMPC_Certificate,high_switch,30,0.1000,1.0000,0.0000,0.0000,w2_bures,1,19,0.2574,29,19.2645,485.2990,380,25,80,8.2433,6.0019,23.0492,24.4407,0,7.0000,0.2955
2531802908,SHMPC_Certificate,high_switch,30,0.1000,1.0000,0.0000,0.0000,w2_bures,0,-1,0.9045,20,6.2666,207.6816,181,16,80,6.5224,4.2558,16.0786,23.3132,0,7.0000,0.9459
2531803908,SHMPC_Certificate,high_switch,30,0.1000,1.0000,0.0000,0.0000,w2_bures,0,-1,1.1517,14,17.3429,382.1255,291,20,80,4.7530,3.4740,12.0500,12.6605,0,7.0000,1.1553
2531804908,SHMPC_Certificate,high_switch,30,0.1000,1.0000,0.0000,0.0000,w2_bures,1,25,0.8255,29,10.2092,244.8714,249,28,80,4.7478,3.4288,12.6969,15.7544,0,7.0000,0.8277
2531805908,SHMPC_Certificate,high_switch,30,0.1000,1.0000,0.0000,0.0000,w2_bures,1,14,0.3525,28,20.2268,735.6373,466,31,80,4.7794,3.0989,13.3485,15.5026,0,7.0000,0.3875
2531806908,SHMPC_Certificate,high_switch,30,0.1000,1.0000,0.0000,0.0000,w2_bures,1,15,0.4920,24,18.8199,460.0139,402,20,80,6.4384,3.9988,16.9310,24.5558,0,7.0000,0.5071
2531807908,SHMPC_Certificate,high_switch,30,0.1000,1.0000,0.0000,0.0000,w2_bures,0,-1,0.9064,26,2.9761,129.7732,139,29,80,5.8391,4.0732,14.7395,16.6277,0,7.0000,0.9270
2531808908,SHMPC_Certificate,high_switch,30,0.1000,1.0000,0.0000,0.0000,w2_bures,1,22,0.0640,36,8.7605,227.4676,310,19,80,10.1538,6.4637,37.8677,56.3770,0,7.0000,0.1193
2531809908,SHMPC_Certificate,high_switch,30,0.1000,1.0000,0.0000,0.0000,w2_bures,0,-1,1.0447,20,3.2909,131.3117,150,19,80,6.6227,4.3160,15.0908,18.1444,0,7.0000,1.0595
2531810908,SHMPC_Certificate,high_switch,30,0.1000,1.0000,0.0000,0.0000,w2_bures,1,18,0.4005,45,4.3984,122.4409,121,26,80,7.4185,5.2579,20.4128,24.3604,0,7.0000,0.4141
2531811908,SHMPC_Certificate,high_switch,30,0.1000,1.0000,0.0000,0.0000,w2_bures,0,-1,1.1011,14,2.9382,130.2050,119,20,80,7.4596,4.6789,20.1918,24.3976,0,7.0000,1.1419
2531812908,SHMPC_Certificate,high_switch,30,0.1000,1.0000,0.0000,0.0000,w2_bures,1,18,0.7761,30,4.2341,141.7604,145,22,80,8.7017,5.6574,20.5490,24.2059,0,7.0000,0.7778
2531813908,SHMPC_Certificate,high_switch,30,0.1000,1.0000,0.0000,0.0000,w2_bures,0,-1,1.0596,22,5.5612,142.2080,143,21,80,7.4299,5.1316,19.7216,27.1503,0,7.0000,1.0812
2531814908,SHMPC_Certificate,high_switch,30,0.1000,1.0000,0.0000,0.0000,w2_bures,1,18,0.0614,43,11.0572,256.1069,265,26,80,8.2218,5.5584,20.9122,23.0155,0,7.0000,0.1429
2531815908,SHMPC_Certificate,high_switch,30,0.1000,1.0000,0.0000,0.0000,w2_bures,0,-1,1.1514,19,3.3407,132.4425,107,34,80,6.3026,4.2913,13.9683,20.2767,0,7.0000,1.1626
2531816908,SHMPC_Certificate,high_switch,30,0.1000,1.0000,0.0000,0.0000,w2_bures,1,19,0.0546,30,17.6771,446.6739,282,33,80,9.4692,5.9296,25.9883,46.2632,0,7.0000,0.1017
2531817908,SHMPC_Certificate,high_switch,30,0.1000,1.0000,0.0000,0.0000,w2_bures,0,-1,0.8786,23,2.4958,85.7732,110,17,80,15.2773,11.6774,42.1848,71.1102,0,7.0000,0.8881
2531818908,SHMPC_Certificate,high_switch,30,0.1000,1.0000,0.0000,0.0000,w2_bures,0,-1,0.9631,16,10.5214,209.8709,288,24,80,9.4093,5.2919,31.8159,48.0629,0,7.0000,1.0017
2531819908,SHMPC_Certificate,high_switch,30,0.1000,1.0000,0.0000,0.0000,w2_bures,1,16,0.5992,23,20.2471,762.5816,417,36,80,5.1337,3.7757,16.1683,20.8077,0,7.0000,0.6161
2531820908,SHMPC_Certificate,high_switch,30,0.1000,1.0000,0.0000,0.0000,w2_bures,0,-1,0.9362,25,3.8280,153.4719,185,20,80,6.2826,4.3545,11.9019,17.2737,0,7.0000,0.9507
2531821908,SHMPC_Certificate,high_switch,30,0.1000,1.0000,0.0000,0.0000,w2_bures,1,25,0.7863,27,3.6657,159.2688,177,23,80,6.2116,4.0325,14.1323,16.8201,0,7.0000,0.7905
2531822908,SHMPC_Certificate,high_switch,30,0.1000,1.0000,0.0000,0.0000,w2_bures,1,17,0.6485,24,20.0859,768.7049,562,23,80,5.4137,3.9267,21.2394,22.7702,0,7.0000,0.6726
2531823908,SHMPC_Certificate,high_switch,30,0.1000,1.0000,0.0000,0.0000,w2_bures,1,15,0.7624,44,14.5380,282.1356,290,36,80,6.3116,4.2461,17.2523,20.6565,0,7.0000,0.7742
2531824908,SHMPC_Certificate,high_switch,30,0.1000,1.0000,0.0000,0.0000,w2_bures,1,29,0.7999,37,8.3792,233.0709,197,30,80,5.5767,3.7984,14.2331,15.3757,0,7.0000,0.8247
2531825908,SHMPC_Certificate,high_switch,30,0.1000,1.0000,0.0000,0.0000,w2_bures,1,15,0.5633,38,12.1546,229.6314,202,26,80,5.8331,4.0303,16.4477,24.1197,0,7.0000,0.5692
2531826908,SHMPC_Certificate,high_switch,30,0.1000,1.0000,0.0000,0.0000,w2_bures,1,19,0.1182,31,14.4054,304.7289,269,20,80,7.5410,5.0523,22.4495,24.9157,0,7.0000,0.1476
2531827908,SHMPC_Certificate,high_switch,30,0.1000,1.0000,0.0000,0.0000,w2_bures,0,-1,0.9100,18,3.3645,139.8601,135,22,80,7.6002,5.0839,19.7970,20.9709,0,7.0000,0.9326
2531828908,SHMPC_Certificate,high_switch,30,0.1000,1.0000,0.0000,0.0000,w2_bures,0,-1,1.0471,20,2.8321,137.1632,174,17,80,6.5847,4.6303,15.6698,17.4044,0,7.0000,1.0674
2531829908,SHMPC_Certificate,high_switch,30,0.1000,1.0000,0.0000,0.0000,w2_bures,1,18,0.4427,25,20.2650,780.0741,367,21,80,4.9290,3.2055,15.1524,23.4861,0,7.0000,0.4841
1867542634,SHMPC_Compiler,high_switch,30,0.1000,1.0000,0.0000,0.0000,w2_bures,0,-1,0.9855,39,15.3440,308.7495,490,8,80,8.8375,10.7727,15.5280,21.0909,0,7.0000,0.9937
1867543634,SHMPC_Compiler,high_switch,30,0.1000,1.0000,0.0000,0.0000,w2_bures,0,-1,1.1130,16,19.8397,536.9685,605,12,80,6.6361,4.1430,15.2459,22.1626,0,7.0000,1.1164
1867544634,SHMPC_Compiler,high_switch,30,0.1000,1.0000,0.0000,0.0000,w2_bures,1,41,0.1877,72,2.9084,95.8252,103,5,80,7.2795,9.0101,15.8977,16.8845,0,7.0000,0.2084
1867545634,SHMPC_Compiler,high_switch,30,0.1000,1.0000,0.0000,0.0000,w2_bures,0,-1,1.0692,17,17.5963,440.8550,467,12,80,7.1718,4.0413,21.8450,24.5559,0,7.0000,1.2509
1867546634,SHMPC_Compiler,high_switch,30,0.1000,1.0000,0.0000,0.0000,w2_bures,1,31,0.6531,41,4.2123,160.0442,110,11,80,7.8629,4.2553,14.9911,16.0849,0,7.0000,0.6625
1867547634,SHMPC_Compiler,high_switch,30,0.1000,1.0000,0.0000,0.0000,w2_bures,0,-1,1.3723,13,20.0996,803.6336,1215,15,80,4.6963,4.4249,12.5488,13.5842,0,7.0000,1.3979
1867548634,SHMPC_Compiler,high_switch,30,0.1000,1.0000,0.0000,0.0000,w2_bures,0,-1,0.9043,16,12.9700,231.2298,449,8,80,8.9945,11.8011,15.9623,17.8346,0,7.0000,0.9267
1867549634,SHMPC_Compiler,high_switch,30,0.1000,1.0000,0.0000,0.0000,w2_bures,0,-1,0.9483,25,14.6572,281.0062,449,6,80,7.5255,5.2244,14.8882,15.7194,0,7.0000,0.9519
1867550634,SHMPC_Compiler,high_switch,30,0.1000,1.0000,0.0000,0.0000,w2_bures,1,23,0.4732,34,8.6776,227.5113,304,13,80,7.5981,4.4355,15.7969,20.5836,0,7.0000,0.4837
1867551634,SHMPC_Compiler,high_switch,30,0.1000,1.0000,0.0000,0.0000,w2_bures,0,-1,0.9640,25,9.5871,200.8500,246,4,80,7.6983,4.7623,14.1569,15.4656,0,7.0000,0.9660
1867552634,SHMPC_Compiler,high_switch,30,0.1000,1.0000,0.0000,0.0000,w2_bures,1,22,0.2536,40,16.0495,334.1713,622,11,80,9.0640,10.1386,16.4628,17.7115,0,7.0000,0.2938
1867553634,SHMPC_Compiler,high_switch,30,0.1000,1.0000,0.0000,0.0000,w2_bures,1,15,0.4098,23,20.0981,564.3054,837,5,80,8.1237,5.2512,18.0501,23.3112,0,7.0000,0.4409
1867554634,SHMPC_Compiler,high_switch,30,0.1000,1.0000,0.0000,0.0000,w2_bures,0,-1,1.0121,14,16.1005,333.4878,551,8,80,9.8194,11.2434,18.6188,23.6206,0,7.0000,1.0208
1867555634,SHMPC_Compiler,high_switch,30,0.1000,1.0000,0.0000,0.0000,w2_bures,1,29,0.8260,32,17.2963,383.6990,634,8,80,8.2430,8.6473,16.3259,23.7314,0,7.0000,0.8345
1867556634,SHMPC_Compiler,high_switch,30,0.1000,1.0000,0.0000,0.0000,w2_bures,0,-1,1.3504,13,20.1091,778.6322,994,13,80,4.5145,3.8986,12.3752,13.9256,0,7.0000,1.3709
1867557634,SHMPC_Compiler,high_switch,30,0.1000,1.0000,0.0000,0.0000,w2_bures,0,-1,1.1114,20,17.1074,421.6985,519,10,80,7.7221,8.1603,13.4954,17.6220,0,7.0000,1.1391
1867558634,SHMPC_Compiler,high_switch,30,0.1000,1.0000,0.0000,0.0000,w2_bures,0,-1,0.8593,36,9.6093,201.2857,349,10,80,9.8633,12.4390,17.6339,19.7544,0,7.0000,0.8613
1867559634,SHMPC_Compiler,high_switch,30,0.1000,1.0000,0.0000,0.0000,w2_bures,1,33,0.8483,34,11.8522,265.5290,522,10,80,8.8123,7.5832,17.8301,19.7771,0,7.0000,0.8543
1867560634,SHMPC_Compiler,high_switch,30,0.1000,1.0000,0.0000,0.0000,w2_bures,0,-1,1.2924,14,20.1149,765.2965,1156,11,80,5.5774,4.4844,15.3753,19.8180,0,7.0000,1.3605
1867561634,SHMPC_Compiler,high_switch,30,0.1000,1.0000,0.0000,0.0000,w2_bures,0,-1,1.0480,36,4.3915,124.5909,138,15,80,8.1320,10.4404,13.5707,15.5549,0,7.0000,1.0652
1867562634,SHMPC_Compiler,high_switch,30,0.1000,1.0000,0.0000,0.0000,w2_bures,0,-1,1.3312,17,20.1037,772.7993,1050,10,80,6.0628,4.2157,15.5311,20.7417,0,7.0000,1.3416
1867563634,SHMPC_Compiler,high_switch,30,0.1000,1.0000,0.0000,0.0000,w2_bures,0,-1,0.9998,20,2.8975,94.8906,42,10,80,8.9635,11.5523,17.2691,19.2856,0,7.0000,1.0279
1867564634,SHMPC_Compiler,high_switch,30,0.1000,1.0000,0.0000,0.0000,w2_bures,0,-1,1.0860,14,20.4420,742.2904,807,2,80,6.8960,4.7552,14.3447,17.8518,0,7.0000,1.1082
1867565634,SHMPC_Compiler,high_switch,30,0.1000,1.0000,0.0000,0.0000,w2_bures,0,-1,1.3112,16,20.1116,767.1521,878,11,80,5.2354,4.0930,14.8452,15.8894,0,7.0000,1.3186
1867566634,SHMPC_Compiler,high_switch,30,0.1000,1.0000,0.0000,0.0000,w2_bures,0,-1,3.0229,79,-2.7665,1160.8087,1156,13,80,8.2586,8.0420,18.0487,20.5916,0,7.0000,3.1792
1867567634,SHMPC_Compiler,high_switch,30,0.1000,1.0000,0.0000,0.0000,w2_bures,0,-1,0.9059,32,3.3187,140.4414,87,14,80,8.5127,10.6960,18.7394,21.7947,0,7.0000,0.9288
1867568634,SHMPC_Compiler,high_switch,30,0.1000,1.0000,0.0000,0.0000,w2_bures,1,26,0.8357,27,2.1115,75.7690,53,5,80,8.3215,11.5737,15.0505,16.6182,0,7.0000,0.8525
1867569634,SHMPC_Compiler,high_switch,30,0.1000,1.0000,0.0000,0.0000,w2_bures,0,-1,1.0482,13,9.6083,201.9815,325,8,80,8.1536,10.2135,13.6684,15.9436,0,7.0000,1.0542
1867570634,SHMPC_Compiler,high_switch,30,0.1000,1.0000,0.0000,0.0000,w2_bures,0,-1,1.1096,12,20.5371,639.6584,586,4,80,5.5352,3.2243,15.2430,19.1710,0,7.0000,1.1231
1867571634,SHMPC_Compiler,high_switch,30,0.1000,1.0000,0.0000,0.0000,w2_bures,0,-1,0.9549,44,15.3407,309.2770,526,10,80,7.7563,7.8791,15.5955,18.3407,0,7.0000,0.9637
2516522784,CertificateFirst,high_switch,30,0.1000,1.0000,0.0000,0.0000,w2_bures,0,-1,0.8623,25,2.3693,78.9508,112,18,80,8.5582,5.8307,23.3674,28.5742,0,7.0000,0.8675
2516523784,CertificateFirst,high_switch,30,0.1000,1.0000,0.0000,0.0000,w2_bures,0,-1,0.9869,25,17.8810,408.3556,438,25,80,5.1348,3.7601,14.1322,15.8524,0,7.0000,0.9961
2516524784,CertificateFirst,high_switch,30,0.1000,1.0000,0.0000,0.0000,w2_bures,1,15,0.8002,24,12.9532,231.0382,211,22,80,6.3778,4.9024,17.7401,20.6336,0,7.0000,0.8050
2516525784,CertificateFirst,high_switch,30,0.1000,1.0000,0.0000,0.0000,w2_bures,0,-1,0.9833,18,20.5067,732.0470,425,26,80,4.1656,2.7923,11.7030,22.8797,0,7.0000,1.0040
2516526784,CertificateFirst,high_switch,30,0.1000,1.0000,0.0000,0.0000,w2_bures,0,-1,1.0977,23,20.2298,749.6385,539,21,80,5.2940,4.0466,18.2136,19.4150,0,7.0000,1.0984
2516527784,CertificateFirst,high_switch,30,0.1000,1.0000,0.0000,0.0000,w2_bures,0,-1,1.0860,16,20.1132,774.5485,596,30,80,4.5099,3.4737,14.7073,17.0327,0,7.0000,1.1521
2516528784,CertificateFirst,high_switch,30,0.1000,1.0000,0.0000,0.0000,w2_bures,1,19,0.7321,25,15.1081,340.6121,288,16,80,6.4951,4.1048,15.9160,18.6772,0,7.0000,0.7616
2516529784,CertificateFirst,high_switch,30,0.1000,1.0000,0.0000,0.0000,w2_bures,0,-1,1.1151,16,15.2339,347.3548,360,25,80,4.1321,2.7879,10.3896,13.6841,0,7.0000,1.2398
2516530784,CertificateFirst,high_switch,30,0.1000,1.0000,0.0000,0.0000,w2_bures,0,-1,1.1691,20,3.4607,138.7238,117,24,80,4.3652,3.1885,11.3552,12.7023,0,7.0000,1.1725
2516531784,CertificateFirst,high_switch,30,0.1000,1.0000,0.0000,0.0000,w2_bures,1,20,0.7812,24,12.6708,274.5319,356,23,80,5.1455,3.2650,13.3867,15.0758,0,7.0000,0.8003
2516532784,CertificateFirst,high_switch,30,0.1000,1.0000,0.0000,0.0000,w2_bures,1,16,0.3080,27,17.8692,409.4425,248,28,80,5.6059,3.7515,15.8619,16.5896,0,7.0000,0.3332
2516533784,CertificateFirst,high_switch,30,0.1000,1.0000,0.0000,0.0000,w2_bures,0,-1,0.9226,15,4.3946,123.8981,120,27,80,5.4400,3.6083,14.1861,17.2472,0,7.0000,0.9448
2516534784,CertificateFirst,high_switch,30,0.1000,1.0000,0.0000,0.0000,w2_bures,1,17,0.4179,30,3.6751,109.0716,147,19,80,6.4373,4.2597,14.1216,20.6341,0,7.0000,0.4243
2516535784,CertificateFirst,high_switch,30,0.1000,1.0000,0.0000,0.0000,w2_bures,0,-1,1.0663,13,20.1113,772.3064,769,19,80,3.7353,3.3213,9.0154,11.2430,0,7.0000,1.1390
2516536784,CertificateFirst,high_switch,30,0.1000,1.0000,0.0000,0.0000,w2_bures,0,-1,1.0165,14,13.3444,250.2051,362,23,80,5.6787,3.9091,14.2698,15.6284,0,7.0000,1.0394
2516537784,CertificateFirst,high_switch,30,0.1000,1.0000,0.0000,0.0000,w2_bures,1,24,0.7903,27,3.2512,149.9156,178,21,80,5.9659,3.9793,16.3535,22.4351,0,7.0000,0.7997
2516538784,CertificateFirst,high_switch,30,0.1000,1.0000,0.0000,0.0000,w2_bures,1,23,0.4002,40,3.7695,151.8164,213,26,80,7.3994,5.0501,16.9202,18.8582,0,7.0000,0.4229
2516539784,CertificateFirst,high_switch,30,0.1000,1.0000,0.0000,0.0000,w2_bures,0,-1,1.1316,12,8.1776,181.7771,168,34,80,5.0334,3.6269,13.0519,16.9444,0,7.0000,1.1700
2516540784,CertificateFirst,high_switch,30,0.1000,1.0000,0.0000,0.0000,w2_bures,0,-1,1.1982,17,20.4410,679.3828,379,21,80,4.5630,2.8964,12.8002,14.4903,0,7.0000,1.2225
2516541784,CertificateFirst,high_switch,30,0.1000,1.0000,0.0000,0.0000,w2_bures,0,-1,1.0022,17,20.4838,646.0180,458,29,80,4.9363,3.8344,13.3334,15.2996,0,7.0000,1.1043
2516542784,CertificateFirst,high_switch,30,0.1000,1.0000,0.0000,0.0000,w2_bures,1,22,0.1652,34,12.7379,273.6086,298,28,80,8.7010,5.0239,19.8422,22.9032,0,7.0000,0.1974
2516543784,CertificateFirst,high_switch,30,0.1000,1.0000,0.0000,0.0000,w2_bures,1,27,0.8377,30,5.5399,142.7023,126,23,80,7.5461,5.2318,18.7219,21.6533,0,7.0000,0.8409
2516544784,CertificateFirst,high_switch,30,0.1000,1.0000,0.0000,0.0000,w2_bures,0,-1,1.0864,16,20.4515,613.7666,470,19,80,5.5657,3.8511,18.2073,25.2561,0,7.0000,1.0873
2516545784,CertificateFirst,high_switch,30,0.1000,1.0000,0.0000,0.0000,w2_bures,1,18,0.3107,45,2.3080,78.8856,105,21,80,6.7775,4.8264,16.4455,25.1334,0,7.0000,0.3338
2516546784,CertificateFirst,high_switch,30,0.1000,1.0000,0.0000,0.0000,w2_bures,0,-1,0.9658,23,20.0758,625.4853,396,20,80,5.4404,3.9856,14.3845,18.9819,0,7.0000,0.9676
2516547784,CertificateFirst,high_switch,30,0.1000,1.0000,0.0000,0.0000,w2_bures,0,-1,0.9171,18,11.8876,264.1143,294,32,80,7.2221,4.9889,19.9169,21.1980,0,7.0000,0.9304
2516548784,CertificateFirst,high_switch,30,0.1000,1.0000,0.0000,0.0000,w2_bures,1,18,0.3858,37,3.2472,133.5856,148,19,80,7.8582,6.6045,15.0070,31.2795,0,7.0000,0.4038
2516549784,CertificateFirst,high_switch,30,0.1000,1.0000,0.0000,0.0000,w2_bures,0,-1,0.9695,17,18.6377,499.2751,392,23,80,4.7718,3.4984,11.8057,12.9292,0,7.0000,1.0031
2516550784,CertificateFirst,high_switch,30,0.1000,1.0000,0.0000,0.0000,w2_bures,0,-1,1.3806,26,20.0983,932.5920,841,19,80,5.0219,3.4624,12.5711,18.5344,0,7.0000,1.4252
2516551784,CertificateFirst,high_switch,30,0.1000,1.0000,0.0000,0.0000,w2_bures,0,-1,1.0114,20,2.4871,86.2899,111,24,80,6.4214,3.9870,14.9020,20.3063,0,7.0000,1.0313
2123590209,ScenarioCompiler,high_switch,30,0.1000,1.0000,0.0000,0.0000,w2_bures,1,23,0.7696,29,20.5903,666.1727,844,10,80,8.2682,5.7829,17.8324,18.7397,0,7.0000,0.7890
2123591209,ScenarioCompiler,high_switch,30,0.1000,1.0000,0.0000,0.0000,w2_bures,0,-1,1.0515,21,5.4523,144.0076,244,11,80,9.2873,11.7315,19.3036,21.8405,0,7.0000,1.0730
2123592209,ScenarioCompiler,high_switch,30,0.1000,1.0000,0.0000,0.0000,w2_bures,0,-1,0.8875,24,20.3121,598.2806,810,3,80,9.9995,7.2588,21.5257,23.9359,0,7.0000,0.9045
2123593209,ScenarioCompiler,high_switch,30,0.1000,1.0000,0.0000,0.0000,w2_bures,0,-1,1.3873,14,2.9123,95.4720,156,10,80,9.9614,12.5911,18.3676,19.2544,0,7.0000,1.4331
2123594209,ScenarioCompiler,high_switch,30,0.1000,1.0000,0.0000,0.0000,w2_bures,0,-1,1.1885,15,3.2515,140.7689,155,13,80,13.2707,8.0719,29.7810,32.3992,0,7.0000,1.2349
2123595209,ScenarioCompiler,high_switch,30,0.1000,1.0000,0.0000,0.0000,w2_bures,1,57,0.7824,61,2.3654,86.6977,90,12,80,9.8860,13.7789,20.0390,23.9842,0,7.0000,0.7973
2123596209,ScenarioCompiler,high_switch,30,0.1000,1.0000,0.0000,0.0000,w2_bures,0,-1,1.0578,27,2.8374,95.8988,134,10,80,8.0914,10.6242,15.1985,16.6883,0,7.0000,1.0751
2123597209,ScenarioCompiler,high_switch,30,0.1000,1.0000,0.0000,0.0000,w2_bures,0,-1,0.9007,23,2.8637,95.5197,112,8,80,9.0055,11.5219,20.9957,25.2026,0,7.0000,0.9441
2123598209,ScenarioCompiler,high_switch,30,0.1000,1.0000,0.0000,0.0000,w2_bures,0,-1,1.0081,13,2.4388,86.4429,112,3,80,8.3398,11.3772,14.5144,15.8028,0,7.0000,1.0134
2123599209,ScenarioCompiler,high_switch,30,0.1000,1.0000,0.0000,0.0000,w2_bures,0,-1,1.0179,42,3.3312,140.4853,112,9,80,8.0077,7.4032,17.9342,21.3583,0,7.0000,1.0219
2123600209,ScenarioCompiler,high_switch,30,0.1000,1.0000,0.0000,0.0000,w2_bures,0,-1,1.2332,26,6.0930,187.0088,242,7,80,8.5004,11.2708,16.2627,20.7983,0,7.0000,1.2545
2123601209,ScenarioCompiler,high_switch,30,0.1000,1.0000,0.0000,0.0000,w2_bures,0,-1,1.3514,13,20.1074,769.8884,785,15,80,4.4160,3.5068,12.1226,13.9582,0,7.0000,1.4291
2123602209,ScenarioCompiler,high_switch,30,0.1000,1.0000,0.0000,0.0000,w2_bures,0,-1,1.4182,11,20.1010,762.7765,1348,9,80,5.2839,4.7262,12.9869,21.8950,0,7.0000,1.4746
2123603209,ScenarioCompiler,high_switch,30,0.1000,1.0000,0.0000,0.0000,w2_bures,0,-1,1.3287,17,20.1115,765.9325,947,12,80,5.1095,4.4446,13.0576,15.1118,0,7.0000,1.3705
2123604209,ScenarioCompiler,high_switch,30,0.1000,1.0000,0.0000,0.0000,w2_bures,0,-1,1.3665,28,18.8419,460.3119,639,4,80,7.6984,9.1483,12.6937,15.8115,0,7.0000,1.3903
2123605209,ScenarioCompiler,high_switch,30,0.1000,1.0000,0.0000,0.0000,w2_bures,0,-1,1.1297,16,9.5149,235.5207,283,12,80,7.9323,5.3319,17.2029,17.9229,0,7.0000,1.1734
2123606209,ScenarioCompiler,high_switch,30,0.1000,1.0000,0.0000,0.0000,w2_bures,0,-1,1.1480,14,16.6710,360.6806,360,12,80,9.7807,6.7211,24.1427,25.9109,0,7.0000,1.2004
2123607209,ScenarioCompiler,high_switch,30,0.1000,1.0000,0.0000,0.0000,w2_bures,0,-1,1.1790,11,20.1069,770.1109,940,4,80,6.7577,5.3027,17.4948,23.1635,0,7.0000,1.2154
2123608209,ScenarioCompiler,high_switch,30,0.1000,1.0000,0.0000,0.0000,w2_bures,0,-1,1.0179,28,11.8650,265.0450,365,6,80,9.2993,7.6229,17.6628,20.4683,0,7.0000,1.0206
2123609209,ScenarioCompiler,high_switch,30,0.1000,1.0000,0.0000,0.0000,w2_bures,0,-1,1.1763,11,2.9160,95.1359,86,10,80,9.4472,13.3249,18.7733,23.1077,0,7.0000,1.2258
2123610209,ScenarioCompiler,high_switch,30,0.1000,1.0000,0.0000,0.0000,w2_bures,1,16,0.5005,24,20.2656,752.3503,808,6,80,7.5204,5.0335,16.1729,25.3005,0,7.0000,0.5384
2123611209,ScenarioCompiler,high_switch,30,0.1000,1.0000,0.0000,0.0000,w2_bures,0,-1,0.9302,19,10.4787,211.1007,298,8,80,10.1801,12.9003,18.8811,20.8795,0,7.0000,0.9327
2123612209,ScenarioCompiler,high_switch,30,0.1000,1.0000,0.0000,0.0000,w2_bures,0,-1,0.9644,28,20.4137,612.1675,537,13,80,7.1173,4.3560,17.0248,19.5964,0,7.0000,0.9910
2123613209,ScenarioCompiler,high_switch,30,0.1000,1.0000,0.0000,0.0000,w2_bures,0,-1,0.8728,40,17.8543,409.8040,513,11,80,6.8274,4.9528,13.9133,16.8743,0,7.0000,0.8871
2123614209,ScenarioCompiler,high_switch,30,0.1000,1.0000,0.0000,0.0000,w2_bures,1,19,0.1670,32,19.1996,490.5185,719,3,80,9.5903,7.0684,18.5012,22.3902,0,7.0000,0.2074
2123615209,ScenarioCompiler,high_switch,30,0.1000,1.0000,0.0000,0.0000,w2_bures,1,19,0.6608,30,17.2339,385.8754,643,4,80,8.5801,8.1374,15.3905,16.4927,0,7.0000,0.6826
2123616209,ScenarioCompiler,high_switch,30,0.1000,1.0000,0.0000,0.0000,w2_bures,0,-1,1.4306,16,20.1035,797.6009,967,17,80,5.1286,4.4827,10.6168,20.9880,0,7.0000,1.5105
2123617209,ScenarioCompiler,high_switch,30,0.1000,1.0000,0.0000,0.0000,w2_bures,0,-1,1.2775,17,10.4564,210.8725,391,14,80,7.7052,5.3011,16.1928,21.6261,0,7.0000,1.2982
2123618209,ScenarioCompiler,high_switch,30,0.1000,1.0000,0.0000,0.0000,w2_bures,0,-1,0.9512,32,20.4124,613.7730,812,9,80,6.7265,6.0183,12.6297,14.5880,0,7.0000,0.9878
2123619209,ScenarioCompiler,high_switch,30,0.1000,1.0000,0.0000,0.0000,w2_bures,0,-1,0.9758,32,13.8479,256.1824,417,14,80,8.4139,5.4807,19.2011,21.4816,0,7.0000,0.9915
1487968605,SHMPC,rare_heavy,30,0.1000,1.0000,0.0000,0.0000,w2_bures,0,-1,1.1141,13,20.1137,775.1938,661,18,80,4.0926,2.7510,13.6550,16.3548,0,7.0000,1.1861
1487969605,SHMPC,rare_heavy,30,0.1000,1.0000,0.0000,0.0000,w2_bures,0,-1,1.2894,12,20.1089,775.7305,684,13,80,3.7814,2.3707,12.0722,17.7941,0,7.0000,1.3372
1487970605,SHMPC,rare_heavy,30,0.1000,1.0000,0.0000,0.0000,w2_bures,0,-1,1.0873,16,19.6365,524.5694,411,16,80,4.8328,3.2875,13.4712,15.8677,0,7.0000,1.1331
1487971605,SHMPC,rare_heavy,30,0.1000,1.0000,0.0000,0.0000,w2_bures,0,-1,1.1349,18,20.1581,782.6129,453,17,80,3.9816,2.9257,13.1130,17.7862,0,7.0000,1.1517
1487972605,SHMPC,rare_heavy,30,0.1000,1.0000,0.0000,0.0000,w2_bures,1,16,0.6400,24,14.6019,282.1193,246,15,80,6.3727,4.2924,14.9468,18.0670,0,7.0000,0.6473
1487973605,SHMPC,rare_heavy,30,0.1000,1.0000,0.0000,0.0000,w2_bures,1,29,0.7928,32,16.0922,332.0076,177,11,80,4.2977,3.2288,13.2687,15.2285,0,7.0000,0.8167
1487974605,SHMPC,rare_heavy,30,0.1000,1.0000,0.0000,0.0000,w2_bures,1,24,0.6727,53,3.2842,139.7974,137,33,80,5.3551,3.5657,13.3133,17.5086,0,7.0000,0.6961
1487975605,SHMPC,rare_heavy,30,0.1000,1.0000,0.0000,0.0000,w2_bures,1,14,0.1783,22,20.1068,768.6581,457,32,80,4.8428,3.3668,15.8932,18.5325,0,7.0000,0.2795
1487976605,SHMPC,rare_heavy,30,0.1000,1.0000,0.0000,0.0000,w2_bures,1,15,0.6452,21,16.0648,334.5289,316,18,80,5.7542,4.0798,18.7347,22.2770,0,7.0000,0.6568
1487977605,SHMPC,rare_heavy,30,0.1000,1.0000,0.0000,0.0000,w2_bures,0,-1,1.2701,14,20.1114,780.2796,620,21,80,3.9985,2.6953,11.6693,23.8369,0,7.0000,1.3267
1487978605,SHMPC,rare_heavy,30,0.1000,1.0000,0.0000,0.0000,w2_bures,0,-1,1.1589,27,12.1365,228.7366,210,9,80,4.9339,3.5759,12.1326,13.6712,0,7.0000,1.1670
1487979605,SHMPC,rare_heavy,30,0.1000,1.0000,0.0000,0.0000,w2_bures,0,-1,1.0769,22,20.3986,797.2908,643,17,80,4.8664,4.1099,12.3314,16.0574,0,7.0000,1.0925
1487980605,SHMPC,rare_heavy,30,0.1000,1.0000,0.0000,0.0000,w2_bures,0,-1,1.3182,17,20.0386,571.9064,308,22,80,4.1355,3.1137,11.4573,15.0060,0,7.0000,1.3451
1487981605,SHMPC,rare_heavy,30,0.1000,1.0000,0.0000,0.0000,w2_bures,1,20,0.3484,44,3.1350,140.0778,165,9,80,6.6529,5.0275,15.6136,24.7918,0,7.0000,0.3687
1487982605,SHMPC,rare_heavy,30,0.1000,1.0000,0.0000,0.0000,w2_bures,0,-1,1.1808,15,20.1124,781.9325,579,26,80,4.0037,3.1591,12.5080,18.8000,0,7.0000,1.2077
1487983605,SHMPC,rare_heavy,30,0.1000,1.0000,0.0000,0.0000,w2_bures,0,-1,1.2407,15,20.1048,788.8548,444,11,80,4.5840,3.0735,17.5058,20.2668,0,7.0000,1.2661
1487984605,SHMPC,rare_heavy,30,0.1000,1.0000,0.0000,0.0000,w2_bures,1,17,0.1480,23,20.0838,790.2654,721,15,80,4.8606,4.2751,12.3804,17.4487,0,7.0000,0.2851
1487985605,SHMPC,rare_heavy,30,0.1000,1.0000,0.0000,0.0000,w2_bures,0,-1,1.1760,20,20.1081,805.0972,624,24,80,3.8401,2.9695,11.9340,14.6023,0,7.0000,1.1964
1487986605,SHMPC,rare_heavy,30,0.1000,1.0000,0.0000,0.0000,w2_bures,0,-1,1.2445,21,20.1526,786.9865,557,18,80,4.1997,3.3569,12.3831,16.3773,0,7.0000,1.2546
1487987605,SHMPC,rare_heavy,30,0.1000,1.0000,0.0000,0.0000,w2_bures,0,-1,1.4295,16,20.1014,799.6046,712,21,80,3.5753,2.6366,10.7466,12.2777,0,7.0000,1.4809
1487988605,SHMPC,rare_heavy,30,0.1000,1.0000,0.0000,0.0000,w2_bures,1,14,0.2288,22,20.1475,759.4897,541,3,80,4.3161,3.5470,12.1574,14.8395,0,7.0000,0.3055
1487989605,SHMPC,rare_heavy,30,0.1000,1.0000,0.0000,0.0000,w2_bures,0,-1,1.2283,18,20.3391,767.2172,474,16,80,4.2928,2.9739,10.7758,14.8205,0,7.0000,1.2853
1487990605,SHMPC,rare_heavy,30,0.1000,1.0000,0.0000,0.0000,w2_bures,0,-1,1.2173,13,20.1195,766.8319,532,12,80,3.7297,2.8982,11.2671,13.3014,0,7.0000,1.2539
1487991605,SHMPC,rare_heavy,30,0.1000,1.0000,0.0000,0.0000,w2_bures,0,-1,1.1802,10,20.1122,771.7506,650,26,80,4.2056,3.1585,12.2383,15.4620,0,7.0000,1.2009
1487992605,SHMPC,rare_heavy,30,0.1000,1.0000,0.0000,0.0000,w2_bures,0,-1,1.2671,14,20.1946,750.5195,464,16,80,3.8926,2.8096,12.0921,19.9703,0,7.0000,1.2872
1487993605,SHMPC,rare_heavy,30,0.1000,1.0000,0.0000,0.0000,w2_bures,0,-1,1.3142,17,20.1154,800.4092,606,15,80,3.1655,2.8321,7.7068,15.6494,0,7.0000,1.3653
1487994605,SHMPC,rare_heavy,30,0.1000,1.0000,0.0000,0.0000,w2_bures,0,-1,1.3187,19,20.1053,791.9818,605,16,80,3.5912,2.4660,11.2843,16.2644,0,7.0000,1.3575
1487995605,SHMPC,rare_heavy,30,0.1000,1.0000,0.0000,0.0000,w2_bures,1,29,0.6414,59,2.9614,121.9968,137,12,80,4.5821,3.3005,12.3328,14.3212,0,7.0000,0.6561
1487996605,SHMPC,rare_heavy,30,0.1000,1.0000,0.0000,0.0000,w2_bures,0,-1,1.2555,12,20.1123,773.2258,561,16,80,3.0745,2.6112,8.8870,11.0257,0,7.0000,1.2945
1487997605,SHMPC,rare_heavy,30,0.1000,1.0000,0.0000,0.0000,w2_bures,0,-1,1.2707,15,3.8156,146.9018,152,13,80,5.1015,3.7600,11.9703,12.9960,0,7.0000,1.3204
3536811447,SHMPC_DRO,rare_heavy,30,0.1000,1.0000,0.0000,0.0000,w2_bures,0,-1,1.3893,17,20.1107,813.5593,562,17,80,3.8254,2.6871,11.3194,13.4661,9,7.0000,1.4156
3536812447,SHMPC_DRO,rare_heavy,30,0.1000,1.0000,0.0000,0.0000,w2_bures,0,-1,1.1887,12,20.1073,771.2484,607,18,80,3.7803,2.7050,11.1268,14.6632,5,7.0000,1.2604
3536813447,SHMPC_DRO,rare_heavy,30,0.1000,1.0000,0.0000,0.0000,w2_bures,0,-1,1.1162,16,2.8829,130.4279,154,14,80,5.4644,3.8218,13.4549,18.0387,12,7.0000,1.1419
3536814447,SHMPC_DRO,rare_heavy,30,0.1000,1.0000,0.0000,0.0000,w2_bures,1,22,0.8020,27,9.3014,193.0193,243,15,80,4.8978,3.7010,12.2961,12.8534,9,7.0000,0.8076
3536815447,SHMPC_DRO,rare_heavy,30,0.1000,1.0000,0.0000,0.0000,w2_bures,0,-1,1.2220,15,20.1107,765.9369,465,13,80,2.8608,1.8753,8.1927,9.5672,6,7.0000,1.2619
3536816447,SHMPC_DRO,rare_heavy,30,0.1000,1.0000,0.0000,0.0000,w2_bures,0,-1,0.9280,32,10.3636,209.1062,231,18,80,5.3791,3.7807,12.8826,14.1104,10,7.0000,0.9316
3536817447,SHMPC_DRO,rare_heavy,30,0.1000,1.0000,0.0000,0.0000,w2_bures,0,-1,1.1459,12,2.5102,84.6205,73,22,80,6.4760,3.8283,14.3164,15.0819,6,7.0000,1.1894
3536818447,SHMPC_DRO,rare_heavy,30,0.1000,1.0000,0.0000,0.0000,w2_bures,0,-1,1.2880,15,19.4570,552.9083,330,23,80,3.8121,2.8111,11.3431,13.2690,5,7.0000,1.3601
3536819447,SHMPC_DRO,rare_heavy,30,0.1000,1.0000,0.0000,0.0000,w2_bures,0,-1,1.2408,13,20.1106,761.9391,692,13,80,3.6709,2.4894,10.8644,15.0556,6,7.0000,1.2717
3536820447,SHMPC_DRO,rare_heavy,30,0.1000,1.0000,0.0000,0.0000,w2_bures,0,-1,1.0278,12,15.3383,308.1124,315,8,80,5.5810,3.9174,13.8654,15.5144,10,7.0000,1.0543
3536821447,SHMPC_DRO,rare_heavy,30,0.1000,1.0000,0.0000,0.0000,w2_bures,0,-1,1.3566,15,20.1642,613.0710,414,11,80,3.8548,3.1155,10.6052,12.7538,7,7.0000,1.3942
3536822447,SHMPC_DRO,rare_heavy,30,0.1000,1.0000,0.0000,0.0000,w2_bures,1,16,0.1035,31,5.9560,189.5999,236,13,80,6.7944,4.5441,15.0679,18.4844,20,7.0000,0.1271
3536823447,SHMPC_DRO,rare_heavy,30,0.1000,1.0000,0.0000,0.0000,w2_bures,1,20,0.4932,37,12.6099,288.5518,391,19,80,6.4806,4.3936,17.1916,29.3396,26,7.0000,0.5077
3536824447,SHMPC_DRO,rare_heavy,30,0.1000,1.0000,0.0000,0.0000,w2_bures,0,-1,1.1043,26,19.8788,535.9312,321,15,80,4.6953,3.4332,13.7545,16.1467,10,7.0000,1.1238
3536825447,SHMPC_DRO,rare_heavy,30,0.1000,1.0000,0.0000,0.0000,w2_bures,0,-1,1.2344,11,20.1091,778.4511,653,12,80,3.4205,3.0265,8.5062,13.2187,8,7.0000,1.2705
3536826447,SHMPC_DRO,rare_heavy,30,0.1000,1.0000,0.0000,0.0000,w2_bures,1,22,0.8125,24,2.1068,76.0034,121,15,80,8.3743,5.5345,20.5811,22.4318,11,7.0000,0.8152
3536827447,SHMPC_DRO,rare_heavy,30,0.1000,1.0000,0.0000,0.0000,w2_bures,0,-1,1.4367,13,20.0922,770.1281,684,16,80,4.5937,2.7967,16.7236,21.2131,5,7.0000,1.5179
3536828447,SHMPC_DRO,rare_heavy,30,0.1000,1.0000,0.0000,0.0000,w2_bures,0,-1,1.2236,15,20.1148,792.4768,635,14,80,3.9115,2.8923,12.8436,20.9673,13,7.0000,1.2963
3536829447,SHMPC_DRO,rare_heavy,30,0.1000,1.0000,0.0000,0.0000,w2_bures,0,-1,1.1807,12,20.1128,774.7744,522,16,80,3.4868,2.2678,12.2552,17.4073,6,7.0000,1.2174
3536830447,SHMPC_DRO,rare_heavy,30,0.1000,1.0000,0.0000,0.0000,w2_bures,0,-1,1.2644,14,20.3194,778.4065,364,17,80,3.6376,2.4784,10.9015,14.8063,6,7.0000,1.3210
3536831447,SHMPC_DRO,rare_heavy,30,0.1000,1.0000,0.0000,0.0000,w2_bures,1,14,0.2760,25,18.0451,419.0970,386,19,80,5.6099,4.4404,14.0428,18.2742,18,7.0000,0.2996
3536832447,SHMPC_DRO,rare_heavy,30,0.1000,1.0000,0.0000,0.0000,w2_bures,0,-1,1.2177,17,2.4670,85.2037,117,21,80,7.1442,4.8442,15.5094,22.4993,5,7.0000,1.2293
3536833447,SHMPC_DRO,rare_heavy,30,0.1000,1.0000,0.0000,0.0000,w2_bures,0,-1,1.2384,19,8.5578,229.9984,274,32,80,5.1087,3.2438,12.7645,22.3998,5,7.0000,1.2908
3536834447,SHMPC_DRO,rare_heavy,30,0.1000,1.0000,0.0000,0.0000,w2_bures,0,-1,1.1013,21,2.8332,123.1390,149,10,80,6.5117,4.6172,20.8273,22.5661,8,7.0000,1.1078
3536835447,SHMPC_DRO,rare_heavy,30,0.1000,1.0000,0.0000,0.0000,w2_bures,0,-1,1.2624,19,20.1040,783.1465,521,21,80,3.3757,2.3851,10.3309,11.1679,10,7.0000,1.3307
3536836447,SHMPC_DRO,rare_heavy,30,0.1000,1.0000,0.0000,0.0000,w2_bures,0,-1,1.0671,12,20.1079,771.7764,635,8,80,4.5036,3.3937,12.6318,25.5278,10,7.0000,1.0930
3536837447,SHMPC_DRO,rare_heavy,30,0.1000,1.0000,0.0000,0.0000,w2_bures,1,38,0.5472,79,2.9842,140.0822,173,18,80,6.0707,3.8347,14.5752,24.8316,10,7.0000,0.5491
3536838447,SHMPC_DRO,rare_heavy,30,0.1000,1.0000,0.0000,0.0000,w2_bures,0,-1,1.1682,12,20.1147,770.1438,517,14,80,3.4843,2.9421,9.3984,16.2966,8,7.0000,1.2011
3536839447,SHMPC_DRO,rare_heavy,30,0.1000,1.0000,0.0000,0.0000,w2_bures,0,-1,1.0993,20,2.9279,95.4100,86,20,80,5.8504,3.5528,13.5280,19.2113,9,7.0000,1.1258
3536840447,SHMPC_DRO,rare_heavy,30,0.1000,1.0000,0.0000,0.0000,w2_bures,0,-1,1.1275,14,19.8652,537.3007,367,27,80,5.2481,3.9595,14.3741,16.5801,6,7.0000,1.1962
1822447650,SHMPC_AdaptiveDRO,rare_heavy,30,0.1000,1.0000,0.0000,0.0000,w2_bures,0,-1,1.1961,13,19.2433,484.7561,448,35,80,4.4817,3.0706,12.3714,15.5173,5,7.0000,1.2154
1822448650,SHMPC_AdaptiveDRO,rare_heavy,30,0.1000,1.0000,0.0000,0.0000,w2_bures,0,-1,1.2301,11,13.4068,253.2809,275,32,80,4.4691,3.3235,12.2653,17.4491,9,7.0000,1.2501
1822449650,SHMPC_AdaptiveDRO,rare_heavy,30,0.1000,1.0000,0.0000,0.0000,w2_bures,0,-1,1.2588,12,17.8579,410.1240,350,8,80,4.4058,2.9474,12.5641,14.0917,5,7.0000,1.2763
1822450650,SHMPC_AdaptiveDRO,rare_heavy,30,0.1000,1.0000,0.0000,0.0000,w2_bures,0,-1,1.0375,20,12.4242,267.9519,312,17,80,5.1623,3.6621,12.5860,14.1897,13,7.0000,1.0812
1822451650,SHMPC_AdaptiveDRO,rare_heavy,30,0.1000,1.0000,0.0000,0.0000,w2_bures,0,-1,1.1159,16,17.5962,435.0753,369,26,80,4.6068,3.6314,11.8056,12.6904,12,7.0000,1.2033
1822452650,SHMPC_AdaptiveDRO,rare_heavy,30,0.1000,1.0000,0.0000,0.0000,w2_bures,0,-1,1.0452,27,15.1784,349.0104,316,23,80,5.2062,3.8072,11.1636,12.8295,11,7.0000,1.0650
1822453650,SHMPC_AdaptiveDRO,rare_heavy,30,0.1000,1.0000,0.0000,0.0000,w2_bures,0,-1,1.1358,35,2.8730,99.1593,99,29,80,5.4759,3.6152,12.3317,15.2191,8,7.0000,1.1428
1822454650,SHMPC_AdaptiveDRO,rare_heavy,30,0.1000,1.0000,0.0000,0.0000,w2_bures,0,-1,0.9860,15,2.8468,95.5983,133,16,80,6.0098,4.0980,13.4634,14.6034,8,7.0000,1.0284
1822455650,SHMPC_AdaptiveDRO,rare_heavy,30,0.1000,1.0000,0.0000,0.0000,w2_bures,1,16,0.1540,29,20.3106,602.8881,316,17,80,5.4101,4.0647,13.0785,13.7169,15,7.0000,0.2365
1822456650,SHMPC_AdaptiveDRO,rare_heavy,30,0.1000,1.0000,0.0000,0.0000,w2_bures,0,-1,1.0001,19,18.4953,469.3281,306,25,80,4.5178,3.2917,14.0959,16.0783,11,7.0000,1.0235
1822457650,SHMPC_AdaptiveDRO,rare_heavy,30,0.1000,1.0000,0.0000,0.0000,w2_bures,0,-1,1.2919,14,20.0995,808.0958,643,19,80,4.0951,3.2577,10.9174,18.4248,6,7.0000,1.3314
1822458650,SHMPC_AdaptiveDRO,rare_heavy,30,0.1000,1.0000,0.0000,0.0000,w2_bures,0,-1,1.1161,33,17.1143,420.7672,398,40,80,6.2386,3.9676,20.2401,22.2612,7,7.0000,1.1435
1822459650,SHMPC_AdaptiveDRO,rare_heavy,30,0.1000,1.0000,0.0000,0.0000,w2_bures,0,-1,0.9553,24,20.4195,738.5652,468,17,80,3.8331,2.8619,9.6118,16.5185,11,7.0000,0.9922
1822460650,SHMPC_AdaptiveDRO,rare_heavy,30,0.1000,1.0000,0.0000,0.0000,w2_bures,0,-1,1.3057,12,20.0992,779.8892,607,29,80,3.0901,1.9845,9.3072,11.7496,6,7.0000,1.3721
1822461650,SHMPC_AdaptiveDRO,rare_heavy,30,0.1000,1.0000,0.0000,0.0000,w2_bures,0,-1,0.9733,34,2.9101,95.4129,134,19,80,5.9345,3.9377,15.8101,18.1802,14,7.0000,0.9970
1822462650,SHMPC_AdaptiveDRO,rare_heavy,30,0.1000,1.0000,0.0000,0.0000,w2_bures,0,-1,1.2508,10,20.0996,776.8386,717,12,80,4.0546,2.7800,12.7873,16.0124,7,7.0000,1.3221
1822463650,SHMPC_AdaptiveDRO,rare_heavy,30,0.1000,1.0000,0.0000,0.0000,w2_bures,0,-1,1.1946,18,13.6075,294.4535,244,13,80,4.8807,3.8177,13.8808,14.4290,7,7.0000,1.2362
1822464650,SHMPC_AdaptiveDRO,rare_heavy,30,0.1000,1.0000,0.0000,0.0000,w2_bures,1,17,0.8317,17,2.4874,85.7215,99,14,80,6.1253,4.1727,15.7329,18.2728,13,7.0000,0.9100
1822465650,SHMPC_AdaptiveDRO,rare_heavy,30,0.1000,1.0000,0.0000,0.0000,w2_bures,0,-1,1.0977,16,18.8302,459.2828,380,17,80,4.6094,3.5570,12.1664,14.0074,6,7.0000,1.1499
1822466650,SHMPC_AdaptiveDRO,rare_heavy,30,0.1000,1.0000,0.0000,0.0000,w2_bures,1,28,0.4915,52,3.1757,139.3771,151,11,80,5.8302,4.2696,13.9795,17.4688,17,7.0000,0.5072
1822467650,SHMPC_AdaptiveDRO,rare_heavy,30,0.1000,1.0000,0.0000,0.0000,w2_bures,0,-1,1.2344,12,2.5123,85.8059,86,5,80,5.0304,3.7212,11.3788,16.6430,8,7.0000,1.2914
1822468650,SHMPC_AdaptiveDRO,rare_heavy,30,0.1000,1.0000,0.0000,0.0000,w2_bures,0,-1,1.3322,15,20.1010,804.0550,662,13,80,3.0378,2.0340,8.9816,13.4467,7,7.0000,1.3910
1822469650,SHMPC_AdaptiveDRO,rare_heavy,30,0.1000,1.0000,0.0000,0.0000,w2_bures,0,-1,1.1192,14,20.1058,762.3926,468,20,80,3.2743,2.7092,10.5354,11.2346,8,7.0000,1.1770
1822470650,SHMPC_AdaptiveDRO,rare_heavy,30,0.1000,1.0000,0.0000,0.0000,w2_bures,0,-1,1.1006,18,20.2675,780.3920,468,24,80,4.7808,2.8623,13.0230,18.5838,8,7.0000,1.2080
1822471650,SHMPC_AdaptiveDRO,rare_heavy,30,0.1000,1.0000,0.0000,0.0000,w2_bures,0,-1,1.1390,20,14.6357,282.5475,285,10,80,5.0593,3.4277,13.3082,14.2880,6,7.0000,1.1511
1822472650,SHMPC_AdaptiveDRO,rare_heavy,30,0.1000,1.0000,0.0000,0.0000,w2_bures,0,-1,1.2199,22,3.7300,143.0964,153,24,80,4.6898,3.3464,12.1864,15.8471,7,7.0000,1.2465
1822473650,SHMPC_AdaptiveDRO,rare_heavy,30,0.1000,1.0000,0.0000,0.0000,w2_bures,0,-1,1.1440,35,11.0380,254.9762,289,18,80,4.7409,3.2734,12.0785,14.9674,6,7.0000,1.1587
1822474650,SHMPC_AdaptiveDRO,rare_heavy,30,0.1000,1.0000,0.0000,0.0000,w2_bures,1,17,0.4711,25,20.2759,587.4257,585,9,80,5.8111,3.6908,13.7378,15.5814,15,7.0000,0.4890
1822475650,SHMPC_AdaptiveDRO,rare_heavy,30,0.1000,1.0000,0.0000,0.0000,w2_bures,0,-1,0.9764,18,20.3109,616.2074,413,12,80,4.4815,3.4767,12.6361,14.8494,13,7.0000,0.9921
1822476650,SHMPC_AdaptiveDRO,rare_heavy,30,0.1000,1.0000,0.0000,0.0000,w2_bures,0,-1,1.3253,12,20.0964,763.5477,490,29,80,3.6157,2.8458,10.7083,12.1730,7,7.0000,1.3375
2673514419,SHMPC_RTA,rare_heavy,30,0.1000,1.0000,0.0000,0.0000,w2_bures,1,21,0.0514,44,2.5490,119.1769,145,7,80,6.2671,4.6321,14.7825,17.7887,0,7.0000,0.0958
2673515419,SHMPC_RTA,rare_heavy,30,0.1000,1.0000,0.0000,0.0000,w2_bures,0,-1,1.2061,11,15.0247,313.6015,365,12,80,5.2511,3.8183,14.6309,15.8958,0,7.0000,1.2267
2673516419,SHMPC_RTA,rare_heavy,30,0.1000,1.0000,0.0000,0.0000,w2_bures,0,-1,1.2669,11,20.1100,742.5777,902,22,80,3.9867,3.4372,12.3635,20.1177,0,7.0000,1.3329
2673517419,SHMPC_RTA,rare_heavy,30,0.1000,1.0000,0.0000,0.0000,w2_bures,0,-1,1.0690,14,20.1726,762.4923,538,24,80,3.8974,3.0145,12.2813,14.0467,0,7.0000,1.1170
2673518419,SHMPC_RTA,rare_heavy,30,0.1000,1.0000,0.0000,0.0000,w2_bures,0,-1,1.3660,17,20.1154,793.2850,792,18,80,4.5331,3.8902,11.8988,14.1343,0,7.0000,1.4055
2673519419,SHMPC_RTA,rare_heavy,30,0.1000,1.0000,0.0000,0.0000,w2_bures,0,-1,1.2625,11,20.2720,616.7902,497,26,80,4.0432,3.3914,11.0946,14.7940,0,7.0000,1.3254
2673520419,SHMPC_RTA,rare_heavy,30,0.1000,1.0000,0.0000,0.0000,w2_bures,0,-1,1.0127,20,2.5236,72.7455,104,27,80,5.9718,3.7927,15.2473,19.8550,0,7.0000,1.0275
2673521419,SHMPC_RTA,rare_heavy,30,0.1000,1.0000,0.0000,0.0000,w2_bures,0,-1,1.2628,7,20.1044,751.8877,886,16,80,4.0248,3.0639,13.1211,17.5737,0,7.0000,1.3349
2673522419,SHMPC_RTA,rare_heavy,30,0.1000,1.0000,0.0000,0.0000,w2_bures,0,-1,1.2532,12,20.0939,732.1376,557,16,80,4.7605,3.5183,15.5383,17.8355,0,7.0000,1.3144
2673523419,SHMPC_RTA,rare_heavy,30,0.1000,1.0000,0.0000,0.0000,w2_bures,0,-1,1.1162,11,18.7581,475.4491,329,28,80,4.6819,3.2842,12.7738,22.3267,0,7.0000,1.1648
2673524419,SHMPC_RTA,rare_heavy,30,0.1000,1.0000,0.0000,0.0000,w2_bures,0,-1,1.3116,30,16.1409,389.6156,390,26,80,5.5089,3.7026,14.0646,24.0425,0,7.0000,1.3160
2673525419,SHMPC_RTA,rare_heavy,30,0.1000,1.0000,0.0000,0.0000,w2_bures,0,-1,1.0657,15,20.1382,761.9452,567,22,80,4.5361,3.2207,14.4899,15.1802,0,7.0000,1.1384
2673526419,SHMPC_RTA,rare_heavy,30,0.1000,1.0000,0.0000,0.0000,w2_bures,0,-1,1.1285,18,8.4249,232.6651,214,18,80,5.1986,3.8239,15.0112,21.1247,0,7.0000,1.1735
2673527419,SHMPC_RTA,rare_heavy,30,0.1000,1.0000,0.0000,0.0000,w2_bures,0,-1,1.2742,13,2.7789,78.6724,105,19,80,6.6706,4.4466,18.0230,21.7884,0,7.0000,1.2906
2673528419,SHMPC_RTA,rare_heavy,30,0.1000,1.0000,0.0000,0.0000,w2_bures,0,-1,1.2369,11,20.2300,756.9771,424,27,80,5.3402,4.3180,16.7763,22.7640,0,7.0000,1.2666
2673529419,SHMPC_RTA,rare_heavy,30,0.1000,1.0000,0.0000,0.0000,w2_bures,0,-1,1.2181,10,3.4952,106.2625,154,27,80,6.5339,4.3045,17.3475,18.4749,0,7.0000,1.2537
2673530419,SHMPC_RTA,rare_heavy,30,0.1000,1.0000,0.0000,0.0000,w2_bures,0,-1,1.0010,22,4.1654,121.5221,170,13,80,5.7586,4.1262,14.1702,20.7078,0,7.0000,1.0133
2673531419,SHMPC_RTA,rare_heavy,30,0.1000,1.0000,0.0000,0.0000,w2_bures,0,-1,1.0772,27,2.6105,113.3338,154,20,80,5.8121,3.7639,14.7934,20.3858,0,7.0000,1.0787
2673532419,SHMPC_RTA,rare_heavy,30,0.1000,1.0000,0.0000,0.0000,w2_bures,0,-1,1.4011,14,20.1043,780.3308,809,19,80,3.1396,2.4618,9.2779,10.5841,0,7.0000,1.4547
2673533419,SHMPC_RTA,rare_heavy,30,0.1000,1.0000,0.0000,0.0000,w2_bures,0,-1,1.3564,13,20.1175,790.8576,688,26,80,3.5010,2.6368,12.7291,14.9247,0,7.0000,1.3757
2673534419,SHMPC_RTA,rare_heavy,30,0.1000,1.0000,0.0000,0.0000,w2_bures,0,-1,1.2276,16,20.0842,784.0326,553,27,80,3.3638,3.1857,8.3514,13.5508,0,7.0000,1.2479
2673535419,SHMPC_RTA,rare_heavy,30,0.1000,1.0000,0.0000,0.0000,w2_bures,0,-1,1.3128,12,20.1096,741.9853,758,17,80,3.6622,3.0583,12.2325,12.9406,0,7.0000,1.3663
2673536419,SHMPC_RTA,rare_heavy,30,0.1000,1.0000,0.0000,0.0000,w2_bures,0,-1,1.0740,13,20.1105,735.6698,609,13,80,4.1044,2.8146,13.1086,15.0975,0,7.0000,1.1541
2673537419,SHMPC_RTA,rare_heavy,30,0.1000,1.0000,0.0000,0.0000,w2_bures,0,-1,0.8828,37,2.4251,105.4897,161,22,80,6.2026,4.3110,15.0387,16.2252,0,7.0000,0.8836
2673538419,SHMPC_RTA,rare_heavy,30,0.1000,1.0000,0.0000,0.0000,w2_bures,0,-1,1.1479,16,19.4131,510.7835,341,25,80,4.1081,3.1455,11.7676,13.1667,0,7.0000,1.1638
2673539419,SHMPC_RTA,rare_heavy,30,0.1000,1.0000,0.0000,0.0000,w2_bures,0,-1,1.1834,18,2.5983,78.9824,100,26,80,6.3369,4.0153,15.9450,17.9634,0,7.0000,1.2413
2673540419,SHMPC_RTA,rare_heavy,30,0.1000,1.0000,0.0000,0.0000,w2_bures,0,-1,1.3735,15,20.1144,790.6659,651,17,80,3.2740,2.7852,8.1890,12.8727,0,7.0000,1.4324
2673541419,SHMPC_RTA,rare_heavy,30,0.1000,1.0000,0.0000,0.0000,w2_bures,0,-1,1.3809,12,20.1113,779.0314,556,11,80,4.0768,2.5304,13.9143,18.2914,0,7.0000,1.4404
2673542419,SHMPC_RTA,rare_heavy,30,0.1000,1.0000,0.0000,0.0000,w2_bures,0,-1,1.1429,40,2.9165,114.2917,142,16,80,7.4697,5.2362,21.1916,23.6995,0,7.0000,1.1623
2673543419,SHMPC_RTA,rare_heavy,30,0.1000,1.0000,0.0000,0.0000,w2_bures,0,-1,0.9324,13,19.0306,481.2761,354,24,80,7.5879,5.2972,20.0118,21.4514,0,7.0000,0.9998
2925943856,SHMPC_Conformal,rare_heavy,30,0.1000,1.0000,0.0000,0.0000,w2_bures,0,-1,1.1862,19,2.4813,85.1024,101,13,80,6.6656,4.0598,14.6137,23.5635,0,7.0000,1.2095
2925944856,SHMPC_Conformal,rare_heavy,30,0.1000,1.0000,0.0000,0.0000,w2_bures,0,-1,1.3493,15,20.1070,813.1499,718,24,80,3.9859,3.3874,10.4791,18.7883,0,7.0000,1.4136
2925945856,SHMPC_Conformal,rare_heavy,30,0.1000,1.0000,0.0000,0.0000,w2_bures,0,-1,1.2341,13,20.1110,777.0111,665,23,80,3.4302,2.8456,7.9564,10.1413,0,7.0000,1.2886
2925946856,SHMPC_Conformal,rare_heavy,30,0.1000,1.0000,0.0000,0.0000,w2_bures,0,-1,1.2249,18,15.1530,346.8120,291,12,80,6.3806,5.0982,18.8497,23.5762,0,7.0000,1.2500
2925947856,SHMPC_Conformal,rare_heavy,30,0.1000,1.0000,0.0000,0.0000,w2_bures,0,-1,1.2580,13,12.9487,232.2486,223,23,80,6.7341,5.0248,18.9147,20.2326,0,7.0000,1.2968
2925948856,SHMPC_Conformal,rare_heavy,30,0.1000,1.0000,0.0000,0.0000,w2_bures,0,-1,1.2410,17,6.5326,189.7819,237,27,80,5.3986,3.3034,12.8343,14.5143,0,7.0000,1.2715
2925949856,SHMPC_Conformal,rare_heavy,30,0.1000,1.0000,0.0000,0.0000,w2_bures,0,-1,0.8805,28,20.3688,681.6146,379,15,80,4.7920,3.2717,12.6831,14.0429,0,7.0000,0.9118
2925950856,SHMPC_Conformal,rare_heavy,30,0.1000,1.0000,0.0000,0.0000,w2_bures,0,-1,1.3706,15,20.1142,793.8315,523,25,80,2.7801,2.1933,7.8546,10.8456,0,7.0000,1.4277
2925951856,SHMPC_Conformal,rare_heavy,30,0.1000,1.0000,0.0000,0.0000,w2_bures,0,-1,1.2973,11,20.4989,713.9372,468,17,80,4.0958,2.8680,12.3689,15.2922,0,7.0000,1.3303
2925952856,SHMPC_Conformal,rare_heavy,30,0.1000,1.0000,0.0000,0.0000,w2_bures,0,-1,1.3668,22,11.9762,365.7432,424,18,80,4.4519,3.2546,10.6034,15.1233,0,7.0000,1.4120
2925953856,SHMPC_Conformal,rare_heavy,30,0.1000,1.0000,0.0000,0.0000,w2_bures,0,-1,0.9210,23,6.6853,197.6063,174,12,80,5.5355,3.9082,11.9501,12.1384,0,7.0000,0.9396
2925954856,SHMPC_Conformal,rare_heavy,30,0.1000,1.0000,0.0000,0.0000,w2_bures,0,-1,1.2691,14,17.1531,425.1141,403,32,80,4.3997,3.3376,10.9157,11.3865,0,7.0000,1.3228
2925955856,SHMPC_Conformal,rare_heavy,30,0.1000,1.0000,0.0000,0.0000,w2_bures,0,-1,1.1525,16,20.1034,786.5952,510,18,80,3.6411,2.8082,11.1949,12.8663,0,7.0000,1.2015
2925956856,SHMPC_Conformal,rare_heavy,30,0.1000,1.0000,0.0000,0.0000,w2_bures,0,-1,1.3647,17,20.1117,800.6437,658,16,80,3.0857,2.3381,9.4935,10.8544,0,7.0000,1.3984
2925957856,SHMPC_Conformal,rare_heavy,30,0.1000,1.0000,0.0000,0.0000,w2_bures,0,-1,1.2378,13,20.1079,777.7247,811,23,80,3.4366,3.1782,9.5893,11.2531,0,7.0000,1.3173
2925958856,SHMPC_Conformal,rare_heavy,30,0.1000,1.0000,0.0000,0.0000,w2_bures,0,-1,1.2129,14,18.2171,475.1385,311,14,80,4.3013,3.1977,10.3167,11.0489,0,7.0000,1.2577
2925959856,SHMPC_Conformal,rare_heavy,30,0.1000,1.0000,0.0000,0.0000,w2_bures,0,-1,1.1388,20,11.3346,220.2567,223,18,80,5.6405,3.6894,14.3087,17.4445,0,7.0000,1.1660
2925960856,SHMPC_Conformal,rare_heavy,30,0.1000,1.0000,0.0000,0.0000,w2_bures,1,19,0.7991,21,20.5017,715.3748,509,13,80,4.7914,3.5953,13.5762,17.7660,0,7.0000,0.8103
2925961856,SHMPC_Conformal,rare_heavy,30,0.1000,1.0000,0.0000,0.0000,w2_bures,0,-1,1.1947,13,20.1094,768.9930,630,17,80,3.2501,3.0048,8.7426,9.9471,0,7.0000,1.2155
2925962856,SHMPC_Conformal,rare_heavy,30,0.1000,1.0000,0.0000,0.0000,w2_bures,0,-1,0.9573,15,2.7140,89.0542,92,19,80,4.6530,3.6757,12.0984,12.2176,0,7.0000,0.9883
2925963856,SHMPC_Conformal,rare_heavy,30,0.1000,1.0000,0.0000,0.0000,w2_bures,0,-1,1.3223,16,20.1028,804.2752,704,20,80,3.4294,2.8355,10.7248,13.8658,0,7.0000,1.3831
2925964856,SHMPC_Conformal,rare_heavy,30,0.1000,1.0000,0.0000,0.0000,w2_bures,0,-1,1.5105,17,20.1057,785.5215,605,28,80,2.7401,1.5687,9.1818,13.1320,0,7.0000,1.5826
2925965856,SHMPC_Conformal,rare_heavy,30,0.1000,1.0000,0.0000,0.0000,w2_bures,0,-1,1.1001,28,14.7565,333.4425,352,14,80,5.4130,3.9803,13.4222,18.1400,0,7.0000,1.1175
2925966856,SHMPC_Conformal,rare_heavy,30,0.1000,1.0000,0.0000,0.0000,w2_bures,0,-1,1.2241,27,2.9268,129.8957,126,14,80,6.9082,4.4665,19.0523,20.2429,0,7.0000,1.2524
2925967856,SHMPC_Conformal,rare_heavy,30,0.1000,1.0000,0.0000,0.0000,w2_bures,0,-1,1.1010,14,2.9031,95.2485,103,24,80,7.1284,4.7909,17.6714,22.5024,0,7.0000,1.1456
2925968856,SHMPC_Conformal,rare_heavy,30,0.1000,1.0000,0.0000,0.0000,w2_bures,0,-1,1.2786,15,19.5593,516.0271,431,15,80,7.6287,5.9234,20.4285,24.1536,0,7.0000,1.3296
2925969856,SHMPC_Conformal,rare_heavy,30,0.1000,1.0000,0.0000,0.0000,w2_bures,1,25,0.7219,30,19.3271,534.8867,291,23,80,5.5168,3.9710,15.0690,15.9915,0,7.0000,0.7226
2925970856,SHMPC_Conformal,rare_heavy,30,0.1000,1.0000,0.0000,0.0000,w2_bures,0,-1,1.2703,15,20.1084,795.1590,716,20,80,3.6195,2.7928,10.1681,16.0179,0,7.0000,1.3390
2925971856,SHMPC_Conformal,rare_heavy,30,0.1000,1.0000,0.0000,0.0000,w2_bures,1,18,0.3687,32,9.7774,245.8000,254,16,80,7.7512,5.2108,19.4984,21.6872,0,7.0000,0.3781
2925972856,SHMPC_Conformal,rare_heavy,30,0.1000,1.0000,0.0000,0.0000,w2_bures,0,-1,0.8772,29,18.1271,578.8315,400,22,80,7.4337,5.8944,22.0511,26.9250,0,7.0000,0.8901
3738584852,SHMPC_Hazard,rare_heavy,30,0.1000,1.0000,0.0000,0.0000,w2_bures,0,-1,0.9029,42,5.7040,198.2507,207,33,80,6.1793,3.8046,15.0373,22.9093,0,7.0000,0.9304
3738585852,SHMPC_Hazard,rare_heavy,30,0.1000,1.0000,0.0000,0.0000,w2_bures,0,-1,1.2346,22,6.2526,208.4379,246,22,80,5.4605,3.5593,11.7299,13.0217,0,7.0000,1.2515
3738586852,SHMPC_Hazard,rare_heavy,30,0.1000,1.0000,0.0000,0.0000,w2_bures,1,22,0.3831,56,5.3998,199.1383,191,16,80,8.5823,5.0167,21.3148,23.5178,0,7.0000,0.4091
3738587852,SHMPC_Hazard,rare_heavy,30,0.1000,1.0000,0.0000,0.0000,w2_bures,0,-1,0.9767,39,2.4979,85.6886,95,21,80,4.4535,3.2960,11.6578,12.0083,0,7.0000,0.9996
3738588852,SHMPC_Hazard,rare_heavy,30,0.1000,1.0000,0.0000,0.0000,w2_bures,0,-1,1.3910,22,20.1124,788.4411,478,32,80,3.4252,2.9305,9.2019,10.7614,0,7.0000,1.4151
3738589852,SHMPC_Hazard,rare_heavy,30,0.1000,1.0000,0.0000,0.0000,w2_bures,0,-1,1.3167,20,3.4689,133.8515,144,37,80,4.8824,3.3125,11.2749,15.5857,0,7.0000,1.3406
3738590852,SHMPC_Hazard,rare_heavy,30,0.1000,1.0000,0.0000,0.0000,w2_bures,0,-1,1.4220,14,20.0894,802.2792,573,37,80,3.5253,2.5748,10.1431,11.6123,0,7.0000,1.4818
3738591852,SHMPC_Hazard,rare_heavy,30,0.1000,1.0000,0.0000,0.0000,w2_bures,1,24,0.7278,27,20.4741,724.7492,445,30,80,4.9407,3.4205,13.2380,15.8767,0,7.0000,0.7714
3738592852,SHMPC_Hazard,rare_heavy,30,0.1000,1.0000,0.0000,0.0000,w2_bures,0,-1,1.3454,18,19.8831,572.3313,430,30,80,3.6772,2.7290,9.6933,11.4457,0,7.0000,1.4079
3738593852,SHMPC_Hazard,rare_heavy,30,0.1000,1.0000,0.0000,0.0000,w2_bures,1,28,0.6447,55,2.4533,85.8669,90,23,80,5.4809,3.5380,14.5253,17.7385,0,7.0000,0.6681
3738594852,SHMPC_Hazard,rare_heavy,30,0.1000,1.0000,0.0000,0.0000,w2_bures,0,-1,1.2578,43,14.6669,280.5956,296,30,80,5.3020,3.5421,13.0889,15.7607,0,7.0000,1.2646
3738595852,SHMPC_Hazard,rare_heavy,30,0.1000,1.0000,0.0000,0.0000,w2_bures,0,-1,1.4127,15,20.1077,762.8873,605,33,80,3.4320,2.2935,11.0930,14.9190,0,7.0000,1.4667
3738596852,SHMPC_Hazard,rare_heavy,30,0.1000,1.0000,0.0000,0.0000,w2_bures,0,-1,1.1326,17,19.0254,525.8904,426,29,80,4.9434,3.6951,13.7369,16.9488,0,7.0000,1.1958
3738597852,SHMPC_Hazard,rare_heavy,30,0.1000,1.0000,0.0000,0.0000,w2_bures,0,-1,1.3646,16,20.1074,808.7636,781,38,80,4.1264,2.7980,11.7643,14.3989,0,7.0000,1.4427
3738598852,SHMPC_Hazard,rare_heavy,30,0.1000,1.0000,0.0000,0.0000,w2_bures,0,-1,1.1630,15,20.3532,772.0147,613,16,80,4.8845,3.5014,13.5777,18.1024,0,7.0000,1.1732
3738599852,SHMPC_Hazard,rare_heavy,30,0.1000,1.0000,0.0000,0.0000,w2_bures,0,-1,1.2033,13,15.3997,307.0296,315,30,80,5.8499,3.9541,17.4238,21.2253,0,7.0000,1.2442
3738600852,SHMPC_Hazard,rare_heavy,30,0.1000,1.0000,0.0000,0.0000,w2_bures,0,-1,1.1561,13,20.1234,766.4702,551,38,80,3.9888,3.0687,12.2153,15.2827,0,7.0000,1.1885
3738601852,SHMPC_Hazard,rare_heavy,30,0.1000,1.0000,0.0000,0.0000,w2_bures,0,-1,1.1467,12,20.1142,773.7552,515,33,80,4.0868,2.8252,13.0741,15.8333,0,7.0000,1.1988
3738602852,SHMPC_Hazard,rare_heavy,30,0.1000,1.0000,0.0000,0.0000,w2_bures,0,-1,1.2029,17,20.1109,783.6277,436,31,80,3.6225,2.5329,11.3250,13.7530,0,7.0000,1.2559
3738603852,SHMPC_Hazard,rare_heavy,30,0.1000,1.0000,0.0000,0.0000,w2_bures,0,-1,1.2688,19,20.0959,804.5548,551,32,80,3.8623,2.9130,11.7494,14.9344,0,7.0000,1.2952
3738604852,SHMPC_Hazard,rare_heavy,30,0.1000,1.0000,0.0000,0.0000,w2_bures,1,57,0.6334,79,3.0278,140.4457,150,9,80,6.8716,4.4219,14.6376,15.9258,0,7.0000,0.6499
3738605852,SHMPC_Hazard,rare_heavy,30,0.1000,1.0000,0.0000,0.0000,w2_bures,0,-1,1.2419,11,20.0998,779.4504,725,32,80,3.5388,2.6498,8.9107,13.5942,0,7.0000,1.2880
3738606852,SHMPC_Hazard,rare_heavy,30,0.1000,1.0000,0.0000,0.0000,w2_bures,0,-1,1.3827,16,20.2686,779.2442,519,43,80,5.0146,3.9052,16.0266,16.8533,0,7.0000,1.4231
3738607852,SHMPC_Hazard,rare_heavy,30,0.1000,1.0000,0.0000,0.0000,w2_bures,0,-1,1.3403,15,20.1153,798.0230,661,34,80,4.2543,3.3605,12.5154,18.2306,0,7.0000,1.3871
3738608852,SHMPC_Hazard,rare_heavy,30,0.1000,1.0000,0.0000,0.0000,w2_bures,0,-1,1.0802,19,20.2211,780.1331,471,30,80,4.3806,3.2495,11.5466,15.0177,0,7.0000,1.2514
3738609852,SHMPC_Hazard,rare_heavy,30,0.1000,1.0000,0.0000,0.0000,w2_bures,0,-1,1.1750,13,19.6228,522.8730,349,22,80,6.4452,4.6734,20.5341,22.1547,0,7.0000,1.1949
3738610852,SHMPC_Hazard,rare_heavy,30,0.1000,1.0000,0.0000,0.0000,w2_bures,0,-1,1.1808,19,2.9185,95.1734,95,41,80,5.2702,3.4343,12.6705,16.0579,0,7.0000,1.2018
3738611852,SHMPC_Hazard,rare_heavy,30,0.1000,1.0000,0.0000,0.0000,w2_bures,0,-1,1.2212,17,19.9412,583.5755,532,35,80,4.3684,3.1601,11.6695,19.3089,0,7.0000,1.2503
3738612852,SHMPC_Hazard,rare_heavy,30,0.1000,1.0000,0.0000,0.0000,w2_bures,0,-1,1.3418,17,20.1079,795.1123,639,45,80,3.7452,2.3549,10.6290,11.7770,0,7.0000,1.3857
3738613852,SHMPC_Hazard,rare_heavy,30,0.1000,1.0000,0.0000,0.0000,w2_bures,0,-1,1.3684,16,20.5197,674.7914,492,28,80,3.9802,3.0809,10.9959,12.9256,0,7.0000,1.3929
2544518970,SHMPC_Bandit,rare_heavy,30,0.1000,1.0000,0.0000,0.0000,w2_bures,0,-1,1.3266,17,20.4684,726.6650,400,51,80,3.3931,2.9147,9.2963,12.9952,0,7.0000,1.3943
2544519970,SHMPC_Bandit,rare_heavy,30,0.1000,1.0000,0.0000,0.0000,w2_bures,0,-1,1.4544,18,20.1084,838.0305,670,48,80,3.3385,2.4562,10.6436,12.1388,0,7.0000,1.5055
2544520970,SHMPC_Bandit,rare_heavy,30,0.1000,1.0000,0.0000,0.0000,w2_bures,0,-1,1.3620,13,20.1127,775.7575,584,40,80,3.3401,2.1402,10.9383,13.1751,0,7.0000,1.4088
2544521970,SHMPC_Bandit,rare_heavy,30,0.1000,1.0000,0.0000,0.0000,w2_bures,0,-1,1.3707,16,20.1014,802.3120,550,62,80,2.8723,2.2466,7.8576,11.0324,0,7.0000,1.3911
2544522970,SHMPC_Bandit,rare_heavy,30,0.1000,1.0000,0.0000,0.0000,w2_bures,0,-1,1.1460,20,2.9547,124.3220,143,23,80,6.5368,3.9689,14.6814,17.4295,0,7.0000,1.1476
2544523970,SHMPC_Bandit,rare_heavy,30,0.1000,1.0000,0.0000,0.0000,w2_bures,1,24,0.7715,29,18.6756,544.0322,437,22,80,5.6422,4.0437,14.2370,15.5425,0,7.0000,0.7929
2544524970,SHMPC_Bandit,rare_heavy,30,0.1000,1.0000,0.0000,0.0000,w2_bures,0,-1,1.0383,26,3.2495,123.2942,170,22,80,6.2679,4.2298,14.6660,18.0253,0,7.0000,1.0583
2544525970,SHMPC_Bandit,rare_heavy,30,0.1000,1.0000,0.0000,0.0000,w2_bures,0,-1,1.2613,11,20.1085,777.3421,709,49,80,3.6332,3.1175,9.2755,13.2928,0,7.0000,1.3073
2544526970,SHMPC_Bandit,rare_heavy,30,0.1000,1.0000,0.0000,0.0000,w2_bures,0,-1,1.3440,18,20.0857,782.1500,609,47,80,4.1013,3.0918,10.8330,13.5630,0,7.0000,1.3925
2544527970,SHMPC_Bandit,rare_heavy,30,0.1000,1.0000,0.0000,0.0000,w2_bures,0,-1,1.3281,12,20.1064,771.6589,770,46,80,3.7910,2.3533,11.6952,13.9194,0,7.0000,1.4068
2544528970,SHMPC_Bandit,rare_heavy,30,0.1000,1.0000,0.0000,0.0000,w2_bures,0,-1,1.2085,17,20.1151,797.1854,494,53,80,3.3415,2.2190,11.1451,14.4171,0,7.0000,1.2617
2544529970,SHMPC_Bandit,rare_heavy,30,0.1000,1.0000,0.0000,0.0000,w2_bures,0,-1,1.3193,19,19.6384,547.0545,340,36,80,4.5625,3.1708,11.9424,14.2871,0,7.0000,1.3581
2544530970,SHMPC_Bandit,rare_heavy,30,0.1000,1.0000,0.0000,0.0000,w2_bures,0,-1,1.3798,17,20.1081,796.3903,675,46,80,4.6040,2.4018,15.6656,17.5509,0,7.0000,1.4287
2544531970,SHMPC_Bandit,rare_heavy,30,0.1000,1.0000,0.0000,0.0000,w2_bures,0,-1,1.1062,24,5.5047,143.3771,133,46,80,6.7719,4.0465,17.9207,20.4358,0,7.0000,1.1072
2544532970,SHMPC_Bandit,rare_heavy,30,0.1000,1.0000,0.0000,0.0000,w2_bures,0,-1,1.3783,14,20.2760,746.4017,494,47,80,4.5186,2.9662,14.4646,19.9050,0,7.0000,1.4223
2544533970,SHMPC_Bandit,rare_heavy,30,0.1000,1.0000,0.0000,0.0000,w2_bures,0,-1,1.2572,14,20.2263,748.8119,424,52,80,3.7652,2.5674,10.8807,13.5926,0,7.0000,1.3131
2544534970,SHMPC_Bandit,rare_heavy,30,0.1000,1.0000,0.0000,0.0000,w2_bures,0,-1,1.3734,18,20.1113,785.1833,645,53,80,4.0182,2.9157,11.2131,13.0849,0,7.0000,1.4382
2544535970,SHMPC_Bandit,rare_heavy,30,0.1000,1.0000,0.0000,0.0000,w2_bures,0,-1,1.2623,16,20.1112,807.3982,597,45,80,4.6359,2.9789,16.4856,17.9671,0,7.0000,1.3067
2544536970,SHMPC_Bandit,rare_heavy,30,0.1000,1.0000,0.0000,0.0000,w2_bures,0,-1,1.2703,15,20.1139,797.5159,452,53,80,4.1642,2.5736,12.4106,14.4335,0,7.0000,1.3117
2544537970,SHMPC_Bandit,rare_heavy,30,0.1000,1.0000,0.0000,0.0000,w2_bures,0,-1,1.0860,37,11.8997,264.1467,299,47,80,5.4190,3.7046,11.6296,17.2522,0,7.0000,1.1056
2544538970,SHMPC_Bandit,rare_heavy,30,0.1000,1.0000,0.0000,0.0000,w2_bures,0,-1,1.4496,17,20.1088,812.5787,718,48,80,3.6840,2.3840,9.6772,13.4330,0,7.0000,1.4795
2544539970,SHMPC_Bandit,rare_heavy,30,0.1000,1.0000,0.0000,0.0000,w2_bures,0,-1,0.9251,42,13.0489,254.6369,270,47,80,4.9425,3.3766,12.6023,20.9727,0,7.0000,0.9527
2544540970,SHMPC_Bandit,rare_heavy,30,0.1000,1.0000,0.0000,0.0000,w2_bures,0,-1,1.2462,13,20.1065,743.8565,432,36,80,3.2914,2.3474,9.3740,13.6878,0,7.0000,1.3151
2544541970,SHMPC_Bandit,rare_heavy,30,0.1000,1.0000,0.0000,0.0000,w2_bures,0,-1,1.3479,11,20.0903,778.5406,726,44,80,3.0642,1.8118,8.9180,12.4410,0,7.0000,1.3853
2544542970,SHMPC_Bandit,rare_heavy,30,0.1000,1.0000,0.0000,0.0000,w2_bures,0,-1,1.2928,12,20.1120,775.6104,669,42,80,3.4754,2.6355,10.4253,12.3693,0,7.0000,1.3505
2544543970,SHMPC_Bandit,rare_heavy,30,0.1000,1.0000,0.0000,0.0000,w2_bures,0,-1,1.3018,37,20.4197,613.4786,522,53,80,4.2840,3.2023,12.1153,14.1365,0,7.0000,1.3229
2544544970,SHMPC_Bandit,rare_heavy,30,0.1000,1.0000,0.0000,0.0000,w2_bures,0,-1,1.3154,17,20.1070,790.9066,589,46,80,3.6775,2.9183,11.4858,12.5507,0,7.0000,1.3434
2544545970,SHMPC_Bandit,rare_heavy,30,0.1000,1.0000,0.0000,0.0000,w2_bures,0,-1,1.0397,18,2.3887,82.7673,149,53,80,5.5205,3.8568,13.3880,16.7871,0,7.0000,1.0459
2544546970,SHMPC_Bandit,rare_heavy,30,0.1000,1.0000,0.0000,0.0000,w2_bures,0,-1,1.0688,15,19.2398,485.8007,285,50,80,4.3428,3.3957,12.9034,13.4146,0,7.0000,1.1269
2544547970,SHMPC_Bandit,rare_heavy,30,0.1000,1.0000,0.0000,0.0000,w2_bures,0,-1,1.2844,16,19.2329,543.5726,454,44,80,4.5201,3.3809,11.7917,13.6627,0,7.0000,1.3335
422184454,SHMPC_Certificate,rare_heavy,30,0.1000,1.0000,0.0000,0.0000,w2_bures,0,-1,1.1724,16,20.1073,788.5905,448,25,80,3.7497,2.8292,12.5955,15.3278,0,7.0000,1.2130
422185454,SHMPC_Certificate,rare_heavy,30,0.1000,1.0000,0.0000,0.0000,w2_bures,0,-1,1.0094,21,4.1601,168.7795,185,19,80,5.3143,3.4613,13.5733,15.0520,0,7.0000,1.0714
422186454,SHMPC_Certificate,rare_heavy,30,0.1000,1.0000,0.0000,0.0000,w2_bures,0,-1,1.0253,14,2.4825,85.9772,93,27,80,6.1619,3.4271,15.1203,19.4180,0,7.0000,1.0733
422187454,SHMPC_Certificate,rare_heavy,30,0.1000,1.0000,0.0000,0.0000,w2_bures,0,-1,0.9259,26,3.3179,248.5985,216,17,80,4.7174,3.5407,12.6136,13.7500,0,7.0000,0.9479
422188454,SHMPC_Certificate,rare_heavy,30,0.1000,1.0000,0.0000,0.0000,w2_bures,0,-1,0.8551,29,2.9574,128.8689,131,20,80,6.2261,4.6675,13.9875,18.0846,0,7.0000,0.8774
422189454,SHMPC_Certificate,rare_heavy,30,0.1000,1.0000,0.0000,0.0000,w2_bures,0,-1,1.2309,16,20.2412,764.7665,399,18,80,4.5579,2.5951,15.1637,29.8363,0,7.0000,1.2799
422190454,SHMPC_Certificate,rare_heavy,30,0.1000,1.0000,0.0000,0.0000,w2_bures,1,15,0.6887,23,7.4273,172.0519,152,18,80,6.0739,4.2147,16.8786,19.9057,0,7.0000,0.7433
422191454,SHMPC_Certificate,rare_heavy,30,0.1000,1.0000,0.0000,0.0000,w2_bures,0,-1,1.0434,50,8.9181,191.0085,194,22,80,7.2179,4.4432,17.2529,20.9955,0,7.0000,1.0477
422192454,SHMPC_Certificate,rare_heavy,30,0.1000,1.0000,0.0000,0.0000,w2_bures,0,-1,1.1119,14,20.1772,751.5428,507,19,80,3.8305,3.0029,11.0753,14.3084,0,7.0000,1.1240
422193454,SHMPC_Certificate,rare_heavy,30,0.1000,1.0000,0.0000,0.0000,w2_bures,0,-1,0.8828,24,2.8934,130.6670,161,24,80,6.2709,4.4007,14.9022,15.4423,0,7.0000,0.9080
422194454,SHMPC_Certificate,rare_heavy,30,0.1000,1.0000,0.0000,0.0000,w2_bures,0,-1,1.0212,23,19.8962,573.9511,429,15,80,4.3353,3.3108,12.9028,18.8121,0,7.0000,1.0440
422195454,SHMPC_Certificate,rare_heavy,30,0.1000,1.0000,0.0000,0.0000,w2_bures,1,22,0.7936,24,9.9950,243.1581,225,13,80,6.1324,3.9047,15.7938,16.5027,0,7.0000,0.8181
422196454,SHMPC_Certificate,rare_heavy,30,0.1000,1.0000,0.0000,0.0000,w2_bures,0,-1,1.0100,25,2.5501,84.0033,90,22,80,6.3679,4.3149,19.7216,20.4353,0,7.0000,1.0344
422197454,SHMPC_Certificate,rare_heavy,30,0.1000,1.0000,0.0000,0.0000,w2_bures,0,-1,1.0734,24,2.5230,85.3253,114,18,80,5.4991,3.4552,13.6571,14.3649,0,7.0000,1.0963
422198454,SHMPC_Certificate,rare_heavy,30,0.1000,1.0000,0.0000,0.0000,w2_bures,0,-1,1.0286,15,20.4991,715.1532,420,19,80,3.6238,2.7078,9.8655,11.8402,0,7.0000,1.0835
422199454,SHMPC_Certificate,rare_heavy,30,0.1000,1.0000,0.0000,0.0000,w2_bures,0,-1,1.2105,12,20.1119,777.2280,501,10,80,2.8970,2.1402,10.1617,12.0687,0,7.0000,1.2498
422200454,SHMPC_Certificate,rare_heavy,30,0.1000,1.0000,0.0000,0.0000,w2_bures,0,-1,1.2520,13,20.1344,560.1186,332,10,80,3.4974,2.9573,8.5893,12.8049,0,7.0000,1.3264
422201454,SHMPC_Certificate,rare_heavy,30,0.1000,1.0000,0.0000,0.0000,w2_bures,0,-1,1.2544,15,20.1119,811.6169,664,18,80,3.0730,2.1811,7.8006,11.6034,0,7.0000,1.3067
422202454,SHMPC_Certificate,rare_heavy,30,0.1000,1.0000,0.0000,0.0000,w2_bures,0,-1,1.2543,9,20.0998,757.7863,592,21,80,2.9858,2.3903,9.6897,11.8276,0,7.0000,1.3009
422203454,SHMPC_Certificate,rare_heavy,30,0.1000,1.0000,0.0000,0.0000,w2_bures,1,17,0.2596,33,14.6825,281.0210,282,19,80,7.1848,5.4107,19.7881,24.8765,0,7.0000,0.2868
422204454,SHMPC_Certificate,rare_heavy,30,0.1000,1.0000,0.0000,0.0000,w2_bures,0,-1,1.2274,16,20.1134,803.1726,478,14,80,4.0179,1.8654,16.6823,25.0765,0,7.0000,1.2776
422205454,SHMPC_Certificate,rare_heavy,30,0.1000,1.0000,0.0000,0.0000,w2_bures,0,-1,1.3127,17,20.0978,808.6058,703,16,80,2.8525,2.1835,6.2288,12.3483,0,7.0000,1.3903
422206454,SHMPC_Certificate,rare_heavy,30,0.1000,1.0000,0.0000,0.0000,w2_bures,1,31,0.3936,48,2.5583,119.8783,169,30,80,5.9873,4.1377,14.2293,30.5796,0,7.0000,0.4139
422207454,SHMPC_Certificate,rare_heavy,30,0.1000,1.0000,0.0000,0.0000,w2_bures,0,-1,1.2171,23,3.2983,132.5557,143,36,80,5.6751,3.8284,12.9944,15.2507,0,7.0000,1.2419
422208454,SHMPC_Certificate,rare_heavy,30,0.1000,1.0000,0.0000,0.0000,w2_bures,1,26,0.5045,54,2.4537,83.8054,133,29,80,5.9530,4.0304,15.9071,21.3355,0,7.0000,0.5174
422209454,SHMPC_Certificate,rare_heavy,30,0.1000,1.0000,0.0000,0.0000,w2_bures,0,-1,0.9667,19,2.4932,85.5014,106,9,80,5.6381,4.0922,14.9564,16.8763,0,7.0000,0.9681
422210454,SHMPC_Certificate,rare_heavy,30,0.1000,1.0000,0.0000,0.0000,w2_bures,0,-1,0.9402,19,20.1104,765.3986,496,23,80,4.9185,4.2774,13.6254,17.2891,0,7.0000,0.9510
422211454,SHMPC_Certificate,rare_heavy,30,0.1000,1.0000,0.0000,0.0000,w2_bures,0,-1,1.1696,15,16.5985,400.4125,312,13,80,5.6413,3.7594,14.9102,15.6545,0,7.0000,1.2686
422212454,SHMPC_Certificate,rare_heavy,30,0.1000,1.0000,0.0000,0.0000,w2_bures,0,-1,1.0666,14,20.1030,762.9955,546,8,80,3.8615,3.3278,11.1703,13.9318,0,7.0000,1.1106
422213454,SHMPC_Certificate,rare_heavy,30,0.1000,1.0000,0.0000,0.0000,w2_bures,0,-1,1.1395,15,20.1051,766.0006,560,17,80,3.9682,2.8731,12.5058,16.0579,0,7.0000,1.2033
1951757961,SHMPC_Compiler,rare_heavy,30,0.1000,1.0000,0.0000,0.0000,w2_bures,0,-1,1.2695,21,20.1207,791.5649,996,12,80,6.0096,4.6819,15.0777,20.9843,0,7.0000,1.3352
1951758961,SHMPC_Compiler,rare_heavy,30,0.1000,1.0000,0.0000,0.0000,w2_bures,0,-1,1.1113,21,20.5332,715.9677,843,16,80,6.5079,4.2999,17.6435,20.4229,0,7.0000,1.1330
1951759961,SHMPC_Compiler,rare_heavy,30,0.1000,1.0000,0.0000,0.0000,w2_bures,0,-1,1.1881,12,20.1081,765.5388,800,15,80,5.0006,3.6362,13.4937,16.8754,0,7.0000,1.2077
1951760961,SHMPC_Compiler,rare_heavy,30,0.1000,1.0000,0.0000,0.0000,w2_bures,0,-1,1.2668,14,20.1138,797.7144,967,18,80,4.5881,3.7449,12.0250,21.3700,0,7.0000,1.3292
1951761961,SHMPC_Compiler,rare_heavy,30,0.1000,1.0000,0.0000,0.0000,w2_bures,0,-1,1.2256,14,20.1091,770.7457,1064,12,80,4.1733,3.7279,12.0585,14.9367