seed,method,scenario,S,eps_wass,sigma,shift_rho,shift_boost,ground_cost,collision,collision_step,min_clearance,min_clearance_step,total_progress,control_effort,constraint_active_count,missed_mode_steps,total_steps,avg_solve_ms,p50_solve_ms,p95_solve_ms,max_solve_ms,total_dro_injected,avg_safe_horizon,clearance_5pct
12345,SHMPC,baseline,30,0.1000,1.0000,0.0000,0.0000,w2_bures,0,-1,0.9247,14,16.7301,357.3088,272,28,80,4.5157,3.5480,12.5393,14.2734,0,7.0000,0.9479
12346,SHMPC,baseline,30,0.1000,1.0000,0.0000,0.0000,w2_bures,1,28,0.7147,31,20.4092,672.7935,364,30,80,4.3710,2.8323,13.3735,14.7480,0,7.0000,0.7453
12347,SHMPC,baseline,30,0.1000,1.0000,0.0000,0.0000,w2_bures,1,33,0.6037,41,16.7044,358.2841,274,34,80,4.2483,3.0645,12.4114,15.8023,0,7.0000,0.6192
12348,SHMPC,baseline,30,0.1000,1.0000,0.0000,0.0000,w2_bures,1,19,0.7866,25,2.8229,95.3637,113,12,80,4.7835,3.4070,12.3859,15.8360,0,7.0000,0.8158
12349,SHMPC,baseline,30,0.1000,1.0000,0.0000,0.0000,w2_bures,0,-1,1.0490,14,2.4638,85.6682,135,14,80,6.4779,4.7843,19.2372,22.8810,0,7.0000,1.0659
12350,SHMPC,baseline,30,0.1000,1.0000,0.0000,0.0000,w2_bures,0,-1,0.9498,41,3.8320,114.4446,149,31,80,5.0182,2.9854,12.6801,13.7522,0,7.0000,0.9560
12351,SHMPC,baseline,30,0.1000,1.0000,0.0000,0.0000,w2_bures,0,-1,1.2094,12,20.1201,765.2659,560,14,80,3.6238,2.7044,13.0832,16.6596,0,7.0000,1.2304
12352,SHMPC,baseline,30,0.1000,1.0000,0.0000,0.0000,w2_bures,0,-1,0.9417,34,9.5874,200.9506,286,19,80,5.0604,3.4230,12.5226,15.3243,0,7.0000,0.9613
12353,SHMPC,baseline,30,0.1000,1.0000,0.0000,0.0000,w2_bures,0,-1,1.0202,27,14.6250,343.6351,317,28,80,5.0898,2.8472,12.4696,30.3380,0,7.0000,1.0272
12354,SHMPC,baseline,30,0.1000,1.0000,0.0000,0.0000,w2_bures,1,17,0.0707,33,2.3453,106.4409,162,7,80,5.9925,3.7299,13.5665,15.2328,0,7.0000,0.1071
12355,SHMPC,baseline,30,0.1000,1.0000,0.0000,0.0000,w2_bures,1,24,0.7361,28,20.5409,640.5020,411,31,80,5.2167,3.5248,15.4662,20.7945,0,7.0000,0.7530
12356,SHMPC,baseline,30,0.1000,1.0000,0.0000,0.0000,w2_bures,1,19,0.1381,46,1.7291,66.3781,102,14,80,5.4074,3.4662,14.6211,18.0012,0,7.0000,0.1487
12357,SHMPC,baseline,30,0.1000,1.0000,0.0000,0.0000,w2_bures,0,-1,1.2375,14,20.1116,777.2449,645,12,80,3.1204,2.3915,10.2896,11.9437,0,7.0000,1.2977
12358,SHMPC,baseline,30,0.1000,1.0000,0.0000,0.0000,w2_bures,0,-1,1.1655,12,20.1115,774.1130,583,12,80,3.1748,2.2068,10.7172,12.2008,0,7.0000,1.2312
12359,SHMPC,baseline,30,0.1000,1.0000,0.0000,0.0000,w2_bures,0,-1,0.9766,13,18.4022,433.7158,370,23,80,4.1573,3.2080,11.9530,13.0007,0,7.0000,1.0000
12360,SHMPC,baseline,30,0.1000,1.0000,0.0000,0.0000,w2_bures,0,-1,1.2774,21,20.0945,790.5426,515,20,80,3.0434,2.5070,9.7596,11.0823,0,7.0000,1.2888
12361,SHMPC,baseline,30,0.1000,1.0000,0.0000,0.0000,w2_bures,0,-1,1.0118,18,5.3870,178.2822,284,28,80,5.6870,3.7718,13.0563,17.1066,0,7.0000,1.0892
12362,SHMPC,baseline,30,0.1000,1.0000,0.0000,0.0000,w2_bures,0,-1,1.1837,12,20.1116,772.7089,644,15,80,3.4029,3.0239,9.0010,11.9363,0,7.0000,1.2066
12363,SHMPC,baseline,30,0.1000,1.0000,0.0000,0.0000,w2_bures,0,-1,1.0564,16,15.4519,305.7883,277,26,80,4.8435,3.4372,12.4736,13.9528,0,7.0000,1.0667
12364,SHMPC,baseline,30,0.1000,1.0000,0.0000,0.0000,w2_bures,0,-1,1.0101,24,2.9586,128.9568,156,19,80,4.7988,3.2626,10.8395,14.5826,0,7.0000,1.0294
12365,SHMPC,baseline,30,0.1000,1.0000,0.0000,0.0000,w2_bures,1,20,0.6672,25,20.4051,678.3162,417,28,80,3.7759,3.3341,10.0986,10.8786,0,7.0000,0.6829
12366,SHMPC,baseline,30,0.1000,1.0000,0.0000,0.0000,w2_bures,0,-1,1.0570,21,2.9242,95.1814,105,21,80,4.5274,3.1035,12.2763,15.0696,0,7.0000,1.0957
12367,SHMPC,baseline,30,0.1000,1.0000,0.0000,0.0000,w2_bures,0,-1,1.1349,12,20.1090,774.6568,483,33,80,3.2276,2.4157,10.1179,13.1156,0,7.0000,1.1932
12368,SHMPC,baseline,30,0.1000,1.0000,0.0000,0.0000,w2_bures,0,-1,0.8839,18,20.2060,757.2854,526,30,80,3.9019,3.1854,11.6030,12.5443,0,7.0000,1.0195
12369,SHMPC,baseline,30,0.1000,1.0000,0.0000,0.0000,w2_bures,0,-1,1.1407,14,18.9507,507.2000,428,11,80,4.4217,3.2625,12.4803,17.6472,0,7.0000,1.2209
12370,SHMPC,baseline,30,0.1000,1.0000,0.0000,0.0000,w2_bures,0,-1,0.8929,25,19.6768,534.6630,505,19,80,4.8152,3.6548,12.0069,15.9953,0,7.0000,0.9243
12371,SHMPC,baseline,30,0.1000,1.0000,0.0000,0.0000,w2_bures,0,-1,1.0116,33,3.4772,142.1166,104,11,80,4.1704,3.0238,10.5901,13.6904,0,7.0000,1.0287
12372,SHMPC,baseline,30,0.1000,1.0000,0.0000,0.0000,w2_bures,0,-1,1.1805,12,9.6943,200.3022,168,19,80,4.2037,2.6322,11.0618,11.6501,0,7.0000,1.2478
12373,SHMPC,baseline,30,0.1000,1.0000,0.0000,0.0000,w2_bures,0,-1,1.3056,11,20.1115,774.3974,675,23,80,3.1550,2.4042,9.6478,12.0650,0,7.0000,1.3623
12374,SHMPC,baseline,30,0.1000,1.0000,0.0000,0.0000,w2_bures,0,-1,1.4900,14,20.0747,804.1486,805,28,80,2.5470,1.9509,5.5043,9.7586,0,7.0000,1.5307
12375,SHMPC,baseline,30,0.1000,1.0000,0.0000,0.0000,w2_bures,0,-1,1.1249,17,19.3806,552.9452,439,22,80,4.0520,2.8359,10.7781,14.9109,0,7.0000,1.1562
12376,SHMPC,baseline,30,0.1000,1.0000,0.0000,0.0000,w2_bures,0,-1,1.1715,11,12.9970,230.7416,185,18,80,5.1707,3.4104,12.3711,14.2810,0,7.0000,1.1885
12377,SHMPC,baseline,30,0.1000,1.0000,0.0000,0.0000,w2_bures,0,-1,1.3952,17,20.1176,789.1230,522,15,80,2.6523,2.2404,6.5793,11.0081,0,7.0000,1.4264
12378,SHMPC,baseline,30,0.1000,1.0000,0.0000,0.0000,w2_bures,1,18,0.1865,36,9.6177,200.7154,176,35,80,4.4488,3.3466,13.1885,14.2587,0,7.0000,0.2110
12379,SHMPC,baseline,30,0.1000,1.0000,0.0000,0.0000,w2_bures,0,-1,1.0909,14,5.4685,144.0240,178,21,80,4.7877,3.5379,11.4635,12.4153,0,7.0000,1.1108
12380,SHMPC,baseline,30,0.1000,1.0000,0.0000,0.0000,w2_bures,0,-1,1.1477,11,15.4014,307.3916,232,16,80,4.1965,3.2805,12.3310,12.9904,0,7.0000,1.1551
12381,SHMPC,baseline,30,0.1000,1.0000,0.0000,0.0000,w2_bures,0,-1,1.0409,16,8.1655,181.7968,197,16,80,5.4555,3.4531,13.3731,17.4771,0,7.0000,1.1300
12382,SHMPC,baseline,30,0.1000,1.0000,0.0000,0.0000,w2_bures,0,-1,1.2711,11,20.1090,778.5730,593,25,80,3.1659,2.3937,10.0465,18.1202,0,7.0000,1.2966
12383,SHMPC,baseline,30,0.1000,1.0000,0.0000,0.0000,w2_bures,1,20,0.7137,36,16.4285,386.0000,408,24,80,5.1508,4.1417,12.1139,14.3504,0,7.0000,0.7384
12384,SHMPC,baseline,30,0.1000,1.0000,0.0000,0.0000,w2_bures,0,-1,1.1666,15,13.8745,255.6745,433,23,80,6.0219,4.5968,15.5781,19.6038,0,7.0000,1.1701
12385,SHMPC,baseline,30,0.1000,1.0000,0.0000,0.0000,w2_bures,0,-1,1.0686,31,20.3978,677.5886,425,28,80,3.9256,2.8677,10.6630,11.2253,0,7.0000,1.0928
12386,SHMPC,baseline,30,0.1000,1.0000,0.0000,0.0000,w2_bures,0,-1,0.9155,16,18.7971,461.2700,321,12,80,4.8310,3.7596,12.4895,13.2499,0,7.0000,0.9299
12387,SHMPC,baseline,30,0.1000,1.0000,0.0000,0.0000,w2_bures,1,25,0.2529,32,20.5404,718.8645,477,21,80,4.5409,3.2987,13.6394,16.0423,0,7.0000,0.3214
12388,SHMPC,baseline,30,0.1000,1.0000,0.0000,0.0000,w2_bures,0,-1,0.9784,39,19.8596,538.1179,375,24,80,4.1269,3.2483,11.6418,13.5005,0,7.0000,1.0008
12389,SHMPC,baseline,30,0.1000,1.0000,0.0000,0.0000,w2_bures,0,-1,0.9294,17,2.4452,85.0755,117,15,80,5.0327,3.1532,11.4821,13.0816,0,7.0000,0.9707
12390,SHMPC,baseline,30,0.1000,1.0000,0.0000,0.0000,w2_bures,1,21,0.5979,28,2.3913,104.1934,141,12,80,6.4653,4.3416,14.9840,21.7916,0,7.0000,0.6119
12391,SHMPC,baseline,30,0.1000,1.0000,0.0000,0.0000,w2_bures,1,17,0.7189,49,3.3349,105.2348,127,13,80,5.6996,3.8894,13.2411,14.3571,0,7.0000,0.7333
12392,SHMPC,baseline,30,0.1000,1.0000,0.0000,0.0000,w2_bures,0,-1,1.1127,18,20.4538,750.9085,376,30,80,3.1737,2.5326,8.9088,10.2217,0,7.0000,1.1875
12393,SHMPC,baseline,30,0.1000,1.0000,0.0000,0.0000,w2_bures,0,-1,1.0539,40,8.3178,235.9452,290,20,80,5.3098,3.4108,11.9131,14.3607,0,7.0000,1.0755
12394,SHMPC,baseline,30,0.1000,1.0000,0.0000,0.0000,w2_bures,1,20,0.6287,30,10.9890,254.9833,317,23,80,5.0728,3.4060,11.5922,17.0660,0,7.0000,0.6375
12395,SHMPC,baseline,30,0.1000,1.0000,0.0000,0.0000,w2_bures,0,-1,1.1659,13,20.1047,767.3543,486,22,80,3.2773,2.3664,10.5755,11.6053,0,7.0000,1.2044
12396,SHMPC,baseline,30,0.1000,1.0000,0.0000,0.0000,w2_bures,1,18,0.4403,32,20.0715,562.0263,297,11,80,5.5327,3.4825,13.9740,14.7436,0,7.0000,0.4616
12397,SHMPC,baseline,30,0.1000,1.0000,0.0000,0.0000,w2_bures,0,-1,1.1105,16,20.2854,588.9810,470,26,80,4.5160,4.0029,12.3539,17.6841,0,7.0000,1.1352
12398,SHMPC,baseline,30,0.1000,1.0000,0.0000,0.0000,w2_bures,0,-1,1.2243,61,3.3994,138.5392,92,25,80,4.4071,3.2388,10.7829,13.3489,0,7.0000,1.2301
12399,SHMPC,baseline,30,0.1000,1.0000,0.0000,0.0000,w2_bures,0,-1,1.0171,10,11.2220,219.8101,230,17,80,4.9658,3.4579,12.6593,15.9578,0,7.0000,1.0342
12400,SHMPC,baseline,30,0.1000,1.0000,0.0000,0.0000,w2_bures,0,-1,1.0032,14,20.2378,757.8806,514,13,80,4.2019,3.0216,11.9149,12.8895,0,7.0000,1.0275
12401,SHMPC,baseline,30,0.1000,1.0000,0.0000,0.0000,w2_bures,1,15,0.0507,24,20.4231,659.6843,561,13,80,5.0654,3.9709,15.9068,19.0543,0,7.0000,0.1440
12402,SHMPC,baseline,30,0.1000,1.0000,0.0000,0.0000,w2_bures,0,-1,1.1269,18,20.2546,763.2196,479,16,80,3.8379,2.9183,10.4989,14.3049,0,7.0000,1.1670
12403,SHMPC,baseline,30,0.1000,1.0000,0.0000,0.0000,w2_bures,1,19,0.8182,19,20.2526,753.6203,511,25,80,3.3360,3.0968,7.8791,12.2385,0,7.0000,0.8471
12404,SHMPC,baseline,30,0.1000,1.0000,0.0000,0.0000,w2_bures,1,77,0.7330,79,1.7403,61.3433,115,12,80,6.8310,4.6322,14.7312,20.9843,0,7.0000,0.8682
12405,SHMPC,baseline,30,0.1000,1.0000,0.0000,0.0000,w2_bures,0,-1,0.9277,28,19.3722,549.2316,348,15,80,4.8501,3.9015,15.2886,21.3679,0,7.0000,0.9520
12406,SHMPC,baseline,30,0.1000,1.0000,0.0000,0.0000,w2_bures,1,29,0.8282,32,8.6642,224.7568,257,24,80,5.6341,3.4297,12.1901,13.3955,0,7.0000,0.8365
12407,SHMPC,baseline,30,0.1000,1.0000,0.0000,0.0000,w2_bures,0,-1,0.9617,14,2.4515,85.9051,95,23,80,5.3812,3.0627,11.3271,19.8264,0,7.0000,1.0082
12408,SHMPC,baseline,30,0.1000,1.0000,0.0000,0.0000,w2_bures,1,22,0.7325,29,2.4329,86.3150,105,23,80,5.6682,3.9221,17.0946,19.3323,0,7.0000,0.7524
12409,SHMPC,baseline,30,0.1000,1.0000,0.0000,0.0000,w2_bures,0,-1,1.1231,14,20.1304,743.7894,472,21,80,3.5098,2.6828,10.2245,12.5453,0,7.0000,1.1545
12410,SHMPC,baseline,30,0.1000,1.0000,0.0000,0.0000,w2_bures,1,19,0.1642,27,20.1604,772.1483,736,6,80,5.3146,4.0169,12.8829,16.8512,0,7.0000,0.2892
12411,SHMPC,baseline,30,0.1000,1.0000,0.0000,0.0000,w2_bures,1,13,0.0394,22,20.4275,742.5424,382,9,80,4.7499,3.5572,20.2109,20.7592,0,7.0000,0.2234
12412,SHMPC,baseline,30,0.1000,1.0000,0.0000,0.0000,w2_bures,0,-1,1.1102,20,11.5746,268.0404,308,23,80,4.5728,2.9347,11.6773,12.9536,0,7.0000,1.1206
12413,SHMPC,baseline,30,0.1000,1.0000,0.0000,0.0000,w2_bures,0,-1,1.1493,19,20.2344,802.5754,443,22,80,3.3806,2.6803,8.9797,10.7956,0,7.0000,1.2643
12414,SHMPC,baseline,30,0.1000,1.0000,0.0000,0.0000,w2_bures,0,-1,1.1934,16,17.0545,410.8597,336,13,80,5.5310,3.8170,19.8977,20.7356,0,7.0000,1.2338
12415,SHMPC,baseline,30,0.1000,1.0000,0.0000,0.0000,w2_bures,0,-1,1.1936,22,20.0959,823.6287,642,16,80,3.9191,2.6132,11.4664,18.7112,0,7.0000,1.1944
12416,SHMPC,baseline,30,0.1000,1.0000,0.0000,0.0000,w2_bures,1,18,0.6297,28,13.0284,229.9155,212,23,80,5.7089,4.0184,13.6177,19.3236,0,7.0000,0.6376
12417,SHMPC,baseline,30,0.1000,1.0000,0.0000,0.0000,w2_bures,0,-1,1.1249,13,20.1896,760.1357,482,25,80,4.5434,2.9016,12.9376,17.8831,0,7.0000,1.1886
12418,SHMPC,baseline,30,0.1000,1.0000,0.0000,0.0000,w2_bures,0,-1,1.1895,29,11.2635,246.1222,286,32,80,4.7524,3.0306,12.2112,15.4524,0,7.0000,1.2108
12419,SHMPC,baseline,30,0.1000,1.0000,0.0000,0.0000,w2_bures,1,29,0.7829,32,18.6149,493.3274,335,29,80,4.4337,3.3230,12.7260,13.5357,0,7.0000,0.8036
12420,SHMPC,baseline,30,0.1000,1.0000,0.0000,0.0000,w2_bures,0,-1,1.0143,21,2.8376,95.1332,139,30,80,5.4112,3.8276,12.9940,16.4399,0,7.0000,1.0233
12421,SHMPC,baseline,30,0.1000,1.0000,0.0000,0.0000,w2_bures,0,-1,1.3113,18,20.5496,700.9348,485,19,80,3.5539,2.7986,9.7942,11.4275,0,7.0000,1.3453
12422,SHMPC,baseline,30,0.1000,1.0000,0.0000,0.0000,w2_bures,0,-1,1.1491,11,20.1128,772.6173,685,26,80,3.3547,3.0641,8.8488,15.4904,0,7.0000,1.2052
12423,SHMPC,baseline,30,0.1000,1.0000,0.0000,0.0000,w2_bures,1,23,0.6617,29,20.4355,741.7340,458,23,80,4.4773,2.9972,12.8300,18.2005,0,7.0000,0.6852
12424,SHMPC,baseline,30,0.1000,1.0000,0.0000,0.0000,w2_bures,0,-1,1.1553,25,2.8628,113.8806,127,22,80,5.1071,3.1495,11.1251,13.2689,0,7.0000,1.1710
12425,SHMPC,baseline,30,0.1000,1.0000,0.0000,0.0000,w2_bures,1,16,0.8289,17,2.4029,86.0583,120,20,80,5.3978,3.4905,13.4171,17.8737,0,7.0000,0.8527
12426,SHMPC,baseline,30,0.1000,1.0000,0.0000,0.0000,w2_bures,1,33,0.7802,39,15.3816,307.9516,325,33,80,5.0064,3.3594,13.7182,17.3197,0,7.0000,0.7888
12427,SHMPC,baseline,30,0.1000,1.0000,0.0000,0.0000,w2_bures,0,-1,1.0023,24,20.3495,846.1776,548,28,80,4.6550,3.0964,13.4350,15.7658,0,7.0000,1.0118
12428,SHMPC,baseline,30,0.1000,1.0000,0.0000,0.0000,w2_bures,0,-1,0.9233,24,3.2552,139.1265,135,14,80,6.1954,4.0686,12.9133,15.3157,0,7.0000,0.9465
12429,SHMPC,baseline,30,0.1000,1.0000,0.0000,0.0000,w2_bures,1,26,0.8338,26,2.9162,129.3296,182,14,80,4.9163,3.5765,11.6620,12.7128,0,7.0000,0.8597
12430,SHMPC,baseline,30,0.1000,1.0000,0.0000,0.0000,w2_bures,1,19,0.5567,26,20.4090,736.9351,364,32,80,5.1571,3.6896,19.7111,23.4354,0,7.0000,0.5831
12431,SHMPC,baseline,30,0.1000,1.0000,0.0000,0.0000,w2_bures,0,-1,1.2426,18,20.1166,789.7894,469,25,80,2.7363,1.7871,9.0403,12.0991,0,7.0000,1.2933
12432,SHMPC,baseline,30,0.1000,1.0000,0.0000,0.0000,w2_bures,0,-1,1.2403,12,20.1130,775.0658,625,16,80,3.2888,2.3424,11.4415,15.5980,0,7.0000,1.2791
12433,SHMPC,baseline,30,0.1000,1.0000,0.0000,0.0000,w2_bures,0,-1,1.1220,18,15.8463,369.5477,381,23,80,4.6787,3.2442,11.4774,14.3961,0,7.0000,1.1733
12434,SHMPC,baseline,30,0.1000,1.0000,0.0000,0.0000,w2_bures,0,-1,1.3273,17,20.2364,754.8322,553,17,80,4.2857,2.8927,11.9129,12.7896,0,7.0000,1.3633
12435,SHMPC,baseline,30,0.1000,1.0000,0.0000,0.0000,w2_bures,0,-1,1.1568,14,20.1315,563.1454,478,18,80,3.8513,2.9305,10.9213,15.5922,0,7.0000,1.1805
12436,SHMPC,baseline,30,0.1000,1.0000,0.0000,0.0000,w2_bures,0,-1,1.0618,15,9.6800,201.2439,198,34,80,5.0176,3.1930,12.8935,13.5248,0,7.0000,1.1067
12437,SHMPC,baseline,30,0.1000,1.0000,0.0000,0.0000,w2_bures,0,-1,1.0052,20,2.9080,94.8252,114,18,80,5.2986,3.4286,12.0975,17.9621,0,7.0000,1.0264
12438,SHMPC,baseline,30,0.1000,1.0000,0.0000,0.0000,w2_bures,0,-1,1.3877,36,12.3942,558.5174,397,30,80,4.5907,3.3702,12.3673,16.6164,0,7.0000,1.3998
12439,SHMPC,baseline,30,0.1000,1.0000,0.0000,0.0000,w2_bures,0,-1,1.1577,16,20.1060,801.0744,636,27,80,3.9323,2.2444,13.2474,19.3087,0,7.0000,1.1839
12440,SHMPC,baseline,30,0.1000,1.0000,0.0000,0.0000,w2_bures,0,-1,1.2135,12,20.1122,775.4003,520,23,80,2.9251,2.0778,10.3677,12.8972,0,7.0000,1.2788
12441,SHMPC,baseline,30,0.1000,1.0000,0.0000,0.0000,w2_bures,1,15,0.4857,29,8.8440,192.2374,211,20,80,5.3156,3.5796,14.3569,15.9750,0,7.0000,0.4934
12442,SHMPC,baseline,30,0.1000,1.0000,0.0000,0.0000,w2_bures,0,-1,0.8852,32,7.4776,171.6814,232,25,80,4.7581,3.1503,11.8068,14.1234,0,7.0000,0.8887
12443,SHMPC,baseline,30,0.1000,1.0000,0.0000,0.0000,w2_bures,0,-1,0.9527,31,2.4540,85.5211,77,16,80,5.6227,3.9906,13.2992,13.9668,0,7.0000,0.9723
12444,SHMPC,baseline,30,0.1000,1.0000,0.0000,0.0000,w2_bures,0,-1,1.0400,20,2.4335,86.3255,121,16,80,4.6777,3.1737,12.0117,12.7324,0,7.0000,1.0557
12345,SHMPC_DRO,baseline,30,0.1000,1.0000,0.0000,0.0000,w2_bures,0,-1,0.9822,14,16.7087,357.1323,424,23,80,4.9518,3.5386,12.1877,16.7905,12,7.0000,1.0054
12346,SHMPC_DRO,baseline,30,0.1000,1.0000,0.0000,0.0000,w2_bures,1,28,0.6982,31,20.3937,672.6517,477,30,80,4.0519,2.9380,12.7524,13.9076,11,7.0000,0.7316
12347,SHMPC_DRO,baseline,30,0.1000,1.0000,0.0000,0.0000,w2_bures,0,-1,0.9852,16,17.8400,411.4843,368,34,80,4.4959,3.5988,12.1397,12.5964,11,7.0000,1.0276
12348,SHMPC_DRO,baseline,30,0.1000,1.0000,0.0000,0.0000,w2_bures,1,41,0.6585,72,2.4235,89.2077,134,12,80,5.7167,3.8926,14.3644,17.5291,8,7.0000,0.6835
12349,SHMPC_DRO,baseline,30,0.1000,1.0000,0.0000,0.0000,w2_bures,0,-1,1.1192,13,7.3978,172.7837,175,12,80,5.6759,3.7892,12.7329,13.0448,5,7.0000,1.1425
12350,SHMPC_DRO,baseline,30,0.1000,1.0000,0.0000,0.0000,w2_bures,0,-1,0.9718,42,3.8058,114.8790,133,21,80,5.7927,3.4066,12.2651,13.1963,5,7.0000,0.9774
12351,SHMPC_DRO,baseline,30,0.1000,1.0000,0.0000,0.0000,w2_bures,0,-1,1.1291,16,19.2256,485.4696,472,23,80,4.7989,3.3633,12.3892,15.9153,9,7.0000,1.1758
12352,SHMPC_DRO,baseline,30,0.1000,1.0000,0.0000,0.0000,w2_bures,0,-1,0.9191,34,4.3264,124.1132,159,20,80,5.3212,3.5911,12.9105,17.2837,11,7.0000,0.9384
12353,SHMPC_DRO,baseline,30,0.1000,1.0000,0.0000,0.0000,w2_bures,0,-1,1.0840,19,11.0334,254.6489,301,25,80,4.9902,3.1484,11.3693,12.7649,6,7.0000,1.1014
12354,SHMPC_DRO,baseline,30,0.1000,1.0000,0.0000,0.0000,w2_bures,1,18,0.2666,33,2.0399,94.8248,140,2,80,6.7392,5.0115,13.8191,18.6937,16,7.0000,0.2763
12355,SHMPC_DRO,baseline,30,0.1000,1.0000,0.0000,0.0000,w2_bures,1,23,0.6952,28,20.5668,643.3534,440,35,80,4.9953,3.8427,13.1330,13.2189,10,7.0000,0.7070
12356,SHMPC_DRO,baseline,30,0.1000,1.0000,0.0000,0.0000,w2_bures,1,18,0.2401,45,2.0754,76.3775,81,19,80,8.6430,5.5497,25.7430,27.9987,10,7.0000,0.2508
12357,SHMPC_DRO,baseline,30,0.1000,1.0000,0.0000,0.0000,w2_bures,0,-1,1.1998,15,20.1133,789.5258,628,18,80,3.3048,2.1121,11.2195,12.6090,7,7.0000,1.2627
12358,SHMPC_DRO,baseline,30,0.1000,1.0000,0.0000,0.0000,w2_bures,0,-1,1.1999,11,20.1072,776.9573,562,16,80,2.9312,1.9610,10.0234,13.5266,7,7.0000,1.2427
12359,SHMPC_DRO,baseline,30,0.1000,1.0000,0.0000,0.0000,w2_bures,0,-1,1.0473,13,19.8740,538.6184,348,27,80,4.4350,3.3102,12.2089,17.4938,7,7.0000,1.1274
12360,SHMPC_DRO,baseline,30,0.1000,1.0000,0.0000,0.0000,w2_bures,0,-1,1.1334,19,20.1252,772.4962,585,18,80,4.0197,2.8929,11.4850,14.3586,8,7.0000,1.1812
12361,SHMPC_DRO,baseline,30,0.1000,1.0000,0.0000,0.0000,w2_bures,0,-1,1.0969,19,3.5352,141.1239,205,32,80,5.9111,3.7274,12.8143,16.0559,11,7.0000,1.1430
12362,SHMPC_DRO,baseline,30,0.1000,1.0000,0.0000,0.0000,w2_bures,0,-1,1.1743,11,20.1123,773.6691,567,15,80,3.0003,2.4666,10.6406,15.2477,7,7.0000,1.2072
12363,SHMPC_DRO,baseline,30,0.1000,1.0000,0.0000,0.0000,w2_bures,0,-1,1.0832,14,17.3393,381.6983,274,22,80,4.1573,3.1083,10.7496,11.2081,9,7.0000,1.0913
12364,SHMPC_DRO,baseline,30,0.1000,1.0000,0.0000,0.0000,w2_bures,0,-1,1.0218,24,2.9346,129.3460,127,23,80,4.5973,3.3139,11.0501,12.2078,8,7.0000,1.0580
12365,SHMPC_DRO,baseline,30,0.1000,1.0000,0.0000,0.0000,w2_bures,1,21,0.6875,26,20.3879,681.1551,411,29,80,3.7798,3.0264,10.9358,12.8953,11,7.0000,0.7053
12366,SHMPC_DRO,baseline,30,0.1000,1.0000,0.0000,0.0000,w2_bures,0,-1,0.8761,26,2.5176,84.8750,89,20,80,4.8949,3.2823,10.7908,11.9073,13,7.0000,0.9020
12367,SHMPC_DRO,baseline,30,0.1000,1.0000,0.0000,0.0000,w2_bures,0,-1,1.0902,13,20.0960,772.3962,601,25,80,3.3262,2.5866,10.2583,16.6483,8,7.0000,1.1449
12368,SHMPC_DRO,baseline,30,0.1000,1.0000,0.0000,0.0000,w2_bures,0,-1,0.9489,16,20.2060,757.5130,463,16,80,4.2273,3.0844,11.7091,12.7725,11,7.0000,1.0245
12369,SHMPC_DRO,baseline,30,0.1000,1.0000,0.0000,0.0000,w2_bures,0,-1,1.1538,14,20.5442,703.0433,461,10,80,3.6666,2.7814,11.0933,11.5973,7,7.0000,1.2169
12370,SHMPC_DRO,baseline,30,0.1000,1.0000,0.0000,0.0000,w2_bures,1,23,0.7441,25,18.6576,499.4258,379,16,80,4.3599,3.1471,12.3840,14.0881,7,7.0000,0.7686
12371,SHMPC_DRO,baseline,30,0.1000,1.0000,0.0000,0.0000,w2_bures,0,-1,1.0361,33,3.4207,138.9437,151,22,80,4.9640,3.4095,12.1734,16.1168,5,7.0000,1.0563
12372,SHMPC_DRO,baseline,30,0.1000,1.0000,0.0000,0.0000,w2_bures,0,-1,1.1467,12,9.7025,199.3159,208,14,80,4.6200,2.8524,11.4324,12.6672,8,7.0000,1.2003
12373,SHMPC_DRO,baseline,30,0.1000,1.0000,0.0000,0.0000,w2_bures,0,-1,1.2555,13,20.1100,776.6151,713,19,80,3.2467,2.7302,10.0882,13.2654,8,7.0000,1.2980
12374,SHMPC_DRO,baseline,30,0.1000,1.0000,0.0000,0.0000,w2_bures,0,-1,1.4005,17,20.1012,803.6807,793,27,80,2.9164,2.3528,8.0655,12.6550,4,7.0000,1.4799
12375,SHMPC_DRO,baseline,30,0.1000,1.0000,0.0000,0.0000,w2_bures,0,-1,1.1336,17,20.4030,679.5916,537,19,80,4.9158,3.4925,12.6231,14.3706,10,7.0000,1.1649
12376,SHMPC_DRO,baseline,30,0.1000,1.0000,0.0000,0.0000,w2_bures,0,-1,1.1457,24,13.0282,229.5798,228,17,80,4.8914,3.2591,12.4639,16.3664,5,7.0000,1.1493
12377,SHMPC_DRO,baseline,30,0.1000,1.0000,0.0000,0.0000,w2_bures,0,-1,1.3725,14,20.1135,794.1278,567,20,80,4.2203,3.0172,17.3486,20.6858,7,7.0000,1.4157
12378,SHMPC_DRO,baseline,30,0.1000,1.0000,0.0000,0.0000,w2_bures,1,21,0.5744,36,10.4165,211.0973,249,28,80,5.3867,3.4515,12.9079,14.4293,11,7.0000,0.5901
12379,SHMPC_DRO,baseline,30,0.1000,1.0000,0.0000,0.0000,w2_bures,0,-1,1.0080,17,13.8322,256.2791,287,21,80,4.7065,3.1821,11.9011,14.6760,9,7.0000,1.0247
12380,SHMPC_DRO,baseline,30,0.1000,1.0000,0.0000,0.0000,w2_bures,0,-1,1.1487,12,15.4185,307.4167,350,16,80,5.0462,3.3479,12.3797,14.6146,6,7.0000,1.1595
12381,SHMPC_DRO,baseline,30,0.1000,1.0000,0.0000,0.0000,w2_bures,0,-1,1.0302,16,8.1662,181.0841,192,24,80,4.8140,3.3599,12.7199,19.7875,10,7.0000,1.1194
12382,SHMPC_DRO,baseline,30,0.1000,1.0000,0.0000,0.0000,w2_bures,0,-1,1.2376,12,20.1107,776.8958,690,28,80,3.2377,2.2837,10.0938,11.1873,6,7.0000,1.2549
12383,SHMPC_DRO,baseline,30,0.1000,1.0000,0.0000,0.0000,w2_bures,0,-1,0.8927,36,15.7522,365.0626,284,34,80,5.5216,3.5709,12.4934,18.0713,9,7.0000,0.9008
12384,SHMPC_DRO,baseline,30,0.1000,1.0000,0.0000,0.0000,w2_bures,0,-1,1.1630,16,13.8726,256.0291,313,28,80,4.9494,3.2302,12.9646,13.7554,5,7.0000,1.1662
12385,SHMPC_DRO,baseline,30,0.1000,1.0000,0.0000,0.0000,w2_bures,0,-1,1.2182,21,20.4264,778.0801,567,21,80,4.5105,3.5535,11.9145,14.9801,9,7.0000,1.2410
12386,SHMPC_DRO,baseline,30,0.1000,1.0000,0.0000,0.0000,w2_bures,0,-1,0.9794,15,17.8241,415.2091,334,16,80,4.9772,3.5677,13.7478,14.8236,11,7.0000,1.0285
12387,SHMPC_DRO,baseline,30,0.1000,1.0000,0.0000,0.0000,w2_bures,1,25,0.7686,29,20.2014,769.2034,640,26,80,4.8427,3.5922,13.4362,14.0587,8,7.0000,0.7861
12388,SHMPC_DRO,baseline,30,0.1000,1.0000,0.0000,0.0000,w2_bures,0,-1,0.9913,39,19.8308,537.5062,438,19,80,4.2442,3.2857,12.6722,14.1848,10,7.0000,1.0071
12389,SHMPC_DRO,baseline,30,0.1000,1.0000,0.0000,0.0000,w2_bures,0,-1,1.0196,17,2.8292,95.7086,142,23,80,4.5699,3.3079,12.6509,13.4886,12,7.0000,1.0242
12390,SHMPC_DRO,baseline,30,0.1000,1.0000,0.0000,0.0000,w2_bures,1,21,0.5873,28,2.4019,103.8400,179,21,80,6.3295,4.1086,13.7278,17.1309,9,7.0000,0.6036
12391,SHMPC_DRO,baseline,30,0.1000,1.0000,0.0000,0.0000,w2_bures,1,15,0.7197,49,3.3343,105.2325,112,16,80,6.5348,4.2188,14.8377,15.7789,17,7.0000,0.7338
12392,SHMPC_DRO,baseline,30,0.1000,1.0000,0.0000,0.0000,w2_bures,0,-1,1.1291,17,20.1898,768.4326,513,14,80,3.4887,2.8878,9.6345,13.7530,8,7.0000,1.1611
12393,SHMPC_DRO,baseline,30,0.1000,1.0000,0.0000,0.0000,w2_bures,0,-1,1.1344,20,8.4472,260.5168,237,29,80,5.3328,3.0118,12.0009,12.9026,12,7.0000,1.1644
12394,SHMPC_DRO,baseline,30,0.1000,1.0000,0.0000,0.0000,w2_bures,0,-1,0.9668,20,18.5867,488.4471,361,22,80,4.7987,3.5867,12.9119,14.2263,10,7.0000,1.0234
12395,SHMPC_DRO,baseline,30,0.1000,1.0000,0.0000,0.0000,w2_bures,0,-1,1.2253,11,20.1073,771.7637,536,29,80,3.0020,2.3008,10.0321,12.4216,5,7.0000,1.2441
12396,SHMPC_DRO,baseline,30,0.1000,1.0000,0.0000,0.0000,w2_bures,1,18,0.4419,32,20.0870,562.0199,399,15,80,5.4163,4.0745,13.4189,13.6506,11,7.0000,0.4638
12397,SHMPC_DRO,baseline,30,0.1000,1.0000,0.0000,0.0000,w2_bures,0,-1,0.9077,29,17.3437,382.5552,405,24,80,4.6795,3.1083,12.3072,13.0382,13,7.0000,0.9242
12398,SHMPC_DRO,baseline,30,0.1000,1.0000,0.0000,0.0000,w2_bures,0,-1,0.9874,63,2.9982,124.8309,115,21,80,5.2626,3.3460,12.5580,21.6587,8,7.0000,1.0098
12399,SHMPC_DRO,baseline,30,0.1000,1.0000,0.0000,0.0000,w2_bures,0,-1,1.0143,10,16.7041,358.8035,365,15,80,4.1763,3.2556,13.1595,17.7847,14,7.0000,1.0252
12400,SHMPC_DRO,baseline,30,0.1000,1.0000,0.0000,0.0000,w2_bures,0,-1,0.9863,12,20.1309,765.9182,589,16,80,3.7028,2.9225,10.5796,14.0396,12,7.0000,1.0099
12401,SHMPC_DRO,baseline,30,0.1000,1.0000,0.0000,0.0000,w2_bures,1,15,0.3773,23,20.5250,711.8707,461,13,80,4.6415,3.8490,14.0717,16.7053,20,7.0000,0.4213
12402,SHMPC_DRO,baseline,30,0.1000,1.0000,0.0000,0.0000,w2_bures,0,-1,1.1036,18,20.2515,763.2632,542,18,80,4.4756,3.1850,12.4365,13.1162,6,7.0000,1.1471
12403,SHMPC_DRO,baseline,30,0.1000,1.0000,0.0000,0.0000,w2_bures,1,15,0.4881,22,20.5901,691.1619,384,22,80,4.8923,3.5047,14.7234,15.7670,12,7.0000,0.5092
12404,SHMPC_DRO,baseline,30,0.1000,1.0000,0.0000,0.0000,w2_bures,1,13,0.7408,18,2.3654,86.6619,134,7,80,5.9862,3.9906,14.1510,18.3640,20,7.0000,0.7675
12405,SHMPC_DRO,baseline,30,0.1000,1.0000,0.0000,0.0000,w2_bures,0,-1,1.2388,16,19.9327,599.4381,424,20,80,3.6091,2.7216,9.4995,13.2055,8,7.0000,1.2716
12406,SHMPC_DRO,baseline,30,0.1000,1.0000,0.0000,0.0000,w2_bures,1,25,0.6693,33,5.6871,179.5362,245,14,80,5.2015,3.2564,12.1540,13.9898,6,7.0000,0.6907
12407,SHMPC_DRO,baseline,30,0.1000,1.0000,0.0000,0.0000,w2_bures,0,-1,1.0313,13,2.0262,77.0977,100,37,80,6.1158,3.5491,14.1895,14.8599,10,7.0000,1.0765
12408,SHMPC_DRO,baseline,30,0.1000,1.0000,0.0000,0.0000,w2_bures,1,22,0.7337,29,2.4334,85.8910,119,18,80,6.6262,4.0539,14.1890,14.6456,12,7.0000,0.7536
12409,SHMPC_DRO,baseline,30,0.1000,1.0000,0.0000,0.0000,w2_bures,0,-1,1.1105,16,20.1096,788.9391,505,19,80,3.6651,2.6013,12.6543,16.5804,8,7.0000,1.1604
12410,SHMPC_DRO,baseline,30,0.1000,1.0000,0.0000,0.0000,w2_bures,1,19,0.2023,27,20.1478,770.7240,600,8,80,4.1984,3.0237,11.7489,16.7392,12,7.0000,0.3060
12411,SHMPC_DRO,baseline,30,0.1000,1.0000,0.0000,0.0000,w2_bures,1,13,0.0507,22,20.4225,742.3625,519,13,80,4.9782,3.7840,14.4698,16.9752,15,7.0000,0.2134
12412,SHMPC_DRO,baseline,30,0.1000,1.0000,0.0000,0.0000,w2_bures,0,-1,1.1209,17,11.8578,265.2099,274,24,80,5.1636,3.3976,12.2124,12.4341,6,7.0000,1.1757
12413,SHMPC_DRO,baseline,30,0.1000,1.0000,0.0000,0.0000,w2_bures,0,-1,1.1734,15,20.1204,788.9620,469,25,80,3.6452,2.6899,10.7381,15.9706,11,7.0000,1.2009
12414,SHMPC_DRO,baseline,30,0.1000,1.0000,0.0000,0.0000,w2_bures,0,-1,1.1736,17,14.4032,318.9867,338,18,80,4.4458,3.0934,10.7113,17.5486,13,7.0000,1.2013
12415,SHMPC_DRO,baseline,30,0.1000,1.0000,0.0000,0.0000,w2_bures,0,-1,1.1671,18,20.1069,790.9278,572,19,80,3.4680,2.5714,9.5629,15.2458,6,7.0000,1.1966
12416,SHMPC_DRO,baseline,30,0.1000,1.0000,0.0000,0.0000,w2_bures,1,17,0.7672,23,17.5689,405.5562,452,15,80,5.3114,3.8838,14.8683,18.0846,11,7.0000,0.7727
12417,SHMPC_DRO,baseline,30,0.1000,1.0000,0.0000,0.0000,w2_bures,0,-1,1.0858,16,19.9032,536.2596,319,21,80,3.6723,2.7882,12.1415,13.4881,5,7.0000,1.1414
12418,SHMPC_DRO,baseline,30,0.1000,1.0000,0.0000,0.0000,w2_bures,0,-1,1.3435,29,14.3011,314.7317,383,23,80,5.1766,3.4777,13.2179,17.5937,8,7.0000,1.3640
12419,SHMPC_DRO,baseline,30,0.1000,1.0000,0.0000,0.0000,w2_bures,1,29,0.7916,32,18.5973,494.5195,367,32,80,4.5492,2.8976,12.1133,15.5282,8,7.0000,0.8117
12420,SHMPC_DRO,baseline,30,0.1000,1.0000,0.0000,0.0000,w2_bures,0,-1,1.0805,20,2.9576,121.6556,167,29,80,5.3682,3.5039,12.1250,12.7726,7,7.0000,1.1020
12421,SHMPC_DRO,baseline,30,0.1000,1.0000,0.0000,0.0000,w2_bures,0,-1,1.2700,14,20.2500,773.3750,521,25,80,3.9490,2.5645,10.6357,11.1939,6,7.0000,1.3688
12422,SHMPC_DRO,baseline,30,0.1000,1.0000,0.0000,0.0000,w2_bures,0,-1,1.1479,11,20.1118,772.9755,755,21,80,3.4807,2.7821,9.7990,13.4677,6,7.0000,1.2337
12423,SHMPC_DRO,baseline,30,0.1000,1.0000,0.0000,0.0000,w2_bures,1,24,0.6675,29,20.4319,742.2315,520,17,80,4.5904,3.6977,11.3672,14.4899,12,7.0000,0.6862
12424,SHMPC_DRO,baseline,30,0.1000,1.0000,0.0000,0.0000,w2_bures,0,-1,1.1878,24,3.2988,124.2299,161,23,80,4.5268,3.1409,10.4124,14.6875,8,7.0000,1.2052
12425,SHMPC_DRO,baseline,30,0.1000,1.0000,0.0000,0.0000,w2_bures,1,14,0.8100,17,2.4207,86.4210,131,11,80,5.4059,3.9768,12.4460,14.7257,17,7.0000,0.8254
12426,SHMPC_DRO,baseline,30,0.1000,1.0000,0.0000,0.0000,w2_bures,0,-1,1.0017,31,17.9187,407.4352,289,27,80,3.8402,2.9644,10.6519,12.9546,5,7.0000,1.0046
12427,SHMPC_DRO,baseline,30,0.1000,1.0000,0.0000,0.0000,w2_bures,1,22,0.8307,25,20.3987,778.6061,401,24,80,4.3897,3.5086,12.9546,17.5908,16,7.0000,0.8350
12428,SHMPC_DRO,baseline,30,0.1000,1.0000,0.0000,0.0000,w2_bures,0,-1,0.9690,22,3.1831,135.7036,164,21,80,5.5567,3.7445,14.3413,17.1515,9,7.0000,1.0049
12429,SHMPC_DRO,baseline,30,0.1000,1.0000,0.0000,0.0000,w2_bures,0,-1,1.0728,19,4.2447,182.7840,233,9,80,6.7571,4.5489,15.6312,19.3148,12,7.0000,1.1168
12430,SHMPC_DRO,baseline,30,0.1000,1.0000,0.0000,0.0000,w2_bures,1,20,0.7179,25,20.2651,729.0820,424,27,80,4.0082,2.9167,12.0001,13.4804,14,7.0000,0.7355
12431,SHMPC_DRO,baseline,30,0.1000,1.0000,0.0000,0.0000,w2_bures,0,-1,1.2745,17,20.1141,810.7640,622,22,80,3.3781,2.1143,11.4930,14.7841,8,7.0000,1.3319
12432,SHMPC_DRO,baseline,30,0.1000,1.0000,0.0000,0.0000,w2_bures,0,-1,1.1734,13,20.1101,773.3259,439,10,80,3.0529,2.1256,10.9244,16.7479,6,7.0000,1.2366
12433,SHMPC_DRO,baseline,30,0.1000,1.0000,0.0000,0.0000,w2_bures,0,-1,1.1588,19,15.8286,369.6497,300,26,80,4.4190,3.2367,10.6131,14.0132,9,7.0000,1.1666
12434,SHMPC_DRO,baseline,30,0.1000,1.0000,0.0000,0.0000,w2_bures,0,-1,1.0902,27,19.8848,535.1796,448,8,80,3.7684,2.8882,10.6336,13.0639,5,7.0000,1.1153
12435,SHMPC_DRO,baseline,30,0.1000,1.0000,0.0000,0.0000,w2_bures,0,-1,1.1135,14,9.9115,200.6311,261,21,80,4.7746,3.2899,12.2034,12.7568,11,7.0000,1.1368
12436,SHMPC_DRO,baseline,30,0.1000,1.0000,0.0000,0.0000,w2_bures,0,-1,1.1474,11,13.8068,257.6506,336,24,80,4.6761,3.0977,12.0935,12.9758,5,7.0000,1.2119
12437,SHMPC_DRO,baseline,30,0.1000,1.0000,0.0000,0.0000,w2_bures,0,-1,1.0072,20,2.9073,94.8437,140,12,80,4.7764,3.3369,10.7391,12.0160,14,7.0000,1.0284
12438,SHMPC_DRO,baseline,30,0.1000,1.0000,0.0000,0.0000,w2_bures,0,-1,1.1553,19,19.6017,547.3862,477,21,80,3.7178,2.6644,10.2469,11.6974,7,7.0000,1.1796
12439,SHMPC_DRO,baseline,30,0.1000,1.0000,0.0000,0.0000,w2_bures,0,-1,1.1358,25,20.1303,870.5203,648,24,80,3.8664,2.8972,10.4200,17.4713,16,7.0000,1.1750
12440,SHMPC_DRO,baseline,30,0.1000,1.0000,0.0000,0.0000,w2_bures,0,-1,1.2156,12,20.1122,775.2462,727,22,80,3.7635,2.3701,12.3742,15.6270,5,7.0000,1.2800
12441,SHMPC_DRO,baseline,30,0.1000,1.0000,0.0000,0.0000,w2_bures,1,24,0.8430,25,16.6384,360.2808,358,28,80,5.1483,3.9472,14.5143,15.6198,14,7.0000,0.8491
12442,SHMPC_DRO,baseline,30,0.1000,1.0000,0.0000,0.0000,w2_bures,0,-1,1.2195,11,16.0868,332.0115,371,26,80,5.0009,2.8281,11.9848,13.9470,5,7.0000,1.2347
12443,SHMPC_DRO,baseline,30,0.1000,1.0000,0.0000,0.0000,w2_bures,0,-1,1.0205,31,2.4261,85.8230,94,22,80,4.7322,3.3573,12.4614,15.9430,7,7.0000,1.0411
12444,SHMPC_DRO,baseline,30,0.1000,1.0000,0.0000,0.0000,w2_bures,0,-1,1.0261,20,2.4388,86.4541,111,22,80,4.6668,3.2122,12.0302,13.7013,11,7.0000,1.0481
12345,SHMPC_AdaptiveDRO,baseline,30,0.1000,1.0000,0.0000,0.0000,w2_bures,0,-1,0.9398,14,16.7351,358.7238,410,24,80,5.0194,3.4365,11.7853,17.2762,16,7.0000,0.9630
12346,SHMPC_AdaptiveDRO,baseline,30,0.1000,1.0000,0.0000,0.0000,w2_bures,0,-1,0.9123,31,20.5599,705.0927,403,24,80,4.3399,3.2014,13.2197,18.7274,15,7.0000,0.9396
12347,SHMPC_AdaptiveDRO,baseline,30,0.1000,1.0000,0.0000,0.0000,w2_bures,1,32,0.5920,40,17.2862,384.2122,366,30,80,5.2412,3.7199,13.7468,19.4648,12,7.0000,0.6068
12348,SHMPC_AdaptiveDRO,baseline,30,0.1000,1.0000,0.0000,0.0000,w2_bures,1,62,0.7175,72,2.5273,86.9575,130,12,80,4.9812,3.3372,13.3007,17.2074,9,7.0000,0.7424
12349,SHMPC_AdaptiveDRO,baseline,30,0.1000,1.0000,0.0000,0.0000,w2_bures,0,-1,1.1079,12,13.8076,257.6682,324,13,80,4.6808,3.3329,11.8111,15.4390,9,7.0000,1.1247
12350,SHMPC_AdaptiveDRO,baseline,30,0.1000,1.0000,0.0000,0.0000,w2_bures,1,32,0.5720,44,2.4397,85.6565,145,28,80,5.0323,3.5974,13.0868,19.4352,5,7.0000,0.5783
12351,SHMPC_AdaptiveDRO,baseline,30,0.1000,1.0000,0.0000,0.0000,w2_bures,0,-1,1.1281,13,20.1242,562.3731,444,17,80,4.7430,3.2122,13.2917,19.2769,8,7.0000,1.1608
12352,SHMPC_AdaptiveDRO,baseline,30,0.1000,1.0000,0.0000,0.0000,w2_bures,0,-1,0.9268,34,9.6003,201.8162,263,19,80,5.5828,3.7165,13.4835,19.8811,11,7.0000,0.9462
12353,SHMPC_AdaptiveDRO,baseline,30,0.1000,1.0000,0.0000,0.0000,w2_bures,0,-1,0.9075,51,9.0926,228.3420,252,24,80,4.9723,3.3040,13.1116,14.5612,10,7.0000,0.9126
12354,SHMPC_AdaptiveDRO,baseline,30,0.1000,1.0000,0.0000,0.0000,w2_bures,1,18,0.5133,32,2.7436,114.1235,173,2,80,6.9598,4.3859,14.5537,15.5122,18,7.0000,0.5215
12355,SHMPC_AdaptiveDRO,baseline,30,0.1000,1.0000,0.0000,0.0000,w2_bures,1,22,0.6113,29,20.3042,607.2915,331,38,80,4.1325,2.9612,11.6182,12.1116,14,7.0000,0.6258
12356,SHMPC_AdaptiveDRO,baseline,30,0.1000,1.0000,0.0000,0.0000,w2_bures,1,18,0.2399,45,2.0738,76.8625,94,22,80,6.1623,3.8621,13.4083,14.3738,11,7.0000,0.2496
12357,SHMPC_AdaptiveDRO,baseline,30,0.1000,1.0000,0.0000,0.0000,w2_bures,0,-1,1.1758,14,20.1172,773.5644,553,13,80,3.3009,2.6832,10.6247,13.1459,9,7.0000,1.2292
12358,SHMPC_AdaptiveDRO,baseline,30,0.1000,1.0000,0.0000,0.0000,w2_bures,0,-1,1.2000,11,20.1072,776.9740,572,16,80,2.9686,1.9466,10.2680,12.9951,7,7.0000,1.2427
12359,SHMPC_AdaptiveDRO,baseline,30,0.1000,1.0000,0.0000,0.0000,w2_bures,0,-1,1.0331,13,19.8866,538.2162,447,21,80,4.6921,3.3153,11.5787,13.5308,9,7.0000,1.1071
12360,SHMPC_AdaptiveDRO,baseline,30,0.1000,1.0000,0.0000,0.0000,w2_bures,0,-1,1.1952,20,20.0867,791.7595,590,19,80,3.8043,3.0570,11.7776,11.8444,10,7.0000,1.2430
12361,SHMPC_AdaptiveDRO,baseline,30,0.1000,1.0000,0.0000,0.0000,w2_bures,0,-1,0.9834,54,2.7912,114.3267,149,33,80,5.2403,3.4800,13.3559,13.9529,9,7.0000,1.0077
12362,SHMPC_AdaptiveDRO,baseline,30,0.1000,1.0000,0.0000,0.0000,w2_bures,0,-1,1.1829,12,20.1117,772.8080,588,11,80,3.3723,2.6403,10.8578,12.9958,8,7.0000,1.2058
12363,SHMPC_AdaptiveDRO,baseline,30,0.1000,1.0000,0.0000,0.0000,w2_bures,0,-1,1.0564,16,15.4531,306.8119,401,26,80,4.5476,3.4144,12.2126,12.8818,8,7.0000,1.0668
12364,SHMPC_AdaptiveDRO,baseline,30,0.1000,1.0000,0.0000,0.0000,w2_bures,0,-1,1.0973,24,2.9333,130.1880,144,24,80,5.8884,3.8002,13.0695,15.8739,7,7.0000,1.1170
12365,SHMPC_AdaptiveDRO,baseline,30,0.1000,1.0000,0.0000,0.0000,w2_bures,0,-1,0.8590,20,20.2651,779.1815,452,23,80,3.7859,3.4213,10.6757,12.7042,14,7.0000,1.0357
12366,SHMPC_AdaptiveDRO,baseline,30,0.1000,1.0000,0.0000,0.0000,w2_bures,0,-1,1.0263,26,2.9122,94.7907,83,21,80,4.6271,3.2796,12.1081,13.1851,7,7.0000,1.0517
12367,SHMPC_AdaptiveDRO,baseline,30,0.1000,1.0000,0.0000,0.0000,w2_bures,0,-1,1.1152,13,20.1149,764.8549,512,34,80,3.4557,2.6279,12.1489,14.2929,8,7.0000,1.1743
12368,SHMPC_AdaptiveDRO,baseline,30,0.1000,1.0000,0.0000,0.0000,w2_bures,0,-1,1.0478,15,20.2114,758.8265,459,26,80,3.9262,3.0161,12.7951,19.1637,9,7.0000,1.0884
12369,SHMPC_AdaptiveDRO,baseline,30,0.1000,1.0000,0.0000,0.0000,w2_bures,0,-1,1.1412,14,18.0007,447.3122,374,8,80,4.2859,3.1066,12.3203,14.2010,9,7.0000,1.1868
12370,SHMPC_AdaptiveDRO,baseline,30,0.1000,1.0000,0.0000,0.0000,w2_bures,1,23,0.7392,25,18.2142,476.9489,292,18,80,4.4752,3.0989,12.3831,13.2542,12,7.0000,0.7642
12371,SHMPC_AdaptiveDRO,baseline,30,0.1000,1.0000,0.0000,0.0000,w2_bures,0,-1,0.9817,33,3.7711,155.5897,125,9,80,5.2122,3.7186,14.4031,17.0913,16,7.0000,1.0017
12372,SHMPC_AdaptiveDRO,baseline,30,0.1000,1.0000,0.0000,0.0000,w2_bures,0,-1,1.1598,12,11.3287,219.6572,233,13,80,5.2894,3.1307,12.7601,14.8588,7,7.0000,1.2123
12373,SHMPC_AdaptiveDRO,baseline,30,0.1000,1.0000,0.0000,0.0000,w2_bures,0,-1,1.1768,12,20.1001,773.1836,612,34,80,3.3613,2.1083,10.7286,13.2737,11,7.0000,1.2403
12374,SHMPC_AdaptiveDRO,baseline,30,0.1000,1.0000,0.0000,0.0000,w2_bures,0,-1,1.3721,17,20.1056,806.4202,798,21,80,3.1358,2.8759,8.3649,11.8079,3,7.0000,1.4505
12375,SHMPC_AdaptiveDRO,baseline,30,0.1000,1.0000,0.0000,0.0000,w2_bures,0,-1,1.1434,17,19.3817,552.1852,360,29,80,4.2083,3.1833,11.0693,14.6912,14,7.0000,1.1747
12376,SHMPC_AdaptiveDRO,baseline,30,0.1000,1.0000,0.0000,0.0000,w2_bures,0,-1,1.1400,24,13.0297,229.5657,292,19,80,4.7794,3.4933,11.5892,12.1826,8,7.0000,1.1435
12377,SHMPC_AdaptiveDRO,baseline,30,0.1000,1.0000,0.0000,0.0000,w2_bures,0,-1,1.3281,19,14.4265,321.8302,242,18,80,3.6405,2.7443,9.1636,11.2602,6,7.0000,1.3712
12378,SHMPC_AdaptiveDRO,baseline,30,0.1000,1.0000,0.0000,0.0000,w2_bures,1,20,0.1586,42,8.9198,190.6287,118,42,80,5.8127,3.6637,15.9087,18.9088,12,7.0000,0.1649
12379,SHMPC_AdaptiveDRO,baseline,30,0.1000,1.0000,0.0000,0.0000,w2_bures,0,-1,1.0820,14,5.4719,143.9725,144,23,80,4.5165,3.1053,11.4780,11.9399,9,7.0000,1.1019
12380,SHMPC_AdaptiveDRO,baseline,30,0.1000,1.0000,0.0000,0.0000,w2_bures,0,-1,1.1159,13,16.0889,331.1557,341,16,80,4.6495,3.1492,12.1585,13.5953,7,7.0000,1.1607
12381,SHMPC_AdaptiveDRO,baseline,30,0.1000,1.0000,0.0000,0.0000,w2_bures,0,-1,0.9332,30,2.4938,85.5192,79,26,80,4.7990,3.3242,11.3327,12.2943,5,7.0000,0.9611
12382,SHMPC_AdaptiveDRO,baseline,30,0.1000,1.0000,0.0000,0.0000,w2_bures,0,-1,1.2312,13,20.1089,776.7414,701,23,80,3.3681,2.9708,8.8316,12.9210,10,7.0000,1.2709
12383,SHMPC_AdaptiveDRO,baseline,30,0.1000,1.0000,0.0000,0.0000,w2_bures,1,35,0.8194,36,15.8113,367.3604,405,23,80,5.8528,4.1156,14.6125,18.2930,13,7.0000,0.8488
12384,SHMPC_AdaptiveDRO,baseline,30,0.1000,1.0000,0.0000,0.0000,w2_bures,0,-1,1.1458,17,13.8586,255.7269,342,33,80,4.8567,3.5074,13.1762,13.5263,5,7.0000,1.1547
12385,SHMPC_AdaptiveDRO,baseline,30,0.1000,1.0000,0.0000,0.0000,w2_bures,0,-1,1.1903,31,20.3209,647.1172,407,35,80,4.2361,2.9577,11.0122,19.3929,7,7.0000,1.2239
12386,SHMPC_AdaptiveDRO,baseline,30,0.1000,1.0000,0.0000,0.0000,w2_bures,0,-1,0.9396,14,17.3800,383.3085,337,25,80,5.0886,3.3951,13.9175,15.5237,12,7.0000,0.9916
12387,SHMPC_AdaptiveDRO,baseline,30,0.1000,1.0000,0.0000,0.0000,w2_bures,1,24,0.6472,29,20.2670,764.1123,682,15,80,5.0993,3.7600,13.8050,17.2286,10,7.0000,0.6865
12388,SHMPC_AdaptiveDRO,baseline,30,0.1000,1.0000,0.0000,0.0000,w2_bures,0,-1,0.9881,39,19.8179,537.0986,476,25,80,4.7744,3.6550,13.1888,13.9165,9,7.0000,1.0045
12389,SHMPC_AdaptiveDRO,baseline,30,0.1000,1.0000,0.0000,0.0000,w2_bures,0,-1,0.9580,17,2.4350,85.6200,103,20,80,5.7599,3.8223,13.1886,17.1985,10,7.0000,0.9709
12390,SHMPC_AdaptiveDRO,baseline,30,0.1000,1.0000,0.0000,0.0000,w2_bures,1,21,0.6029,28,2.4110,104.3585,136,21,80,7.0471,4.4628,15.7683,22.4424,9,7.0000,0.6202
12391,SHMPC_AdaptiveDRO,baseline,30,0.1000,1.0000,0.0000,0.0000,w2_bures,1,16,0.7215,49,3.3306,105.1496,118,12,80,5.0076,3.6264,13.3118,14.0084,16,7.0000,0.7349
12392,SHMPC_AdaptiveDRO,baseline,30,0.1000,1.0000,0.0000,0.0000,w2_bures,0,-1,1.2731,16,20.1148,784.5328,587,23,80,3.1541,1.9562,10.0952,11.9861,8,7.0000,1.2925
12393,SHMPC_AdaptiveDRO,baseline,30,0.1000,1.0000,0.0000,0.0000,w2_bures,0,-1,1.1548,15,10.2576,244.7567,204,23,80,5.7561,3.3677,13.0370,13.8336,8,7.0000,1.2044
12394,SHMPC_AdaptiveDRO,baseline,30,0.1000,1.0000,0.0000,0.0000,w2_bures,1,20,0.6293,30,10.9882,254.9440,288,25,80,5.1497,3.5145,13.4258,14.1366,16,7.0000,0.6382
12395,SHMPC_AdaptiveDRO,baseline,30,0.1000,1.0000,0.0000,0.0000,w2_bures,0,-1,1.1648,13,20.1047,767.7635,494,29,80,3.5257,2.6449,11.9739,15.3424,5,7.0000,1.2033
12396,SHMPC_AdaptiveDRO,baseline,30,0.1000,1.0000,0.0000,0.0000,w2_bures,1,17,0.7042,27,20.4519,613.6101,429,18,80,4.5125,3.4779,12.3396,13.5276,12,7.0000,0.7094
12397,SHMPC_AdaptiveDRO,baseline,30,0.1000,1.0000,0.0000,0.0000,w2_bures,0,-1,0.9048,29,17.3502,382.7176,320,25,80,4.7068,3.2548,13.3256,16.3914,9,7.0000,0.9207
12398,SHMPC_AdaptiveDRO,baseline,30,0.1000,1.0000,0.0000,0.0000,w2_bures,0,-1,0.8863,63,2.9583,129.8916,116,23,80,4.8261,3.2409,12.1950,13.0119,10,7.0000,0.9070
12399,SHMPC_AdaptiveDRO,baseline,30,0.1000,1.0000,0.0000,0.0000,w2_bures,0,-1,1.0144,10,11.2268,220.0029,227,18,80,4.9827,3.5865,13.1576,13.2629,13,7.0000,1.0315
12400,SHMPC_AdaptiveDRO,baseline,30,0.1000,1.0000,0.0000,0.0000,w2_bures,0,-1,1.0066,14,20.5661,664.8484,371,11,80,3.8707,2.9739,11.6547,17.1065,9,7.0000,1.0309
12401,SHMPC_AdaptiveDRO,baseline,30,0.1000,1.0000,0.0000,0.0000,w2_bures,1,15,0.0484,25,20.4233,659.6004,514,19,80,4.8522,3.8861,13.5526,14.6875,19,7.0000,0.1473
12402,SHMPC_AdaptiveDRO,baseline,30,0.1000,1.0000,0.0000,0.0000,w2_bures,0,-1,1.1223,15,20.2519,783.2967,513,22,80,3.7890,3.2227,10.1609,12.7442,12,7.0000,1.1305
12403,SHMPC_AdaptiveDRO,baseline,30,0.1000,1.0000,0.0000,0.0000,w2_bures,1,15,0.4936,22,20.5941,690.5577,380,21,80,4.5861,3.4666,14.3021,15.2626,11,7.0000,0.5128
12404,SHMPC_AdaptiveDRO,baseline,30,0.1000,1.0000,0.0000,0.0000,w2_bures,1,18,0.7501,22,2.4890,88.3918,154,8,80,5.3403,4.0113,14.1084,16.6049,20,7.0000,0.7788
12405,SHMPC_AdaptiveDRO,baseline,30,0.1000,1.0000,0.0000,0.0000,w2_bures,0,-1,1.1509,19,19.9585,602.1879,392,17,80,3.6623,2.8336,8.8074,13.6043,10,7.0000,1.2028
12406,SHMPC_AdaptiveDRO,baseline,30,0.1000,1.0000,0.0000,0.0000,w2_bures,0,-1,0.9120,31,12.0579,255.6353,230,27,80,5.2771,3.2701,13.0177,14.9255,6,7.0000,0.9185
12407,SHMPC_AdaptiveDRO,baseline,30,0.1000,1.0000,0.0000,0.0000,w2_bures,0,-1,0.9268,14,2.4660,85.8272,107,23,80,5.9224,3.8307,13.1649,18.7604,13,7.0000,0.9733
12408,SHMPC_AdaptiveDRO,baseline,30,0.1000,1.0000,0.0000,0.0000,w2_bures,0,-1,1.0086,15,2.8437,95.9041,123,13,80,5.6593,3.6151,12.6235,13.5717,11,7.0000,1.0599
12409,SHMPC_AdaptiveDRO,baseline,30,0.1000,1.0000,0.0000,0.0000,w2_bures,0,-1,1.1385,15,20.1554,779.3138,483,22,80,4.3407,2.9848,13.0818,14.2926,7,7.0000,1.2302
12410,SHMPC_AdaptiveDRO,baseline,30,0.1000,1.0000,0.0000,0.0000,w2_bures,1,19,0.4457,26,20.1495,797.7998,601,11,80,4.1941,3.3439,12.8712,13.8759,11,7.0000,0.4969
12411,SHMPC_AdaptiveDRO,baseline,30,0.1000,1.0000,0.0000,0.0000,w2_bures,1,14,0.0679,22,20.4351,743.0414,568,8,80,4.5866,3.6680,13.6786,15.6675,15,7.0000,0.1998
12412,SHMPC_AdaptiveDRO,baseline,30,0.1000,1.0000,0.0000,0.0000,w2_bures,0,-1,1.1743,18,11.8527,264.4084,348,20,80,5.5264,3.4597,12.0000,12.6955,6,7.0000,1.1937
12413,SHMPC_AdaptiveDRO,baseline,30,0.1000,1.0000,0.0000,0.0000,w2_bures,1,22,0.1891,58,2.7844,153.1081,222,19,80,5.6973,3.8739,13.8371,21.8931,20,7.0000,0.2151
12414,SHMPC_AdaptiveDRO,baseline,30,0.1000,1.0000,0.0000,0.0000,w2_bures,0,-1,1.1712,15,16.4974,392.1467,305,15,80,4.7031,3.4405,11.4649,15.8554,10,7.0000,1.2085
12415,SHMPC_AdaptiveDRO,baseline,30,0.1000,1.0000,0.0000,0.0000,w2_bures,0,-1,1.1583,18,20.0955,827.2422,529,22,80,3.4221,2.7765,8.7760,11.2069,9,7.0000,1.2129
12416,SHMPC_AdaptiveDRO,baseline,30,0.1000,1.0000,0.0000,0.0000,w2_bures,1,18,0.6063,28,13.0299,228.9091,250,17,80,5.1735,3.7456,14.3030,14.6541,12,7.0000,0.6141
12417,SHMPC_AdaptiveDRO,baseline,30,0.1000,1.0000,0.0000,0.0000,w2_bures,0,-1,1.1373,16,20.1095,780.4382,518,27,80,3.8192,2.7440,13.5760,15.8628,8,7.0000,1.2063
12418,SHMPC_AdaptiveDRO,baseline,30,0.1000,1.0000,0.0000,0.0000,w2_bures,0,-1,1.0661,29,6.8682,186.2893,182,34,80,6.1046,3.8613,13.9894,15.6014,9,7.0000,1.0761
12419,SHMPC_AdaptiveDRO,baseline,30,0.1000,1.0000,0.0000,0.0000,w2_bures,1,29,0.7871,32,18.6140,493.9828,379,25,80,4.6766,3.2853,13.1871,15.2383,8,7.0000,0.8084
12420,SHMPC_AdaptiveDRO,baseline,30,0.1000,1.0000,0.0000,0.0000,w2_bures,0,-1,1.1296,18,2.8299,116.3859,145,26,80,5.3615,3.7004,14.0522,14.3813,9,7.0000,1.1601
12421,SHMPC_AdaptiveDRO,baseline,30,0.1000,1.0000,0.0000,0.0000,w2_bures,0,-1,1.3183,16,20.4926,764.1267,498,19,80,3.9100,2.7990,11.0218,11.9309,6,7.0000,1.3523
12422,SHMPC_AdaptiveDRO,baseline,30,0.1000,1.0000,0.0000,0.0000,w2_bures,0,-1,1.1539,11,20.1121,776.6771,654,21,80,3.6729,3.2061,12.4091,16.5400,9,7.0000,1.2101
12423,SHMPC_AdaptiveDRO,baseline,30,0.1000,1.0000,0.0000,0.0000,w2_bures,1,21,0.6239,29,20.4201,740.1919,549,23,80,5.1874,3.4420,13.3188,15.3828,10,7.0000,0.6400
12424,SHMPC_AdaptiveDRO,baseline,30,0.1000,1.0000,0.0000,0.0000,w2_bures,0,-1,1.1671,25,3.2798,124.0307,143,20,80,5.3649,3.3479,13.0995,15.8261,8,7.0000,1.1834
12425,SHMPC_AdaptiveDRO,baseline,30,0.1000,1.0000,0.0000,0.0000,w2_bures,0,-1,0.9067,17,2.3650,86.6044,129,10,80,5.7052,3.7571,14.3849,20.3564,10,7.0000,0.9221
12426,SHMPC_AdaptiveDRO,baseline,30,0.1000,1.0000,0.0000,0.0000,w2_bures,1,33,0.7829,39,14.6791,282.4506,226,30,80,4.3509,3.2258,11.7360,13.0116,12,7.0000,0.7912
12427,SHMPC_AdaptiveDRO,baseline,30,0.1000,1.0000,0.0000,0.0000,w2_bures,1,23,0.3271,35,20.1410,627.8406,410,16,80,4.7032,3.2525,13.0800,15.9844,24,7.0000,0.3902
12428,SHMPC_AdaptiveDRO,baseline,30,0.1000,1.0000,0.0000,0.0000,w2_bures,1,23,0.8370,24,3.3186,140.0166,153,22,80,4.8307,3.2680,12.4690,16.0204,14,7.0000,0.8598
12429,SHMPC_AdaptiveDRO,baseline,30,0.1000,1.0000,0.0000,0.0000,w2_bures,1,26,0.8426,26,2.9002,130.0094,155,14,80,5.0374,3.5703,12.9194,17.3831,8,7.0000,0.8929
12430,SHMPC_AdaptiveDRO,baseline,30,0.1000,1.0000,0.0000,0.0000,w2_bures,1,19,0.1814,27,20.5438,693.5680,445,18,80,5.8170,3.6538,16.1977,20.8623,8,7.0000,0.2568
12431,SHMPC_AdaptiveDRO,baseline,30,0.1000,1.0000,0.0000,0.0000,w2_bures,0,-1,1.2512,16,20.1142,794.9053,609,24,80,3.2533,2.6379,8.6247,11.6387,7,7.0000,1.2890
12432,SHMPC_AdaptiveDRO,baseline,30,0.1000,1.0000,0.0000,0.0000,w2_bures,0,-1,1.1688,13,20.1108,773.0593,475,15,80,3.0837,2.0202,11.8938,19.7343,6,7.0000,1.2319
12433,SHMPC_AdaptiveDRO,baseline,30,0.1000,1.0000,0.0000,0.0000,w2_bures,0,-1,0.9859,20,15.1392,342.5091,386,29,80,4.8092,3.6060,12.8001,13.6586,12,7.0000,1.0483
12434,SHMPC_AdaptiveDRO,baseline,30,0.1000,1.0000,0.0000,0.0000,w2_bures,0,-1,1.3063,15,20.1766,749.5246,559,8,80,4.2788,3.2992,12.3553,18.0408,6,7.0000,1.3366
12435,SHMPC_AdaptiveDRO,baseline,30,0.1000,1.0000,0.0000,0.0000,w2_bures,0,-1,1.1227,14,2.8128,100.6321,140,13,80,5.1692,3.4689,11.7669,12.5492,8,7.0000,1.1694
12436,SHMPC_AdaptiveDRO,baseline,30,0.1000,1.0000,0.0000,0.0000,w2_bures,0,-1,1.1396,12,13.8246,257.3288,305,28,80,4.8783,3.4619,11.9093,14.4634,6,7.0000,1.2048
12437,SHMPC_AdaptiveDRO,baseline,30,0.1000,1.0000,0.0000,0.0000,w2_bures,0,-1,1.0582,15,2.8954,94.9212,119,22,80,5.6553,3.7717,13.3707,17.0421,9,7.0000,1.1192
12438,SHMPC_AdaptiveDRO,baseline,30,0.1000,1.0000,0.0000,0.0000,w2_bures,0,-1,1.3468,29,9.4854,439.8978,503,22,80,5.4949,3.8127,11.9581,17.7475,13,7.0000,1.3991
12439,SHMPC_AdaptiveDRO,baseline,30,0.1000,1.0000,0.0000,0.0000,w2_bures,0,-1,1.2138,19,20.1122,788.8733,574,28,80,3.3500,2.1960,11.9936,14.0572,5,7.0000,1.2392
12440,SHMPC_AdaptiveDRO,baseline,30,0.1000,1.0000,0.0000,0.0000,w2_bures,0,-1,1.2131,12,20.1117,773.6578,680,21,80,3.1234,2.4420,9.0966,13.4504,5,7.0000,1.2788
12441,SHMPC_AdaptiveDRO,baseline,30,0.1000,1.0000,0.0000,0.0000,w2_bures,1,15,0.4852,29,8.8433,192.2379,161,25,80,6.0912,3.5760,13.2241,16.2098,12,7.0000,0.4930
12442,SHMPC_AdaptiveDRO,baseline,30,0.1000,1.0000,0.0000,0.0000,w2_bures,0,-1,0.9149,33,6.7992,162.4931,225,27,80,5.2885,3.3715,13.3524,14.4529,5,7.0000,0.9200
12443,SHMPC_AdaptiveDRO,baseline,30,0.1000,1.0000,0.0000,0.0000,w2_bures,0,-1,1.0649,22,2.7019,88.0257,96,14,80,5.7306,3.6231,14.0013,16.6257,7,7.0000,1.0907
12444,SHMPC_AdaptiveDRO,baseline,30,0.1000,1.0000,0.0000,0.0000,w2_bures,0,-1,1.0232,20,6.7422,163.5871,182,26,80,4.9838,3.0758,11.9643,14.8597,9,7.0000,1.0454
12345,SHMPC_RTA,baseline,30,0.1000,1.0000,0.0000,0.0000,w2_bures,0,-1,0.9906,13,11.2153,254.4645,348,20,80,6.1914,4.5089,18.4481,20.1602,0,7.0000,1.0057
12346,SHMPC_RTA,baseline,30,0.1000,1.0000,0.0000,0.0000,w2_bures,0,-1,0.9946,20,20.1989,812.5908,445,28,80,4.1593,3.0837,13.8812,15.2961,0,7.0000,0.9981
12347,SHMPC_RTA,baseline,30,0.1000,1.0000,0.0000,0.0000,w2_bures,1,33,0.6371,41,14.2534,288.3319,276,22,80,5.3130,3.5650,14.2593,17.7838,0,7.0000,0.6487
12348,SHMPC_RTA,baseline,30,0.1000,1.0000,0.0000,0.0000,w2_bures,1,40,0.6521,72,2.4040,73.8380,120,15,80,5.8635,4.2128,15.2021,22.5759,0,7.0000,0.6771
12349,SHMPC_RTA,baseline,30,0.1000,1.0000,0.0000,0.0000,w2_bures,0,-1,1.0878,15,2.6939,77.3540,116,18,80,6.2694,4.0766,14.7936,15.4215,0,7.0000,1.1205
12350,SHMPC_RTA,baseline,30,0.1000,1.0000,0.0000,0.0000,w2_bures,1,28,0.5534,42,2.5176,72.7079,117,26,80,5.5867,3.7354,13.7104,14.1154,0,7.0000,0.5624
12351,SHMPC_RTA,baseline,30,0.1000,1.0000,0.0000,0.0000,w2_bures,0,-1,1.1471,12,20.0857,737.8141,544,17,80,4.2108,3.5574,11.6138,20.3598,0,7.0000,1.1816
12352,SHMPC_RTA,baseline,30,0.1000,1.0000,0.0000,0.0000,w2_bures,0,-1,0.9357,34,5.8930,159.9579,204,19,80,5.3975,3.5642,13.7386,17.1365,0,7.0000,0.9539
12353,SHMPC_RTA,baseline,30,0.1000,1.0000,0.0000,0.0000,w2_bures,0,-1,1.1048,27,9.0013,241.7339,268,20,80,5.7249,4.1303,14.6544,21.4935,0,7.0000,1.1139
12354,SHMPC_RTA,baseline,30,0.1000,1.0000,0.0000,0.0000,w2_bures,1,17,0.1138,34,2.1590,101.8657,139,21,80,6.6101,4.2240,14.3621,17.6551,0,7.0000,0.1464
12355,SHMPC_RTA,baseline,30,0.1000,1.0000,0.0000,0.0000,w2_bures,1,24,0.5522,31,19.6839,540.1165,431,37,80,4.6568,3.2214,15.1717,20.6900,0,7.0000,0.5709
12356,SHMPC_RTA,baseline,30,0.1000,1.0000,0.0000,0.0000,w2_bures,1,19,0.2415,45,1.6430,55.7349,92,8,80,5.4794,3.7270,13.0877,15.9617,0,7.0000,0.2535
12357,SHMPC_RTA,baseline,30,0.1000,1.0000,0.0000,0.0000,w2_bures,0,-1,1.2387,14,20.1124,812.4888,747,16,80,4.2546,3.4781,13.0384,13.8685,0,7.0000,1.3076
12358,SHMPC_RTA,baseline,30,0.1000,1.0000,0.0000,0.0000,w2_bures,0,-1,1.2073,12,20.1153,774.0844,684,19,80,3.8990,2.5859,12.6790,16.5368,0,7.0000,1.2667
12359,SHMPC_RTA,baseline,30,0.1000,1.0000,0.0000,0.0000,w2_bures,0,-1,1.0433,13,14.8476,303.9576,382,24,80,4.5553,3.6193,13.5719,14.7780,0,7.0000,1.0838
12360,SHMPC_RTA,baseline,30,0.1000,1.0000,0.0000,0.0000,w2_bures,0,-1,1.1536,18,20.1824,764.9189,468,21,80,3.6859,2.8909,11.4363,13.8363,0,7.0000,1.1688
12361,SHMPC_RTA,baseline,30,0.1000,1.0000,0.0000,0.0000,w2_bures,0,-1,1.1455,18,3.3385,98.0956,158,32,80,6.3598,4.2956,14.8494,16.5265,0,7.0000,1.1743
12362,SHMPC_RTA,baseline,30,0.1000,1.0000,0.0000,0.0000,w2_bures,0,-1,1.1509,12,20.0834,770.5299,632,7,80,3.3904,2.9031,10.0625,13.3803,0,7.0000,1.2065
12363,SHMPC_RTA,baseline,30,0.1000,1.0000,0.0000,0.0000,w2_bures,0,-1,1.1008,15,15.9378,330.6981,308,23,80,4.0526,3.4766,9.7782,13.0401,0,7.0000,1.1392
12364,SHMPC_RTA,baseline,30,0.1000,1.0000,0.0000,0.0000,w2_bures,0,-1,1.1142,22,2.9523,117.6021,134,34,80,5.5260,3.5256,12.3488,13.1349,0,7.0000,1.1459
12365,SHMPC_RTA,baseline,30,0.1000,1.0000,0.0000,0.0000,w2_bures,0,-1,0.8750,25,20.4081,674.8200,459,27,80,4.4126,3.0812,12.6497,16.3543,0,7.0000,0.8959
12366,SHMPC_RTA,baseline,30,0.1000,1.0000,0.0000,0.0000,w2_bures,0,-1,1.0471,26,2.6997,77.8917,80,20,80,5.8472,4.1189,14.2150,15.9378,0,7.0000,1.0612
12367,SHMPC_RTA,baseline,30,0.1000,1.0000,0.0000,0.0000,w2_bures,0,-1,1.1403,13,20.1103,773.1034,671,24,80,4.3093,2.9977,14.8865,21.1283,0,7.0000,1.1789
12368,SHMPC_RTA,baseline,30,0.1000,1.0000,0.0000,0.0000,w2_bures,1,20,0.6988,24,20.1775,596.0045,525,23,80,4.3825,3.4500,12.6599,14.6148,0,7.0000,0.7076
12369,SHMPC_RTA,baseline,30,0.1000,1.0000,0.0000,0.0000,w2_bures,0,-1,1.2164,13,19.4120,537.8554,510,10,80,5.0707,3.6802,14.9758,20.2501,0,7.0000,1.2665
12370,SHMPC_RTA,baseline,30,0.1000,1.0000,0.0000,0.0000,w2_bures,1,21,0.6138,29,15.2273,353.9397,399,17,80,5.7684,3.8124,13.1067,20.5911,0,7.0000,0.6197
12371,SHMPC_RTA,baseline,30,0.1000,1.0000,0.0000,0.0000,w2_bures,0,-1,1.1407,27,10.9914,271.1755,249,11,80,4.5318,3.4290,12.2614,12.8725,0,7.0000,1.1694
12372,SHMPC_RTA,baseline,30,0.1000,1.0000,0.0000,0.0000,w2_bures,0,-1,1.2096,12,20.1070,765.7888,559,17,80,3.8809,3.2401,12.8727,14.9126,0,7.0000,1.2675
12373,SHMPC_RTA,baseline,30,0.1000,1.0000,0.0000,0.0000,w2_bures,0,-1,1.2814,12,20.1143,740.8505,821,21,80,4.1798,3.6740,13.1973,17.0503,0,7.0000,1.3355
12374,SHMPC_RTA,baseline,30,0.1000,1.0000,0.0000,0.0000,w2_bures,0,-1,1.5495,15,20.0843,789.6900,823,27,80,2.9235,1.9832,8.9916,11.4453,0,7.0000,1.5983
12375,SHMPC_RTA,baseline,30,0.1000,1.0000,0.0000,0.0000,w2_bures,0,-1,1.1646,16,16.4943,391.7851,289,36,80,4.2963,3.3521,12.7957,14.2784,0,7.0000,1.1724
12376,SHMPC_RTA,baseline,30,0.1000,1.0000,0.0000,0.0000,w2_bures,0,-1,1.1276,14,10.3639,226.7067,212,19,80,5.5419,3.6692,12.8630,13.5619,0,7.0000,1.1441
12377,SHMPC_RTA,baseline,30,0.1000,1.0000,0.0000,0.0000,w2_bures,0,-1,1.3775,15,20.1062,797.7760,594,18,80,3.3847,2.8178,11.2474,13.7640,0,7.0000,1.4269
12378,SHMPC_RTA,baseline,30,0.1000,1.0000,0.0000,0.0000,w2_bures,1,19,0.3532,36,7.6159,184.9125,164,37,80,4.6132,3.4565,14.0417,20.0446,0,7.0000,0.3763
12379,SHMPC_RTA,baseline,30,0.1000,1.0000,0.0000,0.0000,w2_bures,0,-1,1.0484,15,3.8294,115.9308,154,21,80,5.7858,3.8059,14.9792,15.8071,0,7.0000,1.0807
12380,SHMPC_RTA,baseline,30,0.1000,1.0000,0.0000,0.0000,w2_bures,0,-1,1.1427,11,12.0764,237.4259,197,15,80,4.2731,3.3064,12.1875,14.2682,0,7.0000,1.1475
12381,SHMPC_RTA,baseline,30,0.1000,1.0000,0.0000,0.0000,w2_bures,0,-1,1.0010,30,2.3619,74.3518,103,11,80,5.6212,3.3516,14.9224,15.7964,0,7.0000,1.0271
12382,SHMPC_RTA,baseline,30,0.1000,1.0000,0.0000,0.0000,w2_bures,0,-1,1.1957,13,20.1210,747.3005,639,27,80,2.9538,2.5278,7.7585,12.1696,0,7.0000,1.2364
12383,SHMPC_RTA,baseline,30,0.1000,1.0000,0.0000,0.0000,w2_bures,1,30,0.6413,40,12.6140,285.5995,335,27,80,5.7061,4.0129,13.9405,16.1929,0,7.0000,0.6559
12384,SHMPC_RTA,baseline,30,0.1000,1.0000,0.0000,0.0000,w2_bures,0,-1,1.1210,17,11.7498,249.1187,401,32,80,4.5492,3.4383,11.6125,12.9613,0,7.0000,1.1573
12385,SHMPC_RTA,baseline,30,0.1000,1.0000,0.0000,0.0000,w2_bures,0,-1,1.0410,31,16.4315,394.5349,334,29,80,5.6002,4.0253,16.1369,21.6303,0,7.0000,1.0690
12386,SHMPC_RTA,baseline,30,0.1000,1.0000,0.0000,0.0000,w2_bures,0,-1,0.9268,16,17.8805,425.9009,290,18,80,4.1020,3.5201,10.2622,14.6453,0,7.0000,0.9539
12387,SHMPC_RTA,baseline,30,0.1000,1.0000,0.0000,0.0000,w2_bures,0,-1,0.9278,27,20.2205,776.4763,453,19,80,4.4331,3.6343,13.8794,15.2330,0,7.0000,0.9430
12388,SHMPC_RTA,baseline,30,0.1000,1.0000,0.0000,0.0000,w2_bures,0,-1,1.0183,39,18.5509,465.9018,434,25,80,5.8794,3.9304,15.2392,17.0933,0,7.0000,1.0397
12389,SHMPC_RTA,baseline,30,0.1000,1.0000,0.0000,0.0000,w2_bures,0,-1,0.9581,17,2.9080,86.7669,140,13,80,5.1533,3.7717,13.9876,15.5991,0,7.0000,1.0168
12390,SHMPC_RTA,baseline,30,0.1000,1.0000,0.0000,0.0000,w2_bures,1,21,0.5565,29,2.3103,92.8719,140,16,80,5.7796,3.8747,14.6741,20.8796,0,7.0000,0.5588
12391,SHMPC_RTA,baseline,30,0.1000,1.0000,0.0000,0.0000,w2_bures,0,-1,0.9342,18,3.4388,108.1228,106,15,80,6.0595,4.2215,14.8877,15.6571,0,7.0000,0.9475
12392,SHMPC_RTA,baseline,30,0.1000,1.0000,0.0000,0.0000,w2_bures,0,-1,1.1790,16,20.1299,771.4335,606,18,80,4.2213,3.3457,11.0882,14.1380,0,7.0000,1.2044
12393,SHMPC_RTA,baseline,30,0.1000,1.0000,0.0000,0.0000,w2_bures,0,-1,1.0960,40,4.7868,277.9758,228,23,80,4.8463,3.5876,12.3620,12.9315,0,7.0000,1.1128
12394,SHMPC_RTA,baseline,30,0.1000,1.0000,0.0000,0.0000,w2_bures,1,26,0.8309,28,14.2646,319.0567,292,25,80,5.0711,3.6617,13.4284,15.0179,0,7.0000,0.8375
12395,SHMPC_RTA,baseline,30,0.1000,1.0000,0.0000,0.0000,w2_bures,0,-1,1.1810,13,20.1093,730.1627,528,33,80,3.2397,3.1134,8.6509,12.9460,0,7.0000,1.2199
12396,SHMPC_RTA,baseline,30,0.1000,1.0000,0.0000,0.0000,w2_bures,1,18,0.4059,32,19.5968,522.3787,348,18,80,4.9110,3.3214,14.0571,18.4021,0,7.0000,0.4281
12397,SHMPC_RTA,baseline,30,0.1000,1.0000,0.0000,0.0000,w2_bures,0,-1,1.0443,16,17.0977,380.4510,356,15,80,4.8382,3.8915,13.9942,16.8303,0,7.0000,1.0579
12398,SHMPC_RTA,baseline,30,0.1000,1.0000,0.0000,0.0000,w2_bures,0,-1,1.0460,62,3.1796,122.6701,126,25,80,5.4506,3.7407,15.9395,20.2773,0,7.0000,1.0576
12399,SHMPC_RTA,baseline,30,0.1000,1.0000,0.0000,0.0000,w2_bures,0,-1,1.0459,18,11.2082,255.1505,352,26,80,5.5943,3.7265,13.5971,22.6812,0,7.0000,1.0644
12400,SHMPC_RTA,baseline,30,0.1000,1.0000,0.0000,0.0000,w2_bures,0,-1,0.9520,14,17.8498,421.5860,377,16,80,4.4399,3.4114,11.7751,13.0763,0,7.0000,0.9665
12401,SHMPC_RTA,baseline,30,0.1000,1.0000,0.0000,0.0000,w2_bures,1,15,0.2915,24,20.3069,647.5744,544,11,80,5.1384,3.9797,14.5549,15.9048,0,7.0000,0.3228
12402,SHMPC_RTA,baseline,30,0.1000,1.0000,0.0000,0.0000,w2_bures,0,-1,1.2421,14,20.2008,756.2350,538,24,80,3.9889,3.4968,9.8248,16.7657,0,7.0000,1.2542
12403,SHMPC_RTA,baseline,30,0.1000,1.0000,0.0000,0.0000,w2_bures,1,15,0.4217,23,20.3048,617.2770,382,18,80,5.0733,3.7463,15.4369,19.2213,0,7.0000,0.4491
12404,SHMPC_RTA,baseline,30,0.1000,1.0000,0.0000,0.0000,w2_bures,1,16,0.7498,22,2.5138,76.2026,139,7,80,5.5977,3.8481,13.7679,20.5620,0,7.0000,0.8054
12405,SHMPC_RTA,baseline,30,0.1000,1.0000,0.0000,0.0000,w2_bures,1,20,0.5887,28,16.1804,404.5455,427,16,80,5.9286,4.4486,15.6313,17.4539,0,7.0000,0.6163
12406,SHMPC_RTA,baseline,30,0.1000,1.0000,0.0000,0.0000,w2_bures,1,27,0.6941,33,4.3551,161.0227,211,16,80,6.7257,4.3797,15.5090,16.6312,0,7.0000,0.7259
12407,SHMPC_RTA,baseline,30,0.1000,1.0000,0.0000,0.0000,w2_bures,0,-1,1.0174,14,2.4166,72.1990,115,18,80,5.2405,3.6705,13.2798,14.4707,0,7.0000,1.0513
12408,SHMPC_RTA,baseline,30,0.1000,1.0000,0.0000,0.0000,w2_bures,1,23,0.7504,29,2.4692,73.3432,159,36,80,5.6615,3.4790,14.0981,17.8248,0,7.0000,0.7713
12409,SHMPC_RTA,baseline,30,0.1000,1.0000,0.0000,0.0000,w2_bures,0,-1,1.1220,15,20.1451,769.4107,605,18,80,4.2395,3.3469,11.8803,18.0042,0,7.0000,1.1726
12410,SHMPC_RTA,baseline,30,0.1000,1.0000,0.0000,0.0000,w2_bures,1,20,0.1909,27,20.1814,766.7862,583,7,80,4.6747,3.4698,13.1250,19.6600,0,7.0000,0.3175
12411,SHMPC_RTA,baseline,30,0.1000,1.0000,0.0000,0.0000,w2_bures,1,13,0.3043,21,20.2608,736.3215,505,10,80,4.5965,3.8985,14.1241,14.9248,0,7.0000,0.3542
12412,SHMPC_RTA,baseline,30,0.1000,1.0000,0.0000,0.0000,w2_bures,0,-1,1.2047,17,8.2844,228.2873,307,31,80,5.5631,4.1266,14.9518,16.3917,0,7.0000,1.2398
12413,SHMPC_RTA,baseline,30,0.1000,1.0000,0.0000,0.0000,w2_bures,0,-1,1.2656,17,20.0811,782.4692,619,20,80,3.5847,2.9056,10.1751,18.9115,0,7.0000,1.3270
12414,SHMPC_RTA,baseline,30,0.1000,1.0000,0.0000,0.0000,w2_bures,0,-1,1.2377,16,2.9014,116.4964,147,20,80,5.7934,3.6920,13.6372,16.1286,0,7.0000,1.2923
12415,SHMPC_RTA,baseline,30,0.1000,1.0000,0.0000,0.0000,w2_bures,0,-1,1.2456,19,20.1349,787.0336,503,30,80,3.3100,2.8686,8.9762,12.6707,0,7.0000,1.2817
12416,SHMPC_RTA,baseline,30,0.1000,1.0000,0.0000,0.0000,w2_bures,1,15,0.7695,20,18.6492,455.5444,288,23,80,4.1683,3.1631,12.0097,12.3360,0,7.0000,0.7774
12417,SHMPC_RTA,baseline,30,0.1000,1.0000,0.0000,0.0000,w2_bures,0,-1,1.2062,15,18.7515,475.7893,439,17,80,5.6366,4.0376,16.9055,18.6495,0,7.0000,1.2425
12418,SHMPC_RTA,baseline,30,0.1000,1.0000,0.0000,0.0000,w2_bures,0,-1,1.0507,29,7.1000,175.1911,222,30,80,5.2680,3.8609,14.3385,15.9024,0,7.0000,1.0750
12419,SHMPC_RTA,baseline,30,0.1000,1.0000,0.0000,0.0000,w2_bures,1,30,0.8282,32,17.2310,415.5465,356,25,80,4.8764,3.6490,14.0809,18.2409,0,7.0000,0.8458
12420,SHMPC_RTA,baseline,30,0.1000,1.0000,0.0000,0.0000,w2_bures,0,-1,1.2558,16,2.8915,108.9148,168,26,80,7.1358,4.7994,15.7515,23.5177,0,7.0000,1.2769
12421,SHMPC_RTA,baseline,30,0.1000,1.0000,0.0000,0.0000,w2_bures,0,-1,1.2451,14,20.1386,619.2920,439,23,80,4.1328,3.5008,12.8919,14.6530,0,7.0000,1.3319
12422,SHMPC_RTA,baseline,30,0.1000,1.0000,0.0000,0.0000,w2_bures,0,-1,1.1549,11,20.1162,775.4028,783,24,80,3.9133,3.4843,12.6760,14.9648,0,7.0000,1.2075
12423,SHMPC_RTA,baseline,30,0.1000,1.0000,0.0000,0.0000,w2_bures,1,23,0.6781,29,20.4595,696.4137,474,26,80,5.3588,3.4331,15.6000,16.1998,0,7.0000,0.7009
12424,SHMPC_RTA,baseline,30,0.1000,1.0000,0.0000,0.0000,w2_bures,0,-1,1.2230,22,3.0630,106.5862,139,27,80,4.8703,3.3905,12.1036,13.2532,0,7.0000,1.2464
12425,SHMPC_RTA,baseline,30,0.1000,1.0000,0.0000,0.0000,w2_bures,1,17,0.8447,17,2.4075,73.7097,120,15,80,5.8542,4.4599,15.5989,16.1937,0,7.0000,0.8753
12426,SHMPC_RTA,baseline,30,0.1000,1.0000,0.0000,0.0000,w2_bures,0,-1,0.9008,36,14.4428,277.8927,231,21,80,4.0937,3.0052,12.5702,14.8687,0,7.0000,0.9070
12427,SHMPC_RTA,baseline,30,0.1000,1.0000,0.0000,0.0000,w2_bures,0,-1,1.1119,35,19.9900,609.1832,400,23,80,4.9151,3.5755,13.4821,16.5710,0,7.0000,1.1257
12428,SHMPC_RTA,baseline,30,0.1000,1.0000,0.0000,0.0000,w2_bures,0,-1,0.8994,22,3.0662,122.8766,181,16,80,6.5275,4.3772,16.6240,20.7282,0,7.0000,0.9295
12429,SHMPC_RTA,baseline,30,0.1000,1.0000,0.0000,0.0000,w2_bures,1,24,0.7845,26,2.9401,117.5287,168,19,80,6.3575,3.9396,15.5986,17.8046,0,7.0000,0.8071
12430,SHMPC_RTA,baseline,30,0.1000,1.0000,0.0000,0.0000,w2_bures,1,19,0.4987,26,20.4062,636.0579,349,26,80,4.8847,3.5515,15.0469,18.4556,0,7.0000,0.5451
12431,SHMPC_RTA,baseline,30,0.1000,1.0000,0.0000,0.0000,w2_bures,0,-1,1.3139,16,20.1165,787.0508,682,19,80,4.1921,3.1739,12.9652,20.1424,0,7.0000,1.3641
12432,SHMPC_RTA,baseline,30,0.1000,1.0000,0.0000,0.0000,w2_bures,0,-1,1.2461,13,20.1123,772.7333,517,15,80,3.3996,2.7023,12.3154,13.5880,0,7.0000,1.2756
12433,SHMPC_RTA,baseline,30,0.1000,1.0000,0.0000,0.0000,w2_bures,0,-1,1.0559,17,12.6142,290.1550,462,19,80,6.7768,4.4056,15.2301,22.7299,0,7.0000,1.1081
12434,SHMPC_RTA,baseline,30,0.1000,1.0000,0.0000,0.0000,w2_bures,0,-1,1.2052,27,20.3870,638.4019,460,14,80,3.6931,2.4889,11.9118,13.2736,0,7.0000,1.2268
12435,SHMPC_RTA,baseline,30,0.1000,1.0000,0.0000,0.0000,w2_bures,0,-1,1.1460,14,8.6860,216.4090,295,22,80,5.3205,3.6751,13.3962,13.7300,0,7.0000,1.1882
12436,SHMPC_RTA,baseline,30,0.1000,1.0000,0.0000,0.0000,w2_bures,0,-1,1.1330,12,7.6126,188.8258,219,31,80,6.1759,4.2582,15.5653,16.2197,0,7.0000,1.1611
12437,SHMPC_RTA,baseline,30,0.1000,1.0000,0.0000,0.0000,w2_bures,0,-1,1.0602,45,2.6563,78.2567,88,12,80,5.8131,3.8178,13.3228,17.7457,0,7.0000,1.0627
12438,SHMPC_RTA,baseline,30,0.1000,1.0000,0.0000,0.0000,w2_bures,0,-1,1.1853,20,18.6392,487.2308,455,24,80,4.9754,3.6542,12.5698,14.6350,0,7.0000,1.2628
12439,SHMPC_RTA,baseline,30,0.1000,1.0000,0.0000,0.0000,w2_bures,0,-1,1.1952,19,20.1208,788.4333,574,21,80,3.6245,3.3395,8.3660,14.7529,0,7.0000,1.2106
12440,SHMPC_RTA,baseline,30,0.1000,1.0000,0.0000,0.0000,w2_bures,0,-1,1.2442,13,20.1162,761.3112,585,26,80,3.5003,2.4497,11.7569,14.9889,0,7.0000,1.2805
12441,SHMPC_RTA,baseline,30,0.1000,1.0000,0.0000,0.0000,w2_bures,1,14,0.6275,26,10.3542,223.5293,253,13,80,5.4314,3.8521,15.0179,18.6927,0,7.0000,0.6326
12442,SHMPC_RTA,baseline,30,0.1000,1.0000,0.0000,0.0000,w2_bures,0,-1,1.1687,32,7.7140,184.4574,171,27,80,5.5903,3.7483,15.5134,15.6636,0,7.0000,1.1721
12443,SHMPC_RTA,baseline,30,0.1000,1.0000,0.0000,0.0000,w2_bures,0,-1,1.0257,31,2.4679,73.2511,99,16,80,5.9381,4.1610,15.8125,23.1841,0,7.0000,1.0451
12444,SHMPC_RTA,baseline,30,0.1000,1.0000,0.0000,0.0000,w2_bures,0,-1,0.9622,20,2.2379,69.3657,114,23,80,7.6634,5.0550,16.7380,17.3319,0,7.0000,0.9840
12345,SHMPC_Conformal,baseline,30,0.1000,1.0000,0.0000,0.0000,w2_bures,0,-1,1.0018,13,16.7019,359.6188,389,18,80,6.3245,4.0419,13.9031,21.8514,0,7.0000,1.0244
12346,SHMPC_Conformal,baseline,30,0.1000,1.0000,0.0000,0.0000,w2_bures,0,-1,1.0881,18,20.1367,786.0056,408,35,80,4.7449,3.5574,12.7736,19.0973,0,7.0000,1.1005
12347,SHMPC_Conformal,baseline,30,0.1000,1.0000,0.0000,0.0000,w2_bures,1,31,0.5853,40,16.7259,358.0723,262,30,80,4.2824,3.3194,12.6008,17.7370,0,7.0000,0.5982
12348,SHMPC_Conformal,baseline,30,0.1000,1.0000,0.0000,0.0000,w2_bures,1,23,0.6495,72,2.6738,86.9246,78,13,80,5.2154,3.8753,12.3297,16.1921,0,7.0000,0.6727
12349,SHMPC_Conformal,baseline,30,0.1000,1.0000,0.0000,0.0000,w2_bures,0,-1,1.1040,15,6.7392,162.4677,160,25,80,4.4259,2.9767,12.0289,13.7547,0,7.0000,1.1183
12350,SHMPC_Conformal,baseline,30,0.1000,1.0000,0.0000,0.0000,w2_bures,0,-1,0.9399,40,3.8284,114.1144,96,28,80,5.2325,3.5879,13.6870,19.5448,0,7.0000,0.9439
12351,SHMPC_Conformal,baseline,30,0.1000,1.0000,0.0000,0.0000,w2_bures,0,-1,1.2106,12,20.1533,763.6671,488,15,80,3.3493,2.9834,9.6252,11.6645,0,7.0000,1.2636
12352,SHMPC_Conformal,baseline,30,0.1000,1.0000,0.0000,0.0000,w2_bures,0,-1,0.9238,34,8.8356,191.4348,185,20,80,5.9844,3.8422,14.1068,14.8500,0,7.0000,0.9432
12353,SHMPC_Conformal,baseline,30,0.1000,1.0000,0.0000,0.0000,w2_bures,0,-1,1.0647,24,11.0512,253.2909,275,24,80,4.7128,3.4507,11.5628,15.0524,0,7.0000,1.0816
12354,SHMPC_Conformal,baseline,30,0.1000,1.0000,0.0000,0.0000,w2_bures,1,18,0.0502,33,2.3161,114.2925,153,12,80,6.8159,4.1627,14.5088,21.3325,0,7.0000,0.1042
12355,SHMPC_Conformal,baseline,30,0.1000,1.0000,0.0000,0.0000,w2_bures,1,26,0.7636,29,20.4624,617.3879,363,33,80,4.5688,3.0526,13.4549,15.1790,0,7.0000,0.7756
12356,SHMPC_Conformal,baseline,30,0.1000,1.0000,0.0000,0.0000,w2_bures,1,18,0.1451,44,1.7409,66.5498,74,12,80,5.7289,3.8375,15.7483,17.4292,0,7.0000,0.1570
12357,SHMPC_Conformal,baseline,30,0.1000,1.0000,0.0000,0.0000,w2_bures,0,-1,1.2768,16,20.1150,788.6126,608,13,80,2.9333,2.1850,8.6032,10.0426,0,7.0000,1.3221
12358,SHMPC_Conformal,baseline,30,0.1000,1.0000,0.0000,0.0000,w2_bures,0,-1,1.1530,12,20.1114,774.1424,720,29,80,3.1114,2.7242,7.9485,12.7070,0,7.0000,1.2263
12359,SHMPC_Conformal,baseline,30,0.1000,1.0000,0.0000,0.0000,w2_bures,0,-1,0.9770,13,18.3841,433.4651,332,12,80,4.5803,3.5879,12.6063,12.7995,0,7.0000,1.0245
12360,SHMPC_Conformal,baseline,30,0.1000,1.0000,0.0000,0.0000,w2_bures,0,-1,1.1352,19,20.1646,774.0760,480,17,80,3.5089,3.0423,10.3395,14.1225,0,7.0000,1.1812
12361,SHMPC_Conformal,baseline,30,0.1000,1.0000,0.0000,0.0000,w2_bures,0,-1,1.0941,18,4.7299,151.7748,206,24,80,5.1971,3.2988,12.0806,14.2914,0,7.0000,1.1274
12362,SHMPC_Conformal,baseline,30,0.1000,1.0000,0.0000,0.0000,w2_bures,0,-1,1.1960,11,20.1192,748.3026,670,21,80,3.4969,2.8596,10.7613,16.5597,0,7.0000,1.2525
12363,SHMPC_Conformal,baseline,30,0.1000,1.0000,0.0000,0.0000,w2_bures,0,-1,1.1188,16,17.8829,407.6477,298,30,80,3.7880,2.9960,11.3022,13.5604,0,7.0000,1.1292
12364,SHMPC_Conformal,baseline,30,0.1000,1.0000,0.0000,0.0000,w2_bures,0,-1,1.0693,21,2.9295,129.4704,104,16,80,5.1079,3.5570,12.3426,14.4514,0,7.0000,1.1048
12365,SHMPC_Conformal,baseline,30,0.1000,1.0000,0.0000,0.0000,w2_bures,0,-1,0.9845,23,20.2754,778.2855,460,47,80,3.9761,3.1078,11.8810,19.1939,0,7.0000,0.9968
12366,SHMPC_Conformal,baseline,30,0.1000,1.0000,0.0000,0.0000,w2_bures,0,-1,1.0516,22,2.9222,95.2062,85,15,80,5.5924,3.3836,14.0178,15.8265,0,7.0000,1.0901
12367,SHMPC_Conformal,baseline,30,0.1000,1.0000,0.0000,0.0000,w2_bures,0,-1,1.1157,13,20.1056,768.6053,555,25,80,3.5834,2.6845,10.8978,13.9085,0,7.0000,1.1749
12368,SHMPC_Conformal,baseline,30,0.1000,1.0000,0.0000,0.0000,w2_bures,1,20,0.7250,23,20.5424,691.0162,399,42,80,3.6336,3.0895,11.5276,14.8421,0,7.0000,0.7562
12369,SHMPC_Conformal,baseline,30,0.1000,1.0000,0.0000,0.0000,w2_bures,0,-1,1.2308,16,20.4314,672.4528,412,22,80,3.8572,3.1112,11.6115,12.8364,0,7.0000,1.2662
12370,SHMPC_Conformal,baseline,30,0.1000,1.0000,0.0000,0.0000,w2_bures,1,23,0.7728,25,18.2055,476.0192,367,15,80,5.2486,3.5018,13.8235,16.8794,0,7.0000,0.7934
12371,SHMPC_Conformal,baseline,30,0.1000,1.0000,0.0000,0.0000,w2_bures,0,-1,1.2847,79,3.1488,777.2630,689,30,80,5.8308,4.8952,13.1192,17.6073,0,7.0000,1.3175
12372,SHMPC_Conformal,baseline,30,0.1000,1.0000,0.0000,0.0000,w2_bures,0,-1,1.2698,12,20.1124,774.8117,533,24,80,3.7628,2.2413,12.9304,17.9612,0,7.0000,1.3185
12373,SHMPC_Conformal,baseline,30,0.1000,1.0000,0.0000,0.0000,w2_bures,0,-1,1.2906,12,20.1129,774.1910,662,27,80,3.1173,2.4460,8.5062,12.2607,0,7.0000,1.3417
12374,SHMPC_Conformal,baseline,30,0.1000,1.0000,0.0000,0.0000,w2_bures,0,-1,1.3487,17,20.1071,807.4401,630,29,80,2.8983,1.9297,9.1105,13.7469,0,7.0000,1.4298
12375,SHMPC_Conformal,baseline,30,0.1000,1.0000,0.0000,0.0000,w2_bures,0,-1,1.1496,16,19.0445,520.0421,397,18,80,4.8435,3.1289,12.4871,12.9309,0,7.0000,1.2182
12376,SHMPC_Conformal,baseline,30,0.1000,1.0000,0.0000,0.0000,w2_bures,0,-1,1.1480,24,13.0262,229.4537,282,21,80,4.6991,3.3134,12.7352,12.8803,0,7.0000,1.1516
12377,SHMPC_Conformal,baseline,30,0.1000,1.0000,0.0000,0.0000,w2_bures,0,-1,1.3128,13,20.1080,799.3282,646,30,80,3.5950,2.7407,11.4048,14.7121,0,7.0000,1.3442
12378,SHMPC_Conformal,baseline,30,0.1000,1.0000,0.0000,0.0000,w2_bures,1,18,0.1864,36,9.6171,200.6632,154,32,80,5.2751,3.5799,14.1113,14.6870,0,7.0000,0.2110
12379,SHMPC_Conformal,baseline,30,0.1000,1.0000,0.0000,0.0000,w2_bures,0,-1,1.0291,13,6.0793,152.5412,204,18,80,5.6805,3.7252,12.7886,14.7927,0,7.0000,1.0579
12380,SHMPC_Conformal,baseline,30,0.1000,1.0000,0.0000,0.0000,w2_bures,0,-1,1.1387,10,15.3910,306.9139,287,24,80,4.3351,3.5446,13.1378,14.6726,0,7.0000,1.1424
12381,SHMPC_Conformal,baseline,30,0.1000,1.0000,0.0000,0.0000,w2_bures,0,-1,0.9649,30,3.3562,105.0128,139,26,80,6.7324,4.0398,13.8121,16.4652,0,7.0000,0.9939
12382,SHMPC_Conformal,baseline,30,0.1000,1.0000,0.0000,0.0000,w2_bures,0,-1,1.3012,11,20.1071,775.5927,618,28,80,3.0103,2.1366,9.2835,13.9828,0,7.0000,1.3178
12383,SHMPC_Conformal,baseline,30,0.1000,1.0000,0.0000,0.0000,w2_bures,0,-1,0.8878,36,15.5872,354.3918,386,25,80,5.4657,3.6430,12.3425,13.3075,0,7.0000,0.8935
12384,SHMPC_Conformal,baseline,30,0.1000,1.0000,0.0000,0.0000,w2_bures,0,-1,1.1549,16,13.8742,256.0262,427,34,80,5.2871,3.8862,13.3317,16.0572,0,7.0000,1.1596
12385,SHMPC_Conformal,baseline,30,0.1000,1.0000,0.0000,0.0000,w2_bures,0,-1,1.1310,31,20.2996,651.8706,392,33,80,4.0196,2.9677,10.8304,12.4482,0,7.0000,1.1555
12386,SHMPC_Conformal,baseline,30,0.1000,1.0000,0.0000,0.0000,w2_bures,0,-1,0.9262,14,18.7924,462.2196,341,16,80,4.6964,3.6656,12.6558,14.7550,0,7.0000,0.9464
12387,SHMPC_Conformal,baseline,30,0.1000,1.0000,0.0000,0.0000,w2_bures,1,25,0.7775,28,20.2071,785.3746,351,34,80,3.6994,2.7021,12.7874,14.3751,0,7.0000,0.8007
12388,SHMPC_Conformal,baseline,30,0.1000,1.0000,0.0000,0.0000,w2_bures,0,-1,0.9895,39,19.8560,537.9403,287,34,80,4.5469,3.0250,12.8574,15.6621,0,7.0000,1.0059
12389,SHMPC_Conformal,baseline,30,0.1000,1.0000,0.0000,0.0000,w2_bures,0,-1,0.9709,17,2.4294,86.1171,119,16,80,5.6423,3.8356,14.3547,15.5005,0,7.0000,1.0038
12390,SHMPC_Conformal,baseline,30,0.1000,1.0000,0.0000,0.0000,w2_bures,1,21,0.5869,28,2.4059,117.9764,116,19,80,5.6551,3.9162,12.5419,13.2719,0,7.0000,0.6038
12391,SHMPC_Conformal,baseline,30,0.1000,1.0000,0.0000,0.0000,w2_bures,1,17,0.7190,49,3.3347,105.2208,136,18,80,6.7007,4.5614,17.0198,20.4988,0,7.0000,0.7333
12392,SHMPC_Conformal,baseline,30,0.1000,1.0000,0.0000,0.0000,w2_bures,0,-1,1.2193,17,20.0980,797.3942,540,19,80,3.0533,2.3416,9.5613,10.7406,0,7.0000,1.2880
12393,SHMPC_Conformal,baseline,30,0.1000,1.0000,0.0000,0.0000,w2_bures,0,-1,0.9385,27,18.9187,551.2799,432,24,80,5.3488,3.7262,14.1719,16.6451,0,7.0000,0.9625
12394,SHMPC_Conformal,baseline,30,0.1000,1.0000,0.0000,0.0000,w2_bures,1,21,0.6202,31,9.0285,242.9627,267,27,80,5.1716,3.7801,13.5833,16.7306,0,7.0000,0.6278
12395,SHMPC_Conformal,baseline,30,0.1000,1.0000,0.0000,0.0000,w2_bures,0,-1,1.1587,13,20.1038,767.9120,517,26,80,3.0106,2.6076,6.5069,12.5452,0,7.0000,1.1972
12396,SHMPC_Conformal,baseline,30,0.1000,1.0000,0.0000,0.0000,w2_bures,0,-1,0.9950,14,20.5581,691.8591,491,15,80,4.9782,3.4991,13.8438,22.5857,0,7.0000,1.0167
12397,SHMPC_Conformal,baseline,30,0.1000,1.0000,0.0000,0.0000,w2_bures,0,-1,1.0713,14,20.0705,563.1845,469,30,80,4.7232,3.2158,13.8139,15.5302,0,7.0000,1.0926
12398,SHMPC_Conformal,baseline,30,0.1000,1.0000,0.0000,0.0000,w2_bures,0,-1,1.0227,62,3.1924,131.2798,117,30,80,4.6307,3.5231,11.2555,15.8669,0,7.0000,1.0303
12399,SHMPC_Conformal,baseline,30,0.1000,1.0000,0.0000,0.0000,w2_bures,0,-1,1.0199,11,18.3581,436.0543,299,24,80,4.0374,3.0367,10.1708,15.9275,0,7.0000,1.0342
12400,SHMPC_Conformal,baseline,30,0.1000,1.0000,0.0000,0.0000,w2_bures,0,-1,1.0113,13,20.1102,768.2471,575,16,80,4.2047,3.2220,11.6367,18.2119,0,7.0000,1.0353
12401,SHMPC_Conformal,baseline,30,0.1000,1.0000,0.0000,0.0000,w2_bures,1,18,0.3412,26,20.1128,593.5250,323,37,80,5.3548,4.0459,15.2261,16.3626,0,7.0000,0.3876
12402,SHMPC_Conformal,baseline,30,0.1000,1.0000,0.0000,0.0000,w2_bures,0,-1,1.1639,19,20.2353,791.1450,465,10,80,3.9965,2.9311,12.3483,13.0456,0,7.0000,1.2133
12403,SHMPC_Conformal,baseline,30,0.1000,1.0000,0.0000,0.0000,w2_bures,1,18,0.8077,19,20.2450,753.8507,440,28,80,4.9132,3.1111,14.4605,16.8344,0,7.0000,0.8390
12404,SHMPC_Conformal,baseline,30,0.1000,1.0000,0.0000,0.0000,w2_bures,1,16,0.7663,18,2.3374,83.5665,96,19,80,5.5063,4.0688,14.0435,18.0095,0,7.0000,0.7755
12405,SHMPC_Conformal,baseline,30,0.1000,1.0000,0.0000,0.0000,w2_bures,0,-1,1.0716,18,19.9477,605.4129,455,18,80,4.9886,3.4879,12.6852,19.0805,0,7.0000,1.1623
12406,SHMPC_Conformal,baseline,30,0.1000,1.0000,0.0000,0.0000,w2_bures,1,26,0.7842,31,10.2184,244.5934,245,9,80,5.4921,4.1448,12.6633,14.8630,0,7.0000,0.7913
12407,SHMPC_Conformal,baseline,30,0.1000,1.0000,0.0000,0.0000,w2_bures,0,-1,0.9613,17,2.4557,85.9066,78,30,80,4.5930,3.3705,12.9454,16.7830,0,7.0000,0.9939
12408,SHMPC_Conformal,baseline,30,0.1000,1.0000,0.0000,0.0000,w2_bures,1,22,0.7187,29,2.4388,86.4239,110,17,80,5.3960,3.5955,12.7294,14.5764,0,7.0000,0.7385
12409,SHMPC_Conformal,baseline,30,0.1000,1.0000,0.0000,0.0000,w2_bures,0,-1,1.0585,14,20.1373,766.5999,451,14,80,3.9214,3.0396,12.2981,17.6019,0,7.0000,1.1427
12410,SHMPC_Conformal,baseline,30,0.1000,1.0000,0.0000,0.0000,w2_bures,1,20,0.5882,26,20.1110,772.2923,392,21,80,4.4344,2.5763,15.4969,19.4484,0,7.0000,0.6154
12411,SHMPC_Conformal,baseline,30,0.1000,1.0000,0.0000,0.0000,w2_bures,1,13,0.0361,22,20.4314,741.8107,567,12,80,5.7571,3.7168,14.3710,19.2257,0,7.0000,0.2203
12412,SHMPC_Conformal,baseline,30,0.1000,1.0000,0.0000,0.0000,w2_bures,0,-1,1.1292,17,10.7501,249.7884,222,47,80,3.9667,3.0220,11.3657,12.9888,0,7.0000,1.2097
12413,SHMPC_Conformal,baseline,30,0.1000,1.0000,0.0000,0.0000,w2_bures,0,-1,1.1563,15,20.1048,785.6315,558,12,80,3.6888,2.9773,10.2618,13.8943,0,7.0000,1.2252
12414,SHMPC_Conformal,baseline,30,0.1000,1.0000,0.0000,0.0000,w2_bures,0,-1,1.2134,17,3.1738,98.8070,132,19,80,4.4309,3.1161,11.0221,12.0695,0,7.0000,1.2484
12415,SHMPC_Conformal,baseline,30,0.1000,1.0000,0.0000,0.0000,w2_bures,0,-1,1.7421,78,2.6432,252.0541,194,19,80,4.1265,2.8101,11.4664,14.3363,0,7.0000,1.8122
12416,SHMPC_Conformal,baseline,30,0.1000,1.0000,0.0000,0.0000,w2_bures,1,19,0.6703,28,13.0184,230.8093,280,26,80,5.4474,3.7105,14.1380,18.1542,0,7.0000,0.6785
12417,SHMPC_Conformal,baseline,30,0.1000,1.0000,0.0000,0.0000,w2_bures,0,-1,1.1244,13,20.1134,771.9783,634,14,80,3.2378,3.1013,7.7496,14.7658,0,7.0000,1.2086
12418,SHMPC_Conformal,baseline,30,0.1000,1.0000,0.0000,0.0000,w2_bures,0,-1,1.1267,29,8.8846,190.6776,174,32,80,5.3955,3.2364,14.5553,17.6022,0,7.0000,1.1479
12419,SHMPC_Conformal,baseline,30,0.1000,1.0000,0.0000,0.0000,w2_bures,0,-1,1.1434,30,20.4681,695.3875,410,28,80,4.0118,2.7705,12.2572,13.1462,0,7.0000,1.1585
12420,SHMPC_Conformal,baseline,30,0.1000,1.0000,0.0000,0.0000,w2_bures,0,-1,1.1574,20,2.9239,122.0117,124,31,80,5.8160,4.1552,13.0909,17.1608,0,7.0000,1.1791
12421,SHMPC_Conformal,baseline,30,0.1000,1.0000,0.0000,0.0000,w2_bures,0,-1,1.2331,18,20.4789,675.9897,427,18,80,4.3511,2.8685,13.1900,15.9719,0,7.0000,1.2670
12422,SHMPC_Conformal,baseline,30,0.1000,1.0000,0.0000,0.0000,w2_bures,0,-1,1.1377,11,20.1062,776.3696,559,31,80,2.9798,2.1237,7.3358,15.2318,0,7.0000,1.2037
12423,SHMPC_Conformal,baseline,30,0.1000,1.0000,0.0000,0.0000,w2_bures,1,22,0.6425,29,20.4262,742.2643,409,30,80,4.1968,3.2591,12.8141,15.4428,0,7.0000,0.6693
12424,SHMPC_Conformal,baseline,30,0.1000,1.0000,0.0000,0.0000,w2_bures,0,-1,1.3463,17,2.9788,121.0239,112,35,80,5.8464,4.1852,12.5238,18.4738,0,7.0000,1.3617
12425,SHMPC_Conformal,baseline,30,0.1000,1.0000,0.0000,0.0000,w2_bures,1,15,0.8253,17,2.8051,95.9155,92,16,80,5.6009,4.1265,14.7853,17.3188,0,7.0000,0.8485
12426,SHMPC_Conformal,baseline,30,0.1000,1.0000,0.0000,0.0000,w2_bures,0,-1,1.0929,34,17.3372,383.2839,361,25,80,5.4696,3.4365,12.7464,14.7533,0,7.0000,1.0962
12427,SHMPC_Conformal,baseline,30,0.1000,1.0000,0.0000,0.0000,w2_bures,0,-1,0.9558,35,20.3947,680.6388,421,21,80,4.2388,3.1347,11.9632,16.9171,0,7.0000,0.9804
12428,SHMPC_Conformal,baseline,30,0.1000,1.0000,0.0000,0.0000,w2_bures,0,-1,1.0169,21,3.2521,140.7532,144,12,80,5.3476,3.6779,13.8146,14.4397,0,7.0000,1.0498
12429,SHMPC_Conformal,baseline,30,0.1000,1.0000,0.0000,0.0000,w2_bures,0,-1,0.8841,23,3.3421,138.6487,141,17,80,6.1392,3.9898,14.2717,15.3775,0,7.0000,0.9542
12430,SHMPC_Conformal,baseline,30,0.1000,1.0000,0.0000,0.0000,w2_bures,1,21,0.5800,27,20.5830,717.7594,385,32,80,4.3263,3.1861,14.4069,15.3480,0,7.0000,0.6161
12431,SHMPC_Conformal,baseline,30,0.1000,1.0000,0.0000,0.0000,w2_bures,0,-1,1.4147,20,20.1135,811.6639,561,21,80,3.0185,2.0122,9.1054,12.0401,0,7.0000,1.4700
12432,SHMPC_Conformal,baseline,30,0.1000,1.0000,0.0000,0.0000,w2_bures,0,-1,1.1227,13,20.1117,772.6308,588,14,80,3.3122,2.7437,9.7510,14.6006,0,7.0000,1.1858
12433,SHMPC_Conformal,baseline,30,0.1000,1.0000,0.0000,0.0000,w2_bures,0,-1,1.0895,18,15.8530,368.3402,421,16,80,5.6906,3.9618,13.3237,16.6100,0,7.0000,1.1517
12434,SHMPC_Conformal,baseline,30,0.1000,1.0000,0.0000,0.0000,w2_bures,0,-1,1.3004,17,20.2255,747.7567,472,15,80,3.9496,2.9201,12.0750,12.8212,0,7.0000,1.3540
12435,SHMPC_Conformal,baseline,30,0.1000,1.0000,0.0000,0.0000,w2_bures,0,-1,1.1479,13,10.4502,209.3504,246,13,80,4.5243,3.4475,11.9521,14.3854,0,7.0000,1.2185
12436,SHMPC_Conformal,baseline,30,0.1000,1.0000,0.0000,0.0000,w2_bures,0,-1,1.0962,13,13.8414,256.0125,298,33,80,4.7396,3.0518,11.5855,12.3519,0,7.0000,1.1346
12437,SHMPC_Conformal,baseline,30,0.1000,1.0000,0.0000,0.0000,w2_bures,0,-1,0.9858,19,2.9095,94.9658,96,27,80,4.7270,3.4819,13.4836,14.4663,0,7.0000,1.0756
12438,SHMPC_Conformal,baseline,30,0.1000,1.0000,0.0000,0.0000,w2_bures,0,-1,1.0848,19,8.0569,214.9564,215,24,80,4.6503,3.1357,11.0380,16.0274,0,7.0000,1.1064
12439,SHMPC_Conformal,baseline,30,0.1000,1.0000,0.0000,0.0000,w2_bures,0,-1,1.1304,20,20.1055,787.9132,617,25,80,3.6606,3.1047,10.2988,14.0066,0,7.0000,1.1659
12440,SHMPC_Conformal,baseline,30,0.1000,1.0000,0.0000,0.0000,w2_bures,0,-1,1.2722,12,20.1096,775.0658,632,20,80,3.0755,2.3666,8.5846,13.0678,0,7.0000,1.3080
12441,SHMPC_Conformal,baseline,30,0.1000,1.0000,0.0000,0.0000,w2_bures,1,16,0.1628,31,3.8066,115.2043,139,21,80,7.1693,4.4581,17.2588,21.9873,0,7.0000,0.1861
12442,SHMPC_Conformal,baseline,30,0.1000,1.0000,0.0000,0.0000,w2_bures,0,-1,0.9409,33,6.7877,162.4514,144,22,80,5.3294,3.8714,13.6058,18.3243,0,7.0000,0.9451
12443,SHMPC_Conformal,baseline,30,0.1000,1.0000,0.0000,0.0000,w2_bures,0,-1,1.0901,31,2.6238,87.1674,99,22,80,5.3398,3.3659,14.0092,15.0206,0,7.0000,1.1048
12444,SHMPC_Conformal,baseline,30,0.1000,1.0000,0.0000,0.0000,w2_bures,0,-1,1.0272,20,2.4357,86.5263,82,8,80,5.6023,3.7631,13.8068,16.1263,0,7.0000,1.0494
12345,SHMPC_Hazard,baseline,30,0.1000,1.0000,0.0000,0.0000,w2_bures,0,-1,1.0175,14,17.4104,384.7623,277,25,80,4.6534,3.3154,12.0999,12.9424,0,7.0000,1.0276
12346,SHMPC_Hazard,baseline,30,0.1000,1.0000,0.0000,0.0000,w2_bures,0,-1,0.9474,31,20.5135,657.8011,396,26,80,4.6437,2.8222,11.8356,13.2605,0,7.0000,0.9758
12347,SHMPC_Hazard,baseline,30,0.1000,1.0000,0.0000,0.0000,w2_bures,1,33,0.6053,41,16.6973,358.9164,210,27,80,4.2967,3.3090,14.0408,16.0942,0,7.0000,0.6182
12348,SHMPC_Hazard,baseline,30,0.1000,1.0000,0.0000,0.0000,w2_bures,1,69,0.8042,72,2.7128,89.9981,119,13,80,5.4426,3.7713,14.0922,14.3549,0,7.0000,0.8279
12349,SHMPC_Hazard,baseline,30,0.1000,1.0000,0.0000,0.0000,w2_bures,0,-1,1.0524,12,4.3057,124.3224,130,27,80,6.0977,4.1395,14.1541,18.9757,0,7.0000,1.0790
12350,SHMPC_Hazard,baseline,30,0.1000,1.0000,0.0000,0.0000,w2_bures,1,33,0.5866,45,2.4256,85.9263,130,24,80,6.1318,3.6375,14.5629,16.5561,0,7.0000,0.5952
12351,SHMPC_Hazard,baseline,30,0.1000,1.0000,0.0000,0.0000,w2_bures,0,-1,1.1562,12,20.1172,764.9554,489,33,80,3.6016,2.9281,11.0110,15.0125,0,7.0000,1.1929
12352,SHMPC_Hazard,baseline,30,0.1000,1.0000,0.0000,0.0000,w2_bures,0,-1,0.9419,34,5.4563,143.5266,181,25,80,6.3148,4.0531,13.9211,14.6887,0,7.0000,0.9615
12353,SHMPC_Hazard,baseline,30,0.1000,1.0000,0.0000,0.0000,w2_bures,0,-1,0.9632,27,11.9737,265.2462,272,31,80,5.2564,3.3921,12.2834,13.0223,0,7.0000,0.9742
12354,SHMPC_Hazard,baseline,30,0.1000,1.0000,0.0000,0.0000,w2_bures,1,18,0.5793,32,2.7842,130.0550,164,20,80,6.9146,4.6470,16.5088,19.4086,0,7.0000,0.5838
12355,SHMPC_Hazard,baseline,30,0.1000,1.0000,0.0000,0.0000,w2_bures,1,24,0.7369,28,20.5397,640.6000,348,40,80,3.9946,2.9704,12.4499,13.1876,0,7.0000,0.7538
12356,SHMPC_Hazard,baseline,30,0.1000,1.0000,0.0000,0.0000,w2_bures,1,18,0.2410,45,2.0733,76.2506,68,18,80,5.2594,3.7539,14.9870,16.6607,0,7.0000,0.2497
12357,SHMPC_Hazard,baseline,30,0.1000,1.0000,0.0000,0.0000,w2_bures,0,-1,1.2017,15,20.1145,803.3578,544,30,80,3.4443,2.4439,11.1608,13.0283,0,7.0000,1.2644
12358,SHMPC_Hazard,baseline,30,0.1000,1.0000,0.0000,0.0000,w2_bures,0,-1,1.2235,8,20.1070,776.4055,759,30,80,3.4923,2.5284,10.7645,14.3372,0,7.0000,1.2634
12359,SHMPC_Hazard,baseline,30,0.1000,1.0000,0.0000,0.0000,w2_bures,0,-1,0.9882,13,18.8434,460.0049,374,26,80,4.5631,3.3867,12.3274,13.4972,0,7.0000,1.0358
12360,SHMPC_Hazard,baseline,30,0.1000,1.0000,0.0000,0.0000,w2_bures,0,-1,1.1085,19,20.2290,782.3761,559,24,80,3.9763,3.0206,10.3661,11.4377,0,7.0000,1.1546
12361,SHMPC_Hazard,baseline,30,0.1000,1.0000,0.0000,0.0000,w2_bures,0,-1,1.1455,18,3.5063,141.7845,165,29,80,6.5491,4.2021,13.6852,14.4783,0,7.0000,1.1751
12362,SHMPC_Hazard,baseline,30,0.1000,1.0000,0.0000,0.0000,w2_bures,0,-1,1.1337,13,20.0926,762.1749,558,34,80,3.6050,2.5305,10.8859,14.8991,0,7.0000,1.1763
12363,SHMPC_Hazard,baseline,30,0.1000,1.0000,0.0000,0.0000,w2_bures,0,-1,1.1385,12,16.1186,331.4046,264,16,80,4.8292,3.3573,12.3976,13.0523,0,7.0000,1.1442
12364,SHMPC_Hazard,baseline,30,0.1000,1.0000,0.0000,0.0000,w2_bures,0,-1,1.0730,24,2.9537,128.9787,148,25,80,5.5856,3.4989,12.4667,14.2707,0,7.0000,1.0924
12365,SHMPC_Hazard,baseline,30,0.1000,1.0000,0.0000,0.0000,w2_bures,1,21,0.6948,26,20.4113,682.0130,342,52,80,4.0832,3.0239,12.9682,20.9221,0,7.0000,0.7151
12366,SHMPC_Hazard,baseline,30,0.1000,1.0000,0.0000,0.0000,w2_bures,0,-1,1.1204,17,2.9144,95.1718,110,33,80,5.0880,3.1296,12.3450,12.6660,0,7.0000,1.1697
12367,SHMPC_Hazard,baseline,30,0.1000,1.0000,0.0000,0.0000,w2_bures,0,-1,1.1502,15,20.1107,773.4782,568,31,80,3.8596,2.6715,13.0467,14.8624,0,7.0000,1.2008
12368,SHMPC_Hazard,baseline,30,0.1000,1.0000,0.0000,0.0000,w2_bures,1,21,0.7744,24,20.5489,665.0980,416,28,80,5.2104,3.3167,13.3361,14.2061,0,7.0000,0.7972
12369,SHMPC_Hazard,baseline,30,0.1000,1.0000,0.0000,0.0000,w2_bures,0,-1,1.1048,15,17.0625,410.8003,469,20,80,4.7867,3.0396,12.5268,16.1258,0,7.0000,1.1914
12370,SHMPC_Hazard,baseline,30,0.1000,1.0000,0.0000,0.0000,w2_bures,1,23,0.7759,25,18.1941,475.7869,467,23,80,5.0319,3.4373,13.1272,13.6903,0,7.0000,0.7958
12371,SHMPC_Hazard,baseline,30,0.1000,1.0000,0.0000,0.0000,w2_bures,1,60,0.7674,65,3.4340,162.1609,240,23,80,5.4404,3.6306,13.7788,15.4085,0,7.0000,0.7905
12372,SHMPC_Hazard,baseline,30,0.1000,1.0000,0.0000,0.0000,w2_bures,0,-1,1.2935,13,20.1125,773.3522,648,28,80,2.8244,2.3689,7.0970,9.7872,0,7.0000,1.3419
12373,SHMPC_Hazard,baseline,30,0.1000,1.0000,0.0000,0.0000,w2_bures,0,-1,1.2745,14,20.1039,750.8054,510,33,80,3.1549,2.3199,9.8257,11.6192,0,7.0000,1.3497
12374,SHMPC_Hazard,baseline,30,0.1000,1.0000,0.0000,0.0000,w2_bures,0,-1,1.4955,15,20.0982,790.3209,649,33,80,3.1185,1.7318,10.8342,12.2536,0,7.0000,1.5428
12375,SHMPC_Hazard,baseline,30,0.1000,1.0000,0.0000,0.0000,w2_bures,0,-1,1.1235,19,18.4536,471.2405,400,28,80,4.8433,3.2623,11.1775,21.6597,0,7.0000,1.1713
12376,SHMPC_Hazard,baseline,30,0.1000,1.0000,0.0000,0.0000,w2_bures,0,-1,1.1513,24,13.0265,229.5536,290,25,80,5.1797,3.7527,14.3341,15.2701,0,7.0000,1.1548
12377,SHMPC_Hazard,baseline,30,0.1000,1.0000,0.0000,0.0000,w2_bures,0,-1,1.2541,18,14.4287,323.8535,342,34,80,4.6054,3.1722,10.6452,15.4303,0,7.0000,1.3059
12378,SHMPC_Hazard,baseline,30,0.1000,1.0000,0.0000,0.0000,w2_bures,1,19,0.1621,41,8.9216,190.6469,154,29,80,6.0254,3.9258,14.4648,17.5460,0,7.0000,0.1674
12379,SHMPC_Hazard,baseline,30,0.1000,1.0000,0.0000,0.0000,w2_bures,0,-1,1.1008,15,5.4663,143.9213,132,31,80,5.8550,3.9240,15.1301,19.9923,0,7.0000,1.1293
12380,SHMPC_Hazard,baseline,30,0.1000,1.0000,0.0000,0.0000,w2_bures,0,-1,1.0609,13,19.8791,537.9254,366,34,80,4.6374,3.3115,13.0769,15.2189,0,7.0000,1.1216
12381,SHMPC_Hazard,baseline,30,0.1000,1.0000,0.0000,0.0000,w2_bures,0,-1,0.9437,30,2.4907,85.5018,138,28,80,5.2228,3.5509,12.4349,15.6473,0,7.0000,0.9720
12382,SHMPC_Hazard,baseline,30,0.1000,1.0000,0.0000,0.0000,w2_bures,0,-1,1.2787,15,20.1086,766.8760,565,35,80,2.6633,1.9828,8.2949,10.4996,0,7.0000,1.2924
12383,SHMPC_Hazard,baseline,30,0.1000,1.0000,0.0000,0.0000,w2_bures,0,-1,1.0988,15,20.3075,771.5637,386,43,80,3.4386,2.7765,11.9593,16.1541,0,7.0000,1.1212
12384,SHMPC_Hazard,baseline,30,0.1000,1.0000,0.0000,0.0000,w2_bures,0,-1,1.1733,15,13.8749,255.6787,305,27,80,5.0264,3.6437,12.8170,13.2535,0,7.0000,1.1763
12385,SHMPC_Hazard,baseline,30,0.1000,1.0000,0.0000,0.0000,w2_bures,0,-1,1.1417,31,20.3171,650.9348,461,28,80,4.7053,3.0411,12.3149,13.2819,0,7.0000,1.1677
12386,SHMPC_Hazard,baseline,30,0.1000,1.0000,0.0000,0.0000,w2_bures,0,-1,0.9562,15,18.5699,454.0225,319,27,80,5.0927,3.7476,14.0215,15.4988,0,7.0000,0.9781
12387,SHMPC_Hazard,baseline,30,0.1000,1.0000,0.0000,0.0000,w2_bures,0,-1,0.9707,27,20.1718,782.6286,477,25,80,5.1961,3.2387,14.6722,18.8599,0,7.0000,0.9857
12388,SHMPC_Hazard,baseline,30,0.1000,1.0000,0.0000,0.0000,w2_bures,0,-1,0.9895,39,19.8555,537.7116,353,34,80,5.6880,4.1663,13.3257,13.8629,0,7.0000,1.0062
12389,SHMPC_Hazard,baseline,30,0.1000,1.0000,0.0000,0.0000,w2_bures,0,-1,0.9897,17,2.8381,95.2268,135,19,80,6.0467,3.5567,15.3016,17.5502,0,7.0000,1.0181
12390,SHMPC_Hazard,baseline,30,0.1000,1.0000,0.0000,0.0000,w2_bures,1,20,0.5343,28,2.3463,114.4354,143,14,80,5.5446,3.5857,13.2488,13.5662,0,7.0000,0.5419
12391,SHMPC_Hazard,baseline,30,0.1000,1.0000,0.0000,0.0000,w2_bures,1,16,0.7219,49,3.3284,105.0731,122,32,80,5.5259,3.7528,14.0566,15.9388,0,7.0000,0.7349
12392,SHMPC_Hazard,baseline,30,0.1000,1.0000,0.0000,0.0000,w2_bures,0,-1,1.2502,18,20.0992,790.5444,667,28,80,3.7028,2.5618,11.3915,13.2599,0,7.0000,1.3029
12393,SHMPC_Hazard,baseline,30,0.1000,1.0000,0.0000,0.0000,w2_bures,0,-1,1.1071,40,8.3738,234.4715,209,28,80,4.9665,3.2273,11.8663,13.3348,0,7.0000,1.1296
12394,SHMPC_Hazard,baseline,30,0.1000,1.0000,0.0000,0.0000,w2_bures,1,24,0.7451,31,10.9567,254.9228,241,26,80,5.1972,3.8810,14.8110,18.1728,0,7.0000,0.7538
12395,SHMPC_Hazard,baseline,30,0.1000,1.0000,0.0000,0.0000,w2_bures,0,-1,1.1708,15,20.1052,767.1990,674,45,80,3.9092,3.0833,12.0318,14.1254,0,7.0000,1.2105
12396,SHMPC_Hazard,baseline,30,0.1000,1.0000,0.0000,0.0000,w2_bures,1,17,0.7579,29,20.4529,613.5324,366,18,80,4.8331,3.2192,13.8690,15.1953,0,7.0000,0.7624
12397,SHMPC_Hazard,baseline,30,0.1000,1.0000,0.0000,0.0000,w2_bures,0,-1,0.9286,29,17.3354,382.4883,435,23,80,5.5890,4.1439,16.7548,18.7724,0,7.0000,0.9493
12398,SHMPC_Hazard,baseline,30,0.1000,1.0000,0.0000,0.0000,w2_bures,0,-1,1.0470,62,3.1842,130.7918,180,26,80,5.5494,3.5423,11.4246,13.5552,0,7.0000,1.0580
12399,SHMPC_Hazard,baseline,30,0.1000,1.0000,0.0000,0.0000,w2_bures,0,-1,1.0735,18,12.8154,233.8642,293,40,80,5.6490,3.6715,13.9460,17.5219,0,7.0000,1.0997
12400,SHMPC_Hazard,baseline,30,0.1000,1.0000,0.0000,0.0000,w2_bures,0,-1,1.0666,16,20.1028,769.9762,529,20,80,3.4392,2.7954,11.1265,13.5820,0,7.0000,1.0916
12401,SHMPC_Hazard,baseline,30,0.1000,1.0000,0.0000,0.0000,w2_bures,1,16,0.1403,25,20.2916,606.5770,387,36,80,5.6340,3.8871,14.9020,16.2369,0,7.0000,0.2131
12402,SHMPC_Hazard,baseline,30,0.1000,1.0000,0.0000,0.0000,w2_bures,0,-1,1.1713,17,20.1354,787.2403,496,30,80,3.9558,2.8690,11.6799,15.4490,0,7.0000,1.2294
12403,SHMPC_Hazard,baseline,30,0.1000,1.0000,0.0000,0.0000,w2_bures,1,15,0.4745,22,20.5898,691.9541,531,30,80,5.7016,3.4010,14.2593,18.5563,0,7.0000,0.5004
12404,SHMPC_Hazard,baseline,30,0.1000,1.0000,0.0000,0.0000,w2_bures,1,16,0.7653,18,2.8185,98.7264,155,10,80,6.9447,4.7216,15.2257,17.4704,0,7.0000,0.7826
12405,SHMPC_Hazard,baseline,30,0.1000,1.0000,0.0000,0.0000,w2_bures,1,21,0.7180,26,19.5244,563.1304,394,14,80,5.5930,4.0792,15.4847,19.0397,0,7.0000,0.7230
12406,SHMPC_Hazard,baseline,30,0.1000,1.0000,0.0000,0.0000,w2_bures,1,28,0.7941,33,7.8289,199.7128,198,16,80,4.8145,3.0406,12.5148,14.0083,0,7.0000,0.8119
12407,SHMPC_Hazard,baseline,30,0.1000,1.0000,0.0000,0.0000,w2_bures,0,-1,0.9591,17,2.4577,86.0169,106,44,80,4.3786,3.2092,12.4763,13.6691,0,7.0000,0.9917
12408,SHMPC_Hazard,baseline,30,0.1000,1.0000,0.0000,0.0000,w2_bures,1,18,0.5055,33,2.0716,76.1414,115,33,80,6.5872,4.4279,16.5213,18.0255,0,7.0000,0.5068
12409,SHMPC_Hazard,baseline,30,0.1000,1.0000,0.0000,0.0000,w2_bures,0,-1,1.1335,14,20.1340,763.0848,595,28,80,4.2221,3.2092,11.0804,13.2196,0,7.0000,1.2188
12410,SHMPC_Hazard,baseline,30,0.1000,1.0000,0.0000,0.0000,w2_bures,1,19,0.4621,26,20.1368,811.4782,461,28,80,5.5708,3.5435,17.9577,27.7038,0,7.0000,0.5208
12411,SHMPC_Hazard,baseline,30,0.1000,1.0000,0.0000,0.0000,w2_bures,1,13,0.3552,21,20.1700,741.5037,534,18,80,5.3036,3.7726,17.1090,21.6677,0,7.0000,0.4186
12412,SHMPC_Hazard,baseline,30,0.1000,1.0000,0.0000,0.0000,w2_bures,0,-1,1.1230,19,11.8781,263.8360,265,38,80,4.5193,3.2899,11.6158,13.6715,0,7.0000,1.1341
12413,SHMPC_Hazard,baseline,30,0.1000,1.0000,0.0000,0.0000,w2_bures,1,22,0.2439,52,2.9477,151.4137,200,26,80,6.1789,4.2832,14.7679,15.4658,0,7.0000,0.2512
12414,SHMPC_Hazard,baseline,30,0.1000,1.0000,0.0000,0.0000,w2_bures,0,-1,1.1901,16,15.8437,370.7840,314,25,80,4.8635,3.6704,11.5465,12.7116,0,7.0000,1.2272
12415,SHMPC_Hazard,baseline,30,0.1000,1.0000,0.0000,0.0000,w2_bures,0,-1,1.3375,18,20.1131,791.4985,556,30,80,3.5156,2.2639,10.3853,18.4003,0,7.0000,1.3691
12416,SHMPC_Hazard,baseline,30,0.1000,1.0000,0.0000,0.0000,w2_bures,1,18,0.6326,28,13.0315,229.4627,275,35,80,5.1029,3.5454,14.0815,17.9103,0,7.0000,0.6402
12417,SHMPC_Hazard,baseline,30,0.1000,1.0000,0.0000,0.0000,w2_bures,0,-1,1.1823,14,20.3872,725.2970,463,24,80,4.3277,3.0747,11.7028,16.1316,0,7.0000,1.2105
12418,SHMPC_Hazard,baseline,30,0.1000,1.0000,0.0000,0.0000,w2_bures,0,-1,1.1263,29,7.8465,174.7953,250,35,80,5.5510,3.7901,14.1485,17.0933,0,7.0000,1.1477
12419,SHMPC_Hazard,baseline,30,0.1000,1.0000,0.0000,0.0000,w2_bures,1,28,0.7474,32,19.0363,523.0635,289,40,80,4.6059,3.2414,12.6056,15.1342,0,7.0000,0.7594
12420,SHMPC_Hazard,baseline,30,0.1000,1.0000,0.0000,0.0000,w2_bures,0,-1,1.1490,19,2.8277,130.6329,153,26,80,5.8380,3.8599,14.0035,16.3608,0,7.0000,1.1648
12421,SHMPC_Hazard,baseline,30,0.1000,1.0000,0.0000,0.0000,w2_bures,0,-1,1.3016,18,20.3227,760.8161,437,20,80,3.6610,3.1647,10.2926,11.8187,0,7.0000,1.3255
12422,SHMPC_Hazard,baseline,30,0.1000,1.0000,0.0000,0.0000,w2_bures,0,-1,1.1920,13,20.1095,775.6464,659,35,80,3.0233,2.5790,7.8855,9.8367,0,7.0000,1.2451
12423,SHMPC_Hazard,baseline,30,0.1000,1.0000,0.0000,0.0000,w2_bures,1,22,0.6487,29,20.4306,743.1813,356,29,80,3.8668,3.2036,11.6054,13.1951,0,7.0000,0.6786
12424,SHMPC_Hazard,baseline,30,0.1000,1.0000,0.0000,0.0000,w2_bures,0,-1,1.1856,23,3.2502,135.3501,177,22,80,5.4852,3.6795,11.6729,12.5028,0,7.0000,1.2058
12425,SHMPC_Hazard,baseline,30,0.1000,1.0000,0.0000,0.0000,w2_bures,1,14,0.8103,17,2.4176,85.8912,131,23,80,4.9045,3.3875,12.5577,19.0227,0,7.0000,0.8341
12426,SHMPC_Hazard,baseline,30,0.1000,1.0000,0.0000,0.0000,w2_bures,0,-1,1.1086,35,17.3380,381.2368,251,29,80,4.6398,3.0441,12.1197,13.3315,0,7.0000,1.1107
12427,SHMPC_Hazard,baseline,30,0.1000,1.0000,0.0000,0.0000,w2_bures,1,17,0.5882,25,20.4791,758.7612,491,27,80,4.9844,3.8238,15.9912,18.1597,0,7.0000,0.5967
12428,SHMPC_Hazard,baseline,30,0.1000,1.0000,0.0000,0.0000,w2_bures,0,-1,0.8822,24,3.2940,139.3795,156,17,80,5.2865,3.5962,12.9231,16.9206,0,7.0000,0.9050
12429,SHMPC_Hazard,baseline,30,0.1000,1.0000,0.0000,0.0000,w2_bures,0,-1,0.8540,54,2.7352,178.6141,181,22,80,5.6126,4.1300,12.2840,13.9905,0,7.0000,0.8558
12430,SHMPC_Hazard,baseline,30,0.1000,1.0000,0.0000,0.0000,w2_bures,1,20,0.5537,26,20.4860,745.5491,343,28,80,4.4623,3.2639,13.8134,15.7814,0,7.0000,0.5963
12431,SHMPC_Hazard,baseline,30,0.1000,1.0000,0.0000,0.0000,w2_bures,0,-1,1.3581,14,20.1054,804.4595,603,22,80,3.1130,1.8811,8.6090,15.0418,0,7.0000,1.4108
12432,SHMPC_Hazard,baseline,30,0.1000,1.0000,0.0000,0.0000,w2_bures,0,-1,1.2536,12,20.1072,776.7424,620,39,80,3.2755,2.1727,10.5136,17.7819,0,7.0000,1.2882
12433,SHMPC_Hazard,baseline,30,0.1000,1.0000,0.0000,0.0000,w2_bures,0,-1,1.1610,20,15.8395,367.4791,380,33,80,4.8293,3.2094,11.8597,13.4669,0,7.0000,1.1681
12434,SHMPC_Hazard,baseline,30,0.1000,1.0000,0.0000,0.0000,w2_bures,0,-1,1.3177,19,20.3174,747.5669,607,14,80,4.8533,3.7506,14.1858,19.7615,0,7.0000,1.3417
12435,SHMPC_Hazard,baseline,30,0.1000,1.0000,0.0000,0.0000,w2_bures,0,-1,1.1428,17,17.3450,383.0871,432,25,80,5.1536,3.7827,12.5687,13.6370,0,7.0000,1.1890
12436,SHMPC_Hazard,baseline,30,0.1000,1.0000,0.0000,0.0000,w2_bures,0,-1,1.1472,12,13.8220,257.9716,274,33,80,4.8970,3.4885,12.0826,12.3671,0,7.0000,1.2115
12437,SHMPC_Hazard,baseline,30,0.1000,1.0000,0.0000,0.0000,w2_bures,1,69,0.8496,69,2.4863,85.2493,96,14,80,4.8881,3.3999,13.8377,16.2472,0,7.0000,0.8706
12438,SHMPC_Hazard,baseline,30,0.1000,1.0000,0.0000,0.0000,w2_bures,0,-1,1.0720,19,9.5925,231.7783,289,26,80,5.2023,3.4469,12.4453,13.2058,0,7.0000,1.1219
12439,SHMPC_Hazard,baseline,30,0.1000,1.0000,0.0000,0.0000,w2_bures,0,-1,1.1454,19,20.0870,790.3780,516,27,80,3.3770,2.3914,10.0661,11.1218,0,7.0000,1.1783
12440,SHMPC_Hazard,baseline,30,0.1000,1.0000,0.0000,0.0000,w2_bures,0,-1,1.2152,12,20.1128,773.3383,475,33,80,3.1160,2.2316,10.9424,13.9876,0,7.0000,1.2798
12441,SHMPC_Hazard,baseline,30,0.1000,1.0000,0.0000,0.0000,w2_bures,1,15,0.4937,29,8.8433,191.8496,230,17,80,5.5631,3.6385,14.3768,16.2523,0,7.0000,0.5048
12442,SHMPC_Hazard,baseline,30,0.1000,1.0000,0.0000,0.0000,w2_bures,0,-1,1.1386,29,17.3529,384.0755,303,29,80,4.9174,3.4462,11.4535,17.1102,0,7.0000,1.1585
12443,SHMPC_Hazard,baseline,30,0.1000,1.0000,0.0000,0.0000,w2_bures,0,-1,1.0424,31,2.4209,86.4612,113,25,80,5.2974,3.5767,12.9165,16.1867,0,7.0000,1.0632
12444,SHMPC_Hazard,baseline,30,0.1000,1.0000,0.0000,0.0000,w2_bures,0,-1,0.9387,20,2.4636,85.8690,84,30,80,4.6553,3.1532,12.0180,18.1055,0,7.0000,0.9703
12345,SHMPC_Bandit,baseline,30,0.1000,1.0000,0.0000,0.0000,w2_bures,0,-1,0.9845,14,16.7139,358.6559,433,36,80,5.4360,3.4443,13.1640,14.1299,0,7.0000,1.0077
12346,SHMPC_Bandit,baseline,30,0.1000,1.0000,0.0000,0.0000,w2_bures,1,29,0.6961,33,20.3074,609.0968,385,23,80,4.7940,2.9998,14.1144,15.6325,0,7.0000,0.7110
12347,SHMPC_Bandit,baseline,30,0.1000,1.0000,0.0000,0.0000,w2_bures,1,32,0.5922,40,17.3085,383.9166,280,29,80,5.4792,3.2278,14.1804,16.2477,0,7.0000,0.6066
12348,SHMPC_Bandit,baseline,30,0.1000,1.0000,0.0000,0.0000,w2_bures,1,18,0.5971,72,2.5707,86.5754,104,19,80,5.2527,3.4130,14.4171,16.2147,0,7.0000,0.6214
12349,SHMPC_Bandit,baseline,30,0.1000,1.0000,0.0000,0.0000,w2_bures,0,-1,1.0746,18,2.4608,85.4316,82,56,80,4.9584,3.3640,12.2807,17.1864,0,7.0000,1.1161
12350,SHMPC_Bandit,baseline,30,0.1000,1.0000,0.0000,0.0000,w2_bures,1,33,0.5854,45,2.4265,85.9807,117,25,80,5.5634,3.5181,14.3268,16.1423,0,7.0000,0.5937
12351,SHMPC_Bandit,baseline,30,0.1000,1.0000,0.0000,0.0000,w2_bures,0,-1,1.1797,12,20.0980,755.4767,525,53,80,3.6433,2.8391,10.7820,13.8867,0,7.0000,1.2298
12352,SHMPC_Bandit,baseline,30,0.1000,1.0000,0.0000,0.0000,w2_bures,0,-1,0.9493,34,10.3871,211.5208,234,41,80,5.1646,3.5987,13.7599,15.3846,0,7.0000,0.9691
12353,SHMPC_Bandit,baseline,30,0.1000,1.0000,0.0000,0.0000,w2_bures,0,-1,0.9842,27,11.9433,262.6566,281,42,80,4.9774,3.2078,13.0348,14.3013,0,7.0000,0.9953
12354,SHMPC_Bandit,baseline,30,0.1000,1.0000,0.0000,0.0000,w2_bures,1,18,0.5505,33,2.7483,113.7090,188,34,80,6.7166,4.0231,15.0363,17.1378,0,7.0000,0.5586
12355,SHMPC_Bandit,baseline,30,0.1000,1.0000,0.0000,0.0000,w2_bures,1,24,0.7370,28,20.5399,640.5881,353,39,80,5.1826,3.5253,14.7093,15.6404,0,7.0000,0.7535
12356,SHMPC_Bandit,baseline,30,0.1000,1.0000,0.0000,0.0000,w2_bures,1,21,0.2466,47,2.0492,76.4195,99,11,80,6.0986,4.0752,14.8547,16.2509,0,7.0000,0.2581
12357,SHMPC_Bandit,baseline,30,0.1000,1.0000,0.0000,0.0000,w2_bures,0,-1,1.2005,15,20.1045,800.4293,699,41,80,3.4780,2.9284,9.5994,17.3858,0,7.0000,1.2633
12358,SHMPC_Bandit,baseline,30,0.1000,1.0000,0.0000,0.0000,w2_bures,0,-1,1.1450,12,20.1124,775.0708,667,45,80,3.4977,2.4519,9.9923,10.8004,0,7.0000,1.2115
12359,SHMPC_Bandit,baseline,30,0.1000,1.0000,0.0000,0.0000,w2_bures,0,-1,1.0479,13,19.8597,538.4158,426,32,80,4.5806,3.2158,12.6507,14.3466,0,7.0000,1.1280
12360,SHMPC_Bandit,baseline,30,0.1000,1.0000,0.0000,0.0000,w2_bures,0,-1,1.2057,17,20.1105,787.1493,583,30,80,4.0981,3.3524,10.5001,13.0198,0,7.0000,1.2205
12361,SHMPC_Bandit,baseline,30,0.1000,1.0000,0.0000,0.0000,w2_bures,0,-1,1.1462,18,5.3240,162.2853,211,41,80,5.5576,3.7208,13.6496,15.7406,0,7.0000,1.1744
12362,SHMPC_Bandit,baseline,30,0.1000,1.0000,0.0000,0.0000,w2_bures,0,-1,1.1926,15,20.1102,773.8798,412,51,80,3.5646,2.3020,11.4815,18.5422,0,7.0000,1.2338
12363,SHMPC_Bandit,baseline,30,0.1000,1.0000,0.0000,0.0000,w2_bures,0,-1,1.1386,16,17.3498,382.4881,355,20,80,4.9145,3.4695,13.0715,17.4032,0,7.0000,1.1490
12364,SHMPC_Bandit,baseline,30,0.1000,1.0000,0.0000,0.0000,w2_bures,0,-1,1.1673,24,2.9141,128.9823,142,31,80,6.4838,4.0948,13.8653,17.8616,0,7.0000,1.1854
12365,SHMPC_Bandit,baseline,30,0.1000,1.0000,0.0000,0.0000,w2_bures,1,21,0.7027,26,20.3978,678.5744,434,44,80,5.6783,3.5599,17.0945,18.4924,0,7.0000,0.7262
12366,SHMPC_Bandit,baseline,30,0.1000,1.0000,0.0000,0.0000,w2_bures,0,-1,1.0238,26,2.4856,85.5925,111,35,80,5.5228,3.5643,13.4655,15.5135,0,7.0000,1.0492
12367,SHMPC_Bandit,baseline,30,0.1000,1.0000,0.0000,0.0000,w2_bures,0,-1,1.1625,12,20.1133,773.4085,527,49,80,3.4874,2.4949,10.1356,14.0765,0,7.0000,1.2102
12368,SHMPC_Bandit,baseline,30,0.1000,1.0000,0.0000,0.0000,w2_bures,0,-1,0.9519,16,20.2061,757.4535,668,34,80,4.7413,3.7873,12.4075,13.9372,0,7.0000,1.0271
12369,SHMPC_Bandit,baseline,30,0.1000,1.0000,0.0000,0.0000,w2_bures,0,-1,1.2319,16,20.4849,689.4648,412,32,80,4.3933,2.9291,12.3786,14.9127,0,7.0000,1.2811
12370,SHMPC_Bandit,baseline,30,0.1000,1.0000,0.0000,0.0000,w2_bures,0,-1,1.0101,25,20.2941,653.0061,493,40,80,4.8808,3.5639,13.0342,13.8080,0,7.0000,1.0341
12371,SHMPC_Bandit,baseline,30,0.1000,1.0000,0.0000,0.0000,w2_bures,0,-1,1.0151,33,3.4161,138.9453,144,39,80,5.3475,3.5093,12.7629,15.5876,0,7.0000,1.0352
12372,SHMPC_Bandit,baseline,30,0.1000,1.0000,0.0000,0.0000,w2_bures,0,-1,1.2456,14,13.0292,230.9784,281,43,80,4.5542,3.1112,12.6999,15.9934,0,7.0000,1.2838
12373,SHMPC_Bandit,baseline,30,0.1000,1.0000,0.0000,0.0000,w2_bures,0,-1,1.2940,13,20.1147,763.5027,593,41,80,3.4720,2.4780,11.4377,21.6720,0,7.0000,1.3357
12374,SHMPC_Bandit,baseline,30,0.1000,1.0000,0.0000,0.0000,w2_bures,0,-1,1.4577,16,20.1052,804.8941,712,35,80,3.3653,2.5924,8.2102,13.8997,0,7.0000,1.5041
12375,SHMPC_Bandit,baseline,30,0.1000,1.0000,0.0000,0.0000,w2_bures,0,-1,1.2002,16,19.4063,546.2829,457,34,80,5.0848,3.4969,13.7168,20.0235,0,7.0000,1.2028
12376,SHMPC_Bandit,baseline,30,0.1000,1.0000,0.0000,0.0000,w2_bures,0,-1,1.1550,24,13.0259,229.4685,259,19,80,4.9042,3.3714,12.0917,13.9262,0,7.0000,1.1584
12377,SHMPC_Bandit,baseline,30,0.1000,1.0000,0.0000,0.0000,w2_bures,0,-1,1.3973,15,20.1141,794.8495,588,61,80,3.3184,2.6336,10.1635,13.4217,0,7.0000,1.4469
12378,SHMPC_Bandit,baseline,30,0.1000,1.0000,0.0000,0.0000,w2_bures,1,18,0.1886,36,9.6151,200.9026,179,26,80,6.5582,4.1615,15.0829,20.8978,0,7.0000,0.2115
12379,SHMPC_Bandit,baseline,30,0.1000,1.0000,0.0000,0.0000,w2_bures,0,-1,1.0185,14,2.4508,85.7418,128,36,80,6.1561,3.6979,13.5874,13.9570,0,7.0000,1.0479
12380,SHMPC_Bandit,baseline,30,0.1000,1.0000,0.0000,0.0000,w2_bures,0,-1,1.1416,11,15.4248,307.5908,300,38,80,4.5743,3.3367,11.8991,13.6625,0,7.0000,1.1488
12381,SHMPC_Bandit,baseline,30,0.1000,1.0000,0.0000,0.0000,w2_bures,0,-1,0.9258,30,2.9263,95.0296,152,41,80,6.1864,3.6162,15.6775,19.6608,0,7.0000,0.9534
12382,SHMPC_Bandit,baseline,30,0.1000,1.0000,0.0000,0.0000,w2_bures,0,-1,1.2198,13,20.1087,776.9607,553,34,80,3.0581,2.1908,10.8272,14.2870,0,7.0000,1.2459
12383,SHMPC_Bandit,baseline,30,0.1000,1.0000,0.0000,0.0000,w2_bures,1,35,0.8227,36,15.7491,364.5780,434,26,80,6.0461,4.1962,15.1332,18.0910,0,7.0000,0.8475
12384,SHMPC_Bandit,baseline,30,0.1000,1.0000,0.0000,0.0000,w2_bures,0,-1,1.1720,15,13.8750,255.3986,260,45,80,4.5795,3.1221,11.8411,13.5647,0,7.0000,1.1763
12385,SHMPC_Bandit,baseline,30,0.1000,1.0000,0.0000,0.0000,w2_bures,0,-1,1.1851,31,20.3012,649.2973,458,45,80,3.8831,2.8748,11.1129,16.1800,0,7.0000,1.2180
12386,SHMPC_Bandit,baseline,30,0.1000,1.0000,0.0000,0.0000,w2_bures,0,-1,0.9693,14,19.2049,487.2770,462,44,80,4.5883,3.4784,13.1628,14.5487,0,7.0000,0.9926
12387,SHMPC_Bandit,baseline,30,0.1000,1.0000,0.0000,0.0000,w2_bures,1,21,0.7688,27,20.1790,784.9255,443,42,80,4.7438,3.1460,16.2818,18.8531,0,7.0000,0.7849
12388,SHMPC_Bandit,baseline,30,0.1000,1.0000,0.0000,0.0000,w2_bures,0,-1,0.9873,39,19.8548,537.8866,428,48,80,4.8912,3.1839,13.4839,14.5688,0,7.0000,1.0037
12389,SHMPC_Bandit,baseline,30,0.1000,1.0000,0.0000,0.0000,w2_bures,0,-1,0.9024,17,2.4622,86.1979,101,19,80,5.4546,3.9601,12.6019,13.5402,0,7.0000,0.9184
12390,SHMPC_Bandit,baseline,30,0.1000,1.0000,0.0000,0.0000,w2_bures,1,20,0.5881,28,2.4549,120.3721,128,39,80,7.1695,4.3410,14.6165,14.9933,0,7.0000,0.6132
12391,SHMPC_Bandit,baseline,30,0.1000,1.0000,0.0000,0.0000,w2_bures,0,-1,0.8573,20,6.0834,153.0680,184,39,80,5.9517,3.6644,14.2535,14.4393,0,7.0000,0.8663
12392,SHMPC_Bandit,baseline,30,0.1000,1.0000,0.0000,0.0000,w2_bures,0,-1,1.1111,18,19.9207,570.4737,396,34,80,4.3752,3.2055,12.5991,13.5319,0,7.0000,1.1925
12393,SHMPC_Bandit,baseline,30,0.1000,1.0000,0.0000,0.0000,w2_bures,0,-1,0.9906,27,19.8417,581.6662,408,24,80,4.9007,3.6672,13.4477,14.9378,0,7.0000,1.0154
12394,SHMPC_Bandit,baseline,30,0.1000,1.0000,0.0000,0.0000,w2_bures,1,20,0.6149,30,10.9907,255.1815,251,30,80,5.8485,4.1555,15.4698,21.0799,0,7.0000,0.6225
12395,SHMPC_Bandit,baseline,30,0.1000,1.0000,0.0000,0.0000,w2_bures,0,-1,1.1709,15,20.1100,766.3034,489,55,80,4.0746,2.9719,13.3585,14.9944,0,7.0000,1.2106
12396,SHMPC_Bandit,baseline,30,0.1000,1.0000,0.0000,0.0000,w2_bures,0,-1,0.9846,14,20.5588,692.2361,563,32,80,5.3532,3.7133,12.7547,13.8103,0,7.0000,1.0037
12397,SHMPC_Bandit,baseline,30,0.1000,1.0000,0.0000,0.0000,w2_bures,0,-1,1.1141,16,20.2834,589.1621,551,32,80,5.3184,3.5220,14.0964,19.6827,0,7.0000,1.1294
12398,SHMPC_Bandit,baseline,30,0.1000,1.0000,0.0000,0.0000,w2_bures,0,-1,1.2520,61,3.3781,139.2704,202,40,80,5.1231,3.2574,11.7544,16.8186,0,7.0000,1.2574
12399,SHMPC_Bandit,baseline,30,0.1000,1.0000,0.0000,0.0000,w2_bures,0,-1,1.0202,11,14.6032,282.2174,272,47,80,5.9213,4.3129,15.6931,21.1217,0,7.0000,1.0385
12400,SHMPC_Bandit,baseline,30,0.1000,1.0000,0.0000,0.0000,w2_bures,0,-1,1.0788,16,20.1040,771.2389,675,21,80,4.2097,3.4334,12.8205,14.0637,0,7.0000,1.1038
12401,SHMPC_Bandit,baseline,30,0.1000,1.0000,0.0000,0.0000,w2_bures,1,17,0.2456,26,20.2603,589.4875,426,36,80,6.2796,3.8931,15.3770,18.5859,0,7.0000,0.2839
12402,SHMPC_Bandit,baseline,30,0.1000,1.0000,0.0000,0.0000,w2_bures,0,-1,1.2164,15,20.1212,769.6346,536,41,80,4.0768,2.8516,12.3850,15.5191,0,7.0000,1.2202
12403,SHMPC_Bandit,baseline,30,0.1000,1.0000,0.0000,0.0000,w2_bures,1,16,0.2217,25,20.1024,562.0370,374,41,80,5.1278,3.6262,14.5476,22.5395,0,7.0000,0.2476
12404,SHMPC_Bandit,baseline,30,0.1000,1.0000,0.0000,0.0000,w2_bures,1,17,0.7531,21,2.9054,97.2312,145,21,80,6.2123,4.2508,14.3376,17.4290,0,7.0000,0.7823
12405,SHMPC_Bandit,baseline,30,0.1000,1.0000,0.0000,0.0000,w2_bures,0,-1,1.0680,37,15.1257,343.9939,318,29,80,5.7956,4.2002,14.3814,14.9447,0,7.0000,1.0977
12406,SHMPC_Bandit,baseline,30,0.1000,1.0000,0.0000,0.0000,w2_bures,0,-1,0.8707,32,9.5563,201.9911,249,21,80,5.6906,3.7618,13.4103,14.5631,0,7.0000,0.8807
12407,SHMPC_Bandit,baseline,30,0.1000,1.0000,0.0000,0.0000,w2_bures,0,-1,1.0214,13,2.4416,85.9662,91,48,80,5.0908,3.1950,12.6519,16.6852,0,7.0000,1.0447
12408,SHMPC_Bandit,baseline,30,0.1000,1.0000,0.0000,0.0000,w2_bures,1,24,0.7658,29,2.4162,86.0880,86,13,80,6.8119,4.0583,14.4498,15.8581,0,7.0000,0.7869
12409,SHMPC_Bandit,baseline,30,0.1000,1.0000,0.0000,0.0000,w2_bures,0,-1,1.1290,18,20.1591,761.3818,393,33,80,3.4081,2.6759,10.4826,11.9576,0,7.0000,1.1916
12410,SHMPC_Bandit,baseline,30,0.1000,1.0000,0.0000,0.0000,w2_bures,0,-1,0.8568,24,20.1076,784.4744,664,28,80,4.6116,3.1552,13.8323,16.7489,0,7.0000,0.8757
12411,SHMPC_Bandit,baseline,30,0.1000,1.0000,0.0000,0.0000,w2_bures,1,13,0.2975,21,20.2001,740.8845,586,19,80,4.9084,3.4631,14.3065,18.6629,0,7.0000,0.3451
12412,SHMPC_Bandit,baseline,30,0.1000,1.0000,0.0000,0.0000,w2_bures,0,-1,1.1293,19,11.8842,265.1120,253,41,80,4.3062,3.0471,10.4322,14.5575,0,7.0000,1.1404
12413,SHMPC_Bandit,baseline,30,0.1000,1.0000,0.0000,0.0000,w2_bures,0,-1,1.1902,18,20.1273,781.4464,485,44,80,3.5712,2.6495,9.8731,15.4462,0,7.0000,1.2560
12414,SHMPC_Bandit,baseline,30,0.1000,1.0000,0.0000,0.0000,w2_bures,0,-1,1.1386,15,3.3554,105.8967,131,39,80,4.6989,3.1052,12.0739,13.2939,0,7.0000,1.1619
12415,SHMPC_Bandit,baseline,30,0.1000,1.0000,0.0000,0.0000,w2_bures,0,-1,1.2546,18,20.1033,832.7846,513,31,80,3.4784,2.5603,9.6914,10.9969,0,7.0000,1.3057
12416,SHMPC_Bandit,baseline,30,0.1000,1.0000,0.0000,0.0000,w2_bures,1,17,0.7260,22,17.9045,408.4038,309,42,80,4.8074,3.5071,14.2697,18.6789,0,7.0000,0.7311
12417,SHMPC_Bandit,baseline,30,0.1000,1.0000,0.0000,0.0000,w2_bures,0,-1,1.1830,17,20.3818,723.8261,396,47,80,3.7131,2.6532,12.4445,13.9252,0,7.0000,1.1976
12418,SHMPC_Bandit,baseline,30,0.1000,1.0000,0.0000,0.0000,w2_bures,0,-1,1.0867,29,9.6615,199.5556,206,49,80,4.5708,3.0050,11.6427,13.2148,0,7.0000,1.1081
12419,SHMPC_Bandit,baseline,30,0.1000,1.0000,0.0000,0.0000,w2_bures,0,-1,0.9924,19,20.4047,776.6232,551,42,80,4.0349,3.3659,12.8026,15.0607,0,7.0000,0.9977
12420,SHMPC_Bandit,baseline,30,0.1000,1.0000,0.0000,0.0000,w2_bures,0,-1,1.1575,20,2.9303,121.3131,163,38,80,6.1105,3.8989,12.5545,18.8879,0,7.0000,1.1790
12421,SHMPC_Bandit,baseline,30,0.1000,1.0000,0.0000,0.0000,w2_bures,0,-1,1.3014,15,20.2419,771.4896,464,29,80,4.6581,3.2486,15.7131,18.5969,0,7.0000,1.3501
12422,SHMPC_Bandit,baseline,30,0.1000,1.0000,0.0000,0.0000,w2_bures,0,-1,1.1663,13,20.1073,776.0439,747,43,80,3.4190,2.8552,10.0184,15.3680,0,7.0000,1.2286
12423,SHMPC_Bandit,baseline,30,0.1000,1.0000,0.0000,0.0000,w2_bures,1,24,0.6755,30,20.4518,744.1219,529,24,80,5.7630,3.8835,14.9463,16.7377,0,7.0000,0.6938
12424,SHMPC_Bandit,baseline,30,0.1000,1.0000,0.0000,0.0000,w2_bures,0,-1,1.2718,25,3.2935,138.6587,218,33,80,6.3904,4.0731,14.5838,17.8817,0,7.0000,1.2878
12425,SHMPC_Bandit,baseline,30,0.1000,1.0000,0.0000,0.0000,w2_bures,1,14,0.8105,17,2.8138,96.0840,172,19,80,6.6184,4.2363,17.7556,21.5037,0,7.0000,0.8338
12426,SHMPC_Bandit,baseline,30,0.1000,1.0000,0.0000,0.0000,w2_bures,1,31,0.7567,38,15.4190,307.3702,340,34,80,5.6725,3.8851,13.5896,20.3733,0,7.0000,0.7696
12427,SHMPC_Bandit,baseline,30,0.1000,1.0000,0.0000,0.0000,w2_bures,0,-1,1.1998,34,20.5838,717.4530,620,27,80,5.2615,4.0131,13.5563,15.7735,0,7.0000,1.2135
12428,SHMPC_Bandit,baseline,30,0.1000,1.0000,0.0000,0.0000,w2_bures,0,-1,0.8546,61,3.2631,138.8403,134,20,80,6.3519,4.0510,14.7339,17.4666,0,7.0000,0.8674
12429,SHMPC_Bandit,baseline,30,0.1000,1.0000,0.0000,0.0000,w2_bures,1,25,0.8229,26,2.9078,130.2818,182,28,80,6.0238,4.3788,14.5527,14.7123,0,7.0000,0.8484
12430,SHMPC_Bandit,baseline,30,0.1000,1.0000,0.0000,0.0000,w2_bures,1,20,0.5991,26,20.5170,717.1069,573,31,80,5.6565,3.8008,14.7149,18.0476,0,7.0000,0.6482
12431,SHMPC_Bandit,baseline,30,0.1000,1.0000,0.0000,0.0000,w2_bures,0,-1,1.3197,16,20.1134,803.3795,512,36,80,3.2491,2.1093,9.9541,13.8161,0,7.0000,1.3547
12432,SHMPC_Bandit,baseline,30,0.1000,1.0000,0.0000,0.0000,w2_bures,0,-1,1.1824,13,20.1140,774.8202,654,46,80,4.0757,3.0621,11.7255,13.5810,0,7.0000,1.2433
12433,SHMPC_Bandit,baseline,30,0.1000,1.0000,0.0000,0.0000,w2_bures,0,-1,1.2135,19,20.0805,790.8577,812,35,80,5.3889,4.6025,13.5641,17.3962,0,7.0000,1.2254
12434,SHMPC_Bandit,baseline,30,0.1000,1.0000,0.0000,0.0000,w2_bures,0,-1,1.1327,27,19.8840,535.4576,475,22,80,4.1534,3.0036,10.6685,10.9571,0,7.0000,1.1563
12435,SHMPC_Bandit,baseline,30,0.1000,1.0000,0.0000,0.0000,w2_bures,0,-1,1.1808,14,20.4166,612.9917,544,46,80,4.0755,3.4751,10.3182,14.4332,0,7.0000,1.2254
12436,SHMPC_Bandit,baseline,30,0.1000,1.0000,0.0000,0.0000,w2_bures,0,-1,1.1213,16,9.6596,201.0105,221,45,80,4.6974,3.2001,12.4241,14.9216,0,7.0000,1.1379
12437,SHMPC_Bandit,baseline,30,0.1000,1.0000,0.0000,0.0000,w2_bures,0,-1,0.9969,31,2.8926,94.8440,158,26,80,4.8313,3.4164,11.4175,13.0277,0,7.0000,1.0090
12438,SHMPC_Bandit,baseline,30,0.1000,1.0000,0.0000,0.0000,w2_bures,0,-1,1.0649,19,8.7701,224.0471,279,23,80,4.8697,3.5855,12.2552,12.6456,0,7.0000,1.1292
12439,SHMPC_Bandit,baseline,30,0.1000,1.0000,0.0000,0.0000,w2_bures,0,-1,1.1893,20,20.1021,801.9506,666,32,80,4.3210,3.5771,11.5773,21.1061,0,7.0000,1.2198
12440,SHMPC_Bandit,baseline,30,0.1000,1.0000,0.0000,0.0000,w2_bures,0,-1,1.2230,12,20.1124,774.9366,664,45,80,3.6407,2.6691,12.2741,14.2163,0,7.0000,1.2845
12441,SHMPC_Bandit,baseline,30,0.1000,1.0000,0.0000,0.0000,w2_bures,1,16,0.1630,31,3.8063,115.2015,141,21,80,6.1571,4.0469,14.5398,14.7607,0,7.0000,0.1860
12442,SHMPC_Bandit,baseline,30,0.1000,1.0000,0.0000,0.0000,w2_bures,0,-1,0.9282,33,6.7946,162.7496,185,33,80,5.9431,3.8206,15.1710,16.8562,0,7.0000,0.9336
12443,SHMPC_Bandit,baseline,30,0.1000,1.0000,0.0000,0.0000,w2_bures,0,-1,1.0066,31,2.8327,93.7269,130,34,80,4.5752,3.2966,11.4987,19.2701,0,7.0000,1.0277
12444,SHMPC_Bandit,baseline,30,0.1000,1.0000,0.0000,0.0000,w2_bures,0,-1,0.9103,20,2.4786,85.8121,149,26,80,5.3155,3.4869,12.5224,16.7628,0,7.0000,0.9313
12345,SHMPC_Certificate,baseline,30,0.1000,1.0000,0.0000,0.0000,w2_bures,0,-1,0.8593,14,16.7452,357.8789,417,20,80,5.1452,3.5953,13.5441,14.2281,0,7.0000,0.8824
12346,SHMPC_Certificate,baseline,30,0.1000,1.0000,0.0000,0.0000,w2_bures,0,-1,1.0406,16,20.2825,734.4812,545,32,80,4.1531,2.9562,12.0419,15.4455,0,7.0000,1.0780
12347,SHMPC_Certificate,baseline,30,0.1000,1.0000,0.0000,0.0000,w2_bures,1,30,0.5728,39,17.3347,383.3815,276,22,80,5.1438,3.4001,12.0719,12.5091,0,7.0000,0.5895
12348,SHMPC_Certificate,baseline,30,0.1000,1.0000,0.0000,0.0000,w2_bures,1,15,0.4066,72,2.0685,75.8436,111,17,80,6.1474,4.1923,13.9137,15.0053,0,7.0000,0.4230
12349,SHMPC_Certificate,baseline,30,0.1000,1.0000,0.0000,0.0000,w2_bures,0,-1,0.9829,15,4.9599,133.9015,226,14,80,5.4003,3.5913,12.6534,13.7479,0,7.0000,1.0003
12350,SHMPC_Certificate,baseline,30,0.1000,1.0000,0.0000,0.0000,w2_bures,1,27,0.5042,41,2.4944,85.0622,113,27,80,5.4867,3.4474,14.0264,14.8684,0,7.0000,0.5093
12351,SHMPC_Certificate,baseline,30,0.1000,1.0000,0.0000,0.0000,w2_bures,0,-1,1.0230,14,20.1733,750.6460,399,20,80,3.5812,2.7406,12.4325,15.7980,0,7.0000,1.0875
12352,SHMPC_Certificate,baseline,30,0.1000,1.0000,0.0000,0.0000,w2_bures,1,22,0.8411,23,8.8781,190.3208,212,16,80,4.8431,3.3696,12.0115,15.0835,0,7.0000,0.8644
12353,SHMPC_Certificate,baseline,30,0.1000,1.0000,0.0000,0.0000,w2_bures,1,23,0.8293,27,11.9234,262.8814,327,22,80,5.5259,3.8918,13.2538,14.4986,0,7.0000,0.8442
12354,SHMPC_Certificate,baseline,30,0.1000,1.0000,0.0000,0.0000,w2_bures,1,23,0.7239,31,1.7051,94.2043,150,11,80,6.4869,4.3338,15.7766,16.7493,0,7.0000,0.7281
12355,SHMPC_Certificate,baseline,30,0.1000,1.0000,0.0000,0.0000,w2_bures,1,20,0.0517,30,20.5708,696.8335,364,37,80,5.0445,3.4734,17.8126,18.4039,0,7.0000,0.1681
12356,SHMPC_Certificate,baseline,30,0.1000,1.0000,0.0000,0.0000,w2_bures,1,15,0.2258,43,2.1010,75.8426,97,9,80,4.9608,3.3365,12.7170,15.7682,0,7.0000,0.2369
12357,SHMPC_Certificate,baseline,30,0.1000,1.0000,0.0000,0.0000,w2_bures,0,-1,1.0568,14,20.1156,794.0022,575,14,80,3.5421,2.1325,11.2924,13.4274,0,7.0000,1.1273
12358,SHMPC_Certificate,baseline,30,0.1000,1.0000,0.0000,0.0000,w2_bures,0,-1,1.0536,12,20.1112,775.0920,535,17,80,3.1601,1.7860,10.3123,14.9982,0,7.0000,1.1173
12359,SHMPC_Certificate,baseline,30,0.1000,1.0000,0.0000,0.0000,w2_bures,0,-1,0.9706,13,17.8606,410.4566,315,20,80,5.8333,3.9279,16.6604,20.4662,0,7.0000,1.0181
12360,SHMPC_Certificate,baseline,30,0.1000,1.0000,0.0000,0.0000,w2_bures,0,-1,1.0772,21,20.1211,775.5120,539,17,80,3.7099,2.5704,10.6182,14.0447,0,7.0000,1.1418
12361,SHMPC_Certificate,baseline,30,0.1000,1.0000,0.0000,0.0000,w2_bures,1,44,0.8230,54,2.8732,117.6845,152,28,80,6.9081,4.1505,15.4852,18.5154,0,7.0000,0.8390
12362,SHMPC_Certificate,baseline,30,0.1000,1.0000,0.0000,0.0000,w2_bures,0,-1,1.0813,12,20.0964,773.3065,612,9,80,3.5433,2.6482,11.7038,17.1651,0,7.0000,1.1542
12363,SHMPC_Certificate,baseline,30,0.1000,1.0000,0.0000,0.0000,w2_bures,0,-1,1.0431,14,17.6215,401.5624,411,20,80,4.7741,3.5832,12.7453,14.4280,0,7.0000,1.0475
12364,SHMPC_Certificate,baseline,30,0.1000,1.0000,0.0000,0.0000,w2_bures,1,23,0.8285,24,2.9927,129.1614,139,28,80,5.9857,3.7655,15.0383,21.8854,0,7.0000,0.8529
12365,SHMPC_Certificate,baseline,30,0.1000,1.0000,0.0000,0.0000,w2_bures,1,19,0.2809,27,20.1968,630.5816,423,26,80,5.1140,3.8730,12.8205,14.0840,0,7.0000,0.3341
12366,SHMPC_Certificate,baseline,30,0.1000,1.0000,0.0000,0.0000,w2_bures,0,-1,0.8502,26,2.5237,84.6310,84,16,80,4.8489,3.1095,13.4347,15.3931,0,7.0000,0.8762
12367,SHMPC_Certificate,baseline,30,0.1000,1.0000,0.0000,0.0000,w2_bures,0,-1,0.9982,12,20.1000,773.4951,666,23,80,3.8660,3.1360,11.4317,15.7078,0,7.0000,1.0658
12368,SHMPC_Certificate,baseline,30,0.1000,1.0000,0.0000,0.0000,w2_bures,1,18,0.6572,23,20.5404,689.4988,457,20,80,4.2165,3.3568,12.8050,14.0222,0,7.0000,0.6855
12369,SHMPC_Certificate,baseline,30,0.1000,1.0000,0.0000,0.0000,w2_bures,0,-1,1.0453,16,18.0470,446.2614,357,16,80,5.4056,3.5957,14.2243,15.3610,0,7.0000,1.1382
12370,SHMPC_Certificate,baseline,30,0.1000,1.0000,0.0000,0.0000,w2_bures,1,19,0.5490,27,17.3527,443.8398,425,14,80,5.7762,3.5892,14.4713,20.3816,0,7.0000,0.5556
12371,SHMPC_Certificate,baseline,30,0.1000,1.0000,0.0000,0.0000,w2_bures,1,28,0.7932,33,3.4569,138.5792,134,12,80,4.3941,2.9887,11.0549,14.9564,0,7.0000,0.8159
12372,SHMPC_Certificate,baseline,30,0.1000,1.0000,0.0000,0.0000,w2_bures,0,-1,1.1305,12,20.1086,759.0946,666,11,80,3.5829,2.9396,10.1931,11.4466,0,7.0000,1.1789
12373,SHMPC_Certificate,baseline,30,0.1000,1.0000,0.0000,0.0000,w2_bures,0,-1,1.1341,13,20.1138,767.4756,619,20,80,2.9686,2.0525,8.3702,14.2663,0,7.0000,1.2077
12374,SHMPC_Certificate,baseline,30,0.1000,1.0000,0.0000,0.0000,w2_bures,0,-1,1.2454,14,20.0929,805.6590,686,26,80,2.9219,1.7331,9.2817,14.3783,0,7.0000,1.3126
12375,SHMPC_Certificate,baseline,30,0.1000,1.0000,0.0000,0.0000,w2_bures,0,-1,0.9600,19,19.4169,554.2825,496,24,80,5.2711,3.5876,13.1198,23.7213,0,7.0000,1.0464
12376,SHMPC_Certificate,baseline,30,0.1000,1.0000,0.0000,0.0000,w2_bures,0,-1,0.9960,23,13.0652,229.5352,260,26,80,4.5041,3.1703,12.4573,14.1743,0,7.0000,0.9998
12377,SHMPC_Certificate,baseline,30,0.1000,1.0000,0.0000,0.0000,w2_bures,0,-1,1.2133,16,20.1070,795.8468,505,19,80,3.5187,2.6251,10.4572,13.4012,0,7.0000,1.2742
12378,SHMPC_Certificate,baseline,30,0.1000,1.0000,0.0000,0.0000,w2_bures,1,20,0.1578,42,9.6850,200.2780,188,35,80,6.3126,3.7810,15.1273,17.8383,0,7.0000,0.1644
12379,SHMPC_Certificate,baseline,30,0.1000,1.0000,0.0000,0.0000,w2_bures,0,-1,0.8978,14,2.4832,85.7159,102,22,80,5.6452,3.6242,13.8669,19.4179,0,7.0000,0.9337
12380,SHMPC_Certificate,baseline,30,0.1000,1.0000,0.0000,0.0000,w2_bures,0,-1,1.0357,16,16.7821,356.5617,317,15,80,4.3911,3.2611,12.9048,14.9155,0,7.0000,1.0793
12381,SHMPC_Certificate,baseline,30,0.1000,1.0000,0.0000,0.0000,w2_bures,1,28,0.8209,30,3.4058,103.8359,130,27,80,6.4695,3.8268,14.1011,18.7796,0,7.0000,0.8447
12382,SHMPC_Certificate,baseline,30,0.1000,1.0000,0.0000,0.0000,w2_bures,0,-1,1.1608,13,20.1086,775.8566,523,26,80,3.4759,1.8959,12.9311,15.3398,0,7.0000,1.1888
12383,SHMPC_Certificate,baseline,30,0.1000,1.0000,0.0000,0.0000,w2_bures,1,20,0.7548,36,17.0468,419.6588,373,24,80,5.4096,3.6884,14.1377,20.0298,0,7.0000,0.7796
12384,SHMPC_Certificate,baseline,30,0.1000,1.0000,0.0000,0.0000,w2_bures,0,-1,1.1121,17,13.8841,255.9779,307,29,80,4.6506,3.4218,11.7106,13.0512,0,7.0000,1.1199
12385,SHMPC_Certificate,baseline,30,0.1000,1.0000,0.0000,0.0000,w2_bures,0,-1,1.0464,31,20.2848,653.5349,394,31,80,4.2893,3.3788,12.0296,16.2032,0,7.0000,1.0689
12386,SHMPC_Certificate,baseline,30,0.1000,1.0000,0.0000,0.0000,w2_bures,0,-1,0.8757,14,19.1789,487.6297,415,15,80,5.2020,4.2065,14.0074,15.9403,0,7.0000,0.9075
12387,SHMPC_Certificate,baseline,30,0.1000,1.0000,0.0000,0.0000,w2_bures,1,18,0.6338,27,20.1527,768.1822,678,16,80,4.4033,3.4200,12.4005,14.0301,0,7.0000,0.6520
12388,SHMPC_Certificate,baseline,30,0.1000,1.0000,0.0000,0.0000,w2_bures,0,-1,0.9136,38,20.1141,562.6932,377,20,80,5.1219,3.6109,16.1634,19.0412,0,7.0000,0.9348
12389,SHMPC_Certificate,baseline,30,0.1000,1.0000,0.0000,0.0000,w2_bures,1,17,0.8332,17,2.4760,85.6559,92,23,80,6.1480,4.0698,14.0751,20.6030,0,7.0000,0.8913
12390,SHMPC_Certificate,baseline,30,0.1000,1.0000,0.0000,0.0000,w2_bures,1,19,0.2313,34,2.1280,93.7761,144,8,80,6.5474,4.6230,16.6839,18.9318,0,7.0000,0.2407
12391,SHMPC_Certificate,baseline,30,0.1000,1.0000,0.0000,0.0000,w2_bures,1,14,0.6935,48,4.3781,123.9332,138,13,80,5.4530,3.9336,13.8261,17.0190,0,7.0000,0.7021
12392,SHMPC_Certificate,baseline,30,0.1000,1.0000,0.0000,0.0000,w2_bures,0,-1,1.1337,17,20.1038,808.9187,481,23,80,3.2674,2.4995,11.0855,14.0556,0,7.0000,1.1902
12393,SHMPC_Certificate,baseline,30,0.1000,1.0000,0.0000,0.0000,w2_bures,1,36,0.7583,40,6.7300,196.4250,184,31,80,4.7326,3.0305,12.5130,16.4458,0,7.0000,0.7858
12394,SHMPC_Certificate,baseline,30,0.1000,1.0000,0.0000,0.0000,w2_bures,1,20,0.4914,30,9.8205,252.7951,336,19,80,6.5324,4.5122,14.6616,15.2647,0,7.0000,0.5030
12395,SHMPC_Certificate,baseline,30,0.1000,1.0000,0.0000,0.0000,w2_bures,0,-1,1.0890,15,20.0957,765.7523,582,22,80,3.4522,2.7795,9.4034,13.5305,0,7.0000,1.1199
12396,SHMPC_Certificate,baseline,30,0.1000,1.0000,0.0000,0.0000,w2_bures,1,17,0.4230,31,20.1060,561.8620,302,15,80,4.9201,3.7791,14.4595,16.3862,0,7.0000,0.4422
12397,SHMPC_Certificate,baseline,30,0.1000,1.0000,0.0000,0.0000,w2_bures,0,-1,0.9415,14,20.0721,562.2482,444,21,80,5.4907,4.1713,14.0131,23.8525,0,7.0000,0.9559
12398,SHMPC_Certificate,baseline,30,0.1000,1.0000,0.0000,0.0000,w2_bures,1,49,0.7412,62,3.0048,127.7809,101,23,80,5.5292,3.5271,13.3067,14.0440,0,7.0000,0.7501
12399,SHMPC_Certificate,baseline,30,0.1000,1.0000,0.0000,0.0000,w2_bures,0,-1,0.8874,14,14.6541,281.2055,261,12,80,4.6234,3.2542,13.4517,16.2206,0,7.0000,0.9275
12400,SHMPC_Certificate,baseline,30,0.1000,1.0000,0.0000,0.0000,w2_bures,1,15,0.8391,15,20.5112,638.7316,357,16,80,4.6803,3.4272,12.7038,13.9916,0,7.0000,0.8637
12401,SHMPC_Certificate,baseline,30,0.1000,1.0000,0.0000,0.0000,w2_bures,0,-1,1.0298,15,20.1048,813.4744,674,21,80,4.5937,3.4722,15.7578,21.6134,0,7.0000,1.0430
12402,SHMPC_Certificate,baseline,30,0.1000,1.0000,0.0000,0.0000,w2_bures,0,-1,0.9628,17,20.4961,698.6866,416,21,80,4.2907,3.2582,11.3767,17.5288,0,7.0000,0.9923
12403,SHMPC_Certificate,baseline,30,0.1000,1.0000,0.0000,0.0000,w2_bures,1,15,0.1700,25,20.4166,613.1514,467,18,80,5.4018,4.1359,15.5728,16.8773,0,7.0000,0.2288
12404,SHMPC_Certificate,baseline,30,0.1000,1.0000,0.0000,0.0000,w2_bures,1,14,0.6723,22,2.4193,86.3192,142,9,80,6.2760,4.0580,14.5036,20.3750,0,7.0000,0.6902
12405,SHMPC_Certificate,baseline,30,0.1000,1.0000,0.0000,0.0000,w2_bures,0,-1,1.1041,16,20.1704,623.6167,384,18,80,4.6282,3.3377,14.4763,15.6466,0,7.0000,1.1369
12406,SHMPC_Certificate,baseline,30,0.1000,1.0000,0.0000,0.0000,w2_bures,1,20,0.5945,30,8.4995,218.3818,216,22,80,6.3131,4.0106,14.2093,16.0661,0,7.0000,0.6050
12407,SHMPC_Certificate,baseline,30,0.1000,1.0000,0.0000,0.0000,w2_bures,0,-1,0.9264,17,2.9167,95.7004,115,18,80,5.2458,3.6578,13.0349,20.5624,0,7.0000,0.9757
12408,SHMPC_Certificate,baseline,30,0.1000,1.0000,0.0000,0.0000,w2_bures,1,17,0.6397,29,2.4733,85.6642,107,31,80,5.3272,3.6435,13.8441,17.6617,0,7.0000,0.6638
12409,SHMPC_Certificate,baseline,30,0.1000,1.0000,0.0000,0.0000,w2_bures,0,-1,1.0109,14,20.1505,735.1962,477,16,80,4.1503,3.3438,12.8972,16.3797,0,7.0000,1.0420
12410,SHMPC_Certificate,baseline,30,0.1000,1.0000,0.0000,0.0000,w2_bures,1,19,0.1878,26,20.1374,787.2880,599,5,80,5.0258,4.0034,13.7909,16.0976,0,7.0000,0.2742
12411,SHMPC_Certificate,baseline,30,0.1000,1.0000,0.0000,0.0000,w2_bures,1,12,0.0542,22,20.2998,743.2296,582,8,80,5.2878,4.1253,13.7106,19.4829,0,7.0000,0.1771
12412,SHMPC_Certificate,baseline,30,0.1000,1.0000,0.0000,0.0000,w2_bures,0,-1,0.9591,17,10.6725,246.0834,310,19,80,5.6419,3.6815,13.0093,15.4141,0,7.0000,1.0212
12413,SHMPC_Certificate,baseline,30,0.1000,1.0000,0.0000,0.0000,w2_bures,0,-1,1.1087,22,20.4401,799.6608,407,28,80,3.9274,2.9863,10.2680,13.0968,0,7.0000,1.1920
12414,SHMPC_Certificate,baseline,30,0.1000,1.0000,0.0000,0.0000,w2_bures,0,-1,1.0370,17,2.9521,128.9943,142,13,80,7.9371,5.5918,17.6264,19.7201,0,7.0000,1.0740
12415,SHMPC_Certificate,baseline,30,0.1000,1.0000,0.0000,0.0000,w2_bures,0,-1,1.0771,22,20.1026,857.9209,545,24,80,3.8045,3.1001,10.9901,12.9430,0,7.0000,1.1361
12416,SHMPC_Certificate,baseline,30,0.1000,1.0000,0.0000,0.0000,w2_bures,1,16,0.5552,28,13.0472,229.3213,248,17,80,6.3957,4.4405,15.2554,21.5628,0,7.0000,0.5627
12417,SHMPC_Certificate,baseline,30,0.1000,1.0000,0.0000,0.0000,w2_bures,0,-1,0.9926,15,20.1059,561.4536,342,18,80,4.2644,3.0169,13.6199,16.8976,0,7.0000,1.0185
12418,SHMPC_Certificate,baseline,30,0.1000,1.0000,0.0000,0.0000,w2_bures,0,-1,0.9631,29,7.5927,196.0536,216,28,80,6.7593,4.5205,14.4796,18.9470,0,7.0000,0.9859
12419,SHMPC_Certificate,baseline,30,0.1000,1.0000,0.0000,0.0000,w2_bures,1,26,0.6969,31,19.0177,522.1365,340,32,80,4.7399,3.3205,15.0609,18.8079,0,7.0000,0.7154
12420,SHMPC_Certificate,baseline,30,0.1000,1.0000,0.0000,0.0000,w2_bures,0,-1,0.9852,19,2.8710,113.3393,133,30,80,5.3688,3.6536,13.7612,14.9914,0,7.0000,1.0013
12421,SHMPC_Certificate,baseline,30,0.1000,1.0000,0.0000,0.0000,w2_bures,0,-1,1.1218,14,20.4706,758.4344,430,24,80,3.9751,2.7518,11.5236,17.5171,0,7.0000,1.1637
12422,SHMPC_Certificate,baseline,30,0.1000,1.0000,0.0000,0.0000,w2_bures,0,-1,1.1091,14,20.1062,778.1861,702,17,80,3.5699,2.9821,10.0483,13.7581,0,7.0000,1.1516
12423,SHMPC_Certificate,baseline,30,0.1000,1.0000,0.0000,0.0000,w2_bures,1,17,0.2340,30,20.4429,741.4145,508,25,80,5.4965,3.6433,15.9133,21.2971,0,7.0000,0.3011
12424,SHMPC_Certificate,baseline,30,0.1000,1.0000,0.0000,0.0000,w2_bures,0,-1,1.0764,25,2.8448,124.6993,151,32,80,6.5158,4.8269,19.1768,23.2512,0,7.0000,1.0925
12425,SHMPC_Certificate,baseline,30,0.1000,1.0000,0.0000,0.0000,w2_bures,1,16,0.7469,17,2.3533,79.0886,125,16,80,7.0597,4.7930,17.9653,20.6760,0,7.0000,0.7660
12426,SHMPC_Certificate,baseline,30,0.1000,1.0000,0.0000,0.0000,w2_bures,0,-1,1.0084,31,18.3753,433.3871,326,18,80,4.7890,3.5535,11.8496,16.1117,0,7.0000,1.0109
12427,SHMPC_Certificate,baseline,30,0.1000,1.0000,0.0000,0.0000,w2_bures,1,21,0.7070,27,20.2282,794.4497,530,25,80,4.7617,3.9229,15.9751,21.1294,0,7.0000,0.7201
12428,SHMPC_Certificate,baseline,30,0.1000,1.0000,0.0000,0.0000,w2_bures,1,22,0.8212,24,2.8927,130.6745,146,16,80,6.4860,4.3748,15.1453,20.4556,0,7.0000,0.8438
12429,SHMPC_Certificate,baseline,30,0.1000,1.0000,0.0000,0.0000,w2_bures,1,21,0.7082,29,2.8180,139.0364,153,13,80,5.7610,4.1436,14.3912,14.6575,0,7.0000,0.7095
12430,SHMPC_Certificate,baseline,30,0.1000,1.0000,0.0000,0.0000,w2_bures,1,18,0.5513,25,20.3052,750.8570,321,32,80,3.9637,2.8092,12.3870,17.8226,0,7.0000,0.5790
12431,SHMPC_Certificate,baseline,30,0.1000,1.0000,0.0000,0.0000,w2_bures,0,-1,1.1826,15,20.1145,792.0759,587,20,80,3.2718,2.7206,8.0798,11.8383,0,7.0000,1.2330
12432,SHMPC_Certificate,baseline,30,0.1000,1.0000,0.0000,0.0000,w2_bures,0,-1,1.1136,12,20.1128,777.1158,557,15,80,3.2327,2.3921,12.4327,15.1028,0,7.0000,1.1758
12433,SHMPC_Certificate,baseline,30,0.1000,1.0000,0.0000,0.0000,w2_bures,0,-1,0.9002,20,15.8774,370.6161,334,27,80,4.8346,3.3916,12.1362,14.7735,0,7.0000,0.9597
12434,SHMPC_Certificate,baseline,30,0.1000,1.0000,0.0000,0.0000,w2_bures,0,-1,1.0001,27,20.1023,560.9930,366,13,80,4.6362,3.3220,12.4969,15.1458,0,7.0000,1.0355
12435,SHMPC_Certificate,baseline,30,0.1000,1.0000,0.0000,0.0000,w2_bures,0,-1,1.0200,15,8.9324,190.5635,285,12,80,5.8177,4.2116,12.3935,14.4678,0,7.0000,1.0648
12436,SHMPC_Certificate,baseline,30,0.1000,1.0000,0.0000,0.0000,w2_bures,0,-1,1.0353,15,10.4543,210.6167,227,31,80,5.3423,3.6760,13.2027,14.7592,0,7.0000,1.1036
12437,SHMPC_Certificate,baseline,30,0.1000,1.0000,0.0000,0.0000,w2_bures,1,19,0.7304,69,2.5178,84.4927,91,15,80,5.2669,3.8776,12.5499,15.7808,0,7.0000,0.7419
12438,SHMPC_Certificate,baseline,30,0.1000,1.0000,0.0000,0.0000,w2_bures,0,-1,1.0158,19,8.0681,215.6377,194,27,80,4.8313,3.5122,11.9097,13.7334,0,7.0000,1.0381
12439,SHMPC_Certificate,baseline,30,0.1000,1.0000,0.0000,0.0000,w2_bures,0,-1,1.0047,18,20.0976,828.2028,435,29,80,3.4950,2.6095,11.1765,14.1552,0,7.0000,1.0340
12440,SHMPC_Certificate,baseline,30,0.1000,1.0000,0.0000,0.0000,w2_bures,0,-1,1.1541,14,20.1119,761.6900,734,21,80,3.8465,2.6648,11.5853,13.5503,0,7.0000,1.1909
12441,SHMPC_Certificate,baseline,30,0.1000,1.0000,0.0000,0.0000,w2_bures,1,14,0.4407,27,10.4163,210.4184,269,8,80,6.6918,4.2858,15.0391,21.0654,0,7.0000,0.4507
12442,SHMPC_Certificate,baseline,30,0.1000,1.0000,0.0000,0.0000,w2_bures,1,31,0.8471,32,8.1923,180.1936,161,25,80,4.8431,3.2618,11.7637,12.4624,0,7.0000,0.8528
12443,SHMPC_Certificate,baseline,30,0.1000,1.0000,0.0000,0.0000,w2_bures,0,-1,0.9290,21,2.8195,90.0461,90,28,80,5.0813,3.4540,12.2384,14.9312,0,7.0000,0.9531
12444,SHMPC_Certificate,baseline,30,0.1000,1.0000,0.0000,0.0000,w2_bures,0,-1,0.8586,20,5.5446,143.5398,164,18,80,5.8362,3.9937,13.3193,20.0930,0,7.0000,0.8797
12345,SHMPC_Compiler,baseline,30,0.1000,1.0000,0.0000,0.0000,w2_bures,0,-1,0.9898,12,16.7031,359.4531,581,3,80,8.1437,8.3678,16.2797,17.8544,0,7.0000,1.0120
12346,SHMPC_Compiler,baseline,30,0.1000,1.0000,0.0000,0.0000,w2_bures,1,31,0.8145,33,20.3094,643.4569,749,12,80,6.6131,4.1510,14.2547,17.9609,0,7.0000,0.8297
12347,SHMPC_Compiler,baseline,30,0.1000,1.0000,0.0000,0.0000,w2_bures,1,33,0.6042,41,16.6893,359.1738,654,5,80,8.2985,9.0370,16.7757,18.7792,0,7.0000,0.6132
12348,SHMPC_Compiler,baseline,30,0.1000,1.0000,0.0000,0.0000,w2_bures,1,71,0.8385,72,2.8216,95.4365,65,3,80,7.6787,10.8868,13.4525,18.4296,0,7.0000,0.8518
12349,SHMPC_Compiler,baseline,30,0.1000,1.0000,0.0000,0.0000,w2_bures,0,-1,1.0963,13,9.6093,201.2838,217,9,80,7.4511,4.9528,14.4584,14.8052,0,7.0000,1.1208
12350,SHMPC_Compiler,baseline,30,0.1000,1.0000,0.0000,0.0000,w2_bures,0,-1,0.9588,41,3.8212,114.7310,147,15,80,7.7339,9.9066,16.9537,19.4950,0,7.0000,0.9631
12351,SHMPC_Compiler,baseline,30,0.1000,1.0000,0.0000,0.0000,w2_bures,0,-1,1.2380,12,20.1133,774.8140,1013,10,80,5.3970,4.3178,14.3415,17.1221,0,7.0000,1.2591
12352,SHMPC_Compiler,baseline,30,0.1000,1.0000,0.0000,0.0000,w2_bures,0,-1,0.9485,34,10.3836,211.4166,282,18,80,8.2481,5.0294,16.7829,21.8781,0,7.0000,0.9683
12353,SHMPC_Compiler,baseline,30,0.1000,1.0000,0.0000,0.0000,w2_bures,0,-1,0.9867,25,16.5151,396.8060,413,7,80,6.4990,3.9154,14.8441,22.0896,0,7.0000,1.0026
12354,SHMPC_Compiler,baseline,30,0.1000,1.0000,0.0000,0.0000,w2_bures,1,18,0.3100,34,1.9938,76.4765,36,3,80,8.5580,4.7469,16.6505,20.5829,0,7.0000,0.3188
12355,SHMPC_Compiler,baseline,30,0.1000,1.0000,0.0000,0.0000,w2_bures,1,24,0.7380,28,20.5419,640.7819,897,11,80,7.6853,5.4175,17.0434,23.5136,0,7.0000,0.7532
12356,SHMPC_Compiler,baseline,30,0.1000,1.0000,0.0000,0.0000,w2_bures,1,19,0.2421,46,2.0700,76.2608,84,6,80,9.8633,13.7293,15.2111,17.8403,0,7.0000,0.2486
12357,SHMPC_Compiler,baseline,30,0.1000,1.0000,0.0000,0.0000,w2_bures,0,-1,1.1843,14,20.1021,773.0450,1088,6,80,5.1496,4.3202,14.7000,15.6647,0,7.0000,1.2463
12358,SHMPC_Compiler,baseline,30,0.1000,1.0000,0.0000,0.0000,w2_bures,0,-1,1.1658,10,20.1059,775.9464,1033,0,80,4.9550,3.8446,15.4934,16.3373,0,7.0000,1.2281
12359,SHMPC_Compiler,baseline,30,0.1000,1.0000,0.0000,0.0000,w2_bures,0,-1,1.0875,13,20.1113,564.2680,610,6,80,6.2683,4.2667,13.3597,17.6686,0,7.0000,1.1338
12360,SHMPC_Compiler,baseline,30,0.1000,1.0000,0.0000,0.0000,w2_bures,0,-1,1.2635,17,20.1036,770.6235,936,8,80,5.1105,4.0400,12.6111,15.6270,0,7.0000,1.3192
12361,SHMPC_Compiler,baseline,30,0.1000,1.0000,0.0000,0.0000,w2_bures,0,-1,0.9544,16,4.8916,133.8884,189,14,80,8.6045,11.5531,15.3065,16.8585,0,7.0000,1.0676
12362,SHMPC_Compiler,baseline,30,0.1000,1.0000,0.0000,0.0000,w2_bures,0,-1,1.1387,10,20.1116,773.7002,1064,4,80,5.4795,4.0201,14.5532,15.4742,0,7.0000,1.1858
12363,SHMPC_Compiler,baseline,30,0.1000,1.0000,0.0000,0.0000,w2_bures,0,-1,1.0945,14,16.7711,357.3640,505,8,80,7.5729,5.4947,16.3791,18.7768,0,7.0000,1.1025
12364,SHMPC_Compiler,baseline,30,0.1000,1.0000,0.0000,0.0000,w2_bures,0,-1,1.0325,24,3.3903,139.2474,74,12,80,7.7135,10.3595,15.5527,20.3439,0,7.0000,1.0526
12365,SHMPC_Compiler,baseline,30,0.1000,1.0000,0.0000,0.0000,w2_bures,0,-1,0.9840,23,20.3046,745.6812,962,4,80,5.8480,4.1079,12.4077,16.2190,0,7.0000,0.9952
12366,SHMPC_Compiler,baseline,30,0.1000,1.0000,0.0000,0.0000,w2_bures,0,-1,1.0055,26,2.9124,94.7525,60,11,80,7.2662,10.4045,13.1255,15.0715,0,7.0000,1.0317
12367,SHMPC_Compiler,baseline,30,0.1000,1.0000,0.0000,0.0000,w2_bures,0,-1,1.0707,11,20.1118,773.9677,1080,2,80,4.7386,3.8569,13.0267,14.9947,0,7.0000,1.1385
12368,SHMPC_Compiler,baseline,30,0.1000,1.0000,0.0000,0.0000,w2_bures,1,22,0.7799,24,20.5379,664.4756,806,6,80,6.4289,4.1429,14.2369,15.4013,0,7.0000,0.8008
12369,SHMPC_Compiler,baseline,30,0.1000,1.0000,0.0000,0.0000,w2_bures,0,-1,1.1214,13,18.8073,461.3899,533,11,80,6.4847,3.9543,15.5642,18.3893,0,7.0000,1.1599
12370,SHMPC_Compiler,baseline,30,0.1000,1.0000,0.0000,0.0000,w2_bures,0,-1,1.1597,15,20.1146,774.1295,1139,9,80,5.4156,4.5014,14.3095,18.2780,0,7.0000,1.3635
12371,SHMPC_Compiler,baseline,30,0.1000,1.0000,0.0000,0.0000,w2_bures,0,-1,1.0302,33,3.4106,140.1721,141,9,80,6.8153,4.0283,14.1304,17.6475,0,7.0000,1.0504
12372,SHMPC_Compiler,baseline,30,0.1000,1.0000,0.0000,0.0000,w2_bures,0,-1,1.3175,14,20.1133,773.7325,1007,6,80,5.3169,4.4386,14.1561,19.6063,0,7.0000,1.3719
12373,SHMPC_Compiler,baseline,30,0.1000,1.0000,0.0000,0.0000,w2_bures,0,-1,1.3016,14,20.1137,776.1454,1015,10,80,4.8564,4.2625,13.5217,14.2863,0,7.0000,1.3418
12374,SHMPC_Compiler,baseline,30,0.1000,1.0000,0.0000,0.0000,w2_bures,0,-1,1.3110,13,20.0987,768.9863,1218,11,80,4.8791,4.3526,13.7405,21.2499,0,7.0000,1.3910
12375,SHMPC_Compiler,baseline,30,0.1000,1.0000,0.0000,0.0000,w2_bures,0,-1,1.2778,16,19.0104,524.9574,792,10,80,7.3920,6.0121,15.2049,19.8844,0,7.0000,1.2805
12376,SHMPC_Compiler,baseline,30,0.1000,1.0000,0.0000,0.0000,w2_bures,0,-1,1.1732,24,13.8683,255.9810,267,12,80,6.9682,3.7245,17.1314,21.4660,0,7.0000,1.1760
12377,SHMPC_Compiler,baseline,30,0.1000,1.0000,0.0000,0.0000,w2_bures,0,-1,1.2346,18,14.4311,322.5456,374,14,80,6.2558,4.6088,13.0685,14.2312,0,7.0000,1.2970
12378,SHMPC_Compiler,baseline,30,0.1000,1.0000,0.0000,0.0000,w2_bures,1,21,0.5755,36,10.4115,210.5874,447,10,80,11.2936,13.2306,20.9095,25.6963,0,7.0000,0.5921
12379,SHMPC_Compiler,baseline,30,0.1000,1.0000,0.0000,0.0000,w2_bures,0,-1,1.1160,13,5.4574,144.1297,159,9,80,7.0546,4.3361,14.1862,15.2590,0,7.0000,1.1356
12380,SHMPC_Compiler,baseline,30,0.1000,1.0000,0.0000,0.0000,w2_bures,0,-1,1.0653,13,15.4055,305.9031,373,8,80,6.7342,3.4610,14.4096,16.2059,0,7.0000,1.1133
12381,SHMPC_Compiler,baseline,30,0.1000,1.0000,0.0000,0.0000,w2_bures,0,-1,0.9616,30,2.4830,86.0238,88,7,80,7.8183,11.6679,12.8741,15.3283,0,7.0000,0.9907
12382,SHMPC_Compiler,baseline,30,0.1000,1.0000,0.0000,0.0000,w2_bures,0,-1,1.2527,15,20.1073,779.6402,1079,10,80,4.9496,4.4079,11.6945,14.4389,0,7.0000,1.2894
12383,SHMPC_Compiler,baseline,30,0.1000,1.0000,0.0000,0.0000,w2_bures,0,-1,0.8602,36,15.7366,365.8227,525,11,80,8.1136,6.3002,16.8877,18.8025,0,7.0000,0.8711
12384,SHMPC_Compiler,baseline,30,0.1000,1.0000,0.0000,0.0000,w2_bures,0,-1,1.2126,16,13.8663,257.1859,496,11,80,8.5593,9.3674,15.4859,17.1706,0,7.0000,1.2185
12385,SHMPC_Compiler,baseline,30,0.1000,1.0000,0.0000,0.0000,w2_bures,0,-1,1.1937,31,20.3130,648.3913,765,8,80,6.8242,4.9018,13.2358,24.9043,0,7.0000,1.2253
12386,SHMPC_Compiler,baseline,30,0.1000,1.0000,0.0000,0.0000,w2_bures,0,-1,0.9801,14,19.8641,541.9988,614,6,80,6.7783,4.5220,14.9645,15.5191,0,7.0000,1.0026
12387,SHMPC_Compiler,baseline,30,0.1000,1.0000,0.0000,0.0000,w2_bures,1,24,0.7210,29,20.2287,756.0102,1010,7,80,5.9394,4.0054,13.2871,22.4755,0,7.0000,0.7410
12388,SHMPC_Compiler,baseline,30,0.1000,1.0000,0.0000,0.0000,w2_bures,0,-1,0.9958,40,19.8556,538.2848,833,14,80,7.7740,6.1152,15.7704,16.4209,0,7.0000,1.0104
12389,SHMPC_Compiler,baseline,30,0.1000,1.0000,0.0000,0.0000,w2_bures,0,-1,1.0083,17,2.8370,95.9029,93,7,80,9.2085,12.2717,17.0131,21.1147,0,7.0000,1.0367
12390,SHMPC_Compiler,baseline,30,0.1000,1.0000,0.0000,0.0000,w2_bures,1,22,0.7805,28,8.8293,192.1475,225,5,80,7.3250,4.0280,16.8606,22.1389,0,7.0000,0.7969
12391,SHMPC_Compiler,baseline,30,0.1000,1.0000,0.0000,0.0000,w2_bures,0,-1,0.8959,18,6.0842,154.1086,223,6,80,9.0036,11.7676,15.7097,16.1709,0,7.0000,0.9190
12392,SHMPC_Compiler,baseline,30,0.1000,1.0000,0.0000,0.0000,w2_bures,0,-1,1.2791,17,20.1093,773.0306,1044,10,80,4.9155,4.0191,13.6142,16.1070,0,7.0000,1.3187
12393,SHMPC_Compiler,baseline,30,0.1000,1.0000,0.0000,0.0000,w2_bures,0,-1,1.0650,20,10.2590,244.0782,335,9,80,6.0308,4.2571,12.9021,17.1919,0,7.0000,1.0888
12394,SHMPC_Compiler,baseline,30,0.1000,1.0000,0.0000,0.0000,w2_bures,1,20,0.6347,30,10.9970,255.9601,388,7,80,8.2243,7.8782,15.2946,19.6390,0,7.0000,0.6442
12395,SHMPC_Compiler,baseline,30,0.1000,1.0000,0.0000,0.0000,w2_bures,0,-1,1.1753,14,20.1115,772.9037,958,11,80,4.9709,3.9754,15.0777,16.0670,0,7.0000,1.2114
12396,SHMPC_Compiler,baseline,30,0.1000,1.0000,0.0000,0.0000,w2_bures,1,20,0.7779,29,20.4489,613.9137,764,6,80,8.0710,5.3538,17.5492,26.9915,0,7.0000,0.7863
12397,SHMPC_Compiler,baseline,30,0.1000,1.0000,0.0000,0.0000,w2_bures,0,-1,1.1106,14,20.2911,588.6459,711,5,80,6.9630,4.5517,15.4761,17.4027,0,7.0000,1.1276
12398,SHMPC_Compiler,baseline,30,0.1000,1.0000,0.0000,0.0000,w2_bures,0,-1,1.1996,61,3.3703,104.3526,94,12,80,6.7090,9.0206,11.8146,13.3014,0,7.0000,1.2069
12399,SHMPC_Compiler,baseline,30,0.1000,1.0000,0.0000,0.0000,w2_bures,0,-1,1.0698,18,19.2196,487.3775,629,6,80,6.2312,4.2756,14.5821,16.5653,0,7.0000,1.0899
12400,SHMPC_Compiler,baseline,30,0.1000,1.0000,0.0000,0.0000,w2_bures,0,-1,0.9952,12,20.1186,767.1364,884,5,80,7.6180,5.0588,18.0367,19.2948,0,7.0000,1.0188
12401,SHMPC_Compiler,baseline,30,0.1000,1.0000,0.0000,0.0000,w2_bures,1,18,0.2687,27,20.1082,611.1976,724,8,80,7.6246,4.3050,17.4439,23.0988,0,7.0000,0.3061
12402,SHMPC_Compiler,baseline,30,0.1000,1.0000,0.0000,0.0000,w2_bures,0,-1,1.2384,16,20.1004,765.2912,827,7,80,6.0261,4.2507,16.1571,23.0966,0,7.0000,1.2477
12403,SHMPC_Compiler,baseline,30,0.1000,1.0000,0.0000,0.0000,w2_bures,1,16,0.5279,23,20.5897,666.1440,619,10,80,6.7119,3.7241,15.2253,16.4896,0,7.0000,0.5467
12404,SHMPC_Compiler,baseline,30,0.1000,1.0000,0.0000,0.0000,w2_bures,0,-1,0.8829,34,2.3638,86.5698,37,9,80,8.0864,4.7029,17.2341,21.7458,0,7.0000,0.9116
12405,SHMPC_Compiler,baseline,30,0.1000,1.0000,0.0000,0.0000,w2_bures,0,-1,1.2316,18,19.9493,598.9699,729,9,80,6.2506,4.3715,12.7300,16.8390,0,7.0000,1.2698
12406,SHMPC_Compiler,baseline,30,0.1000,1.0000,0.0000,0.0000,w2_bures,1,28,0.7939,33,8.0681,182.3748,255,10,80,9.8260,11.6428,17.6992,23.4825,0,7.0000,0.8063
12407,SHMPC_Compiler,baseline,30,0.1000,1.0000,0.0000,0.0000,w2_bures,0,-1,1.0390,13,2.4305,86.2350,55,7,80,10.5600,13.1628,18.4523,21.3683,0,7.0000,1.0627
12408,SHMPC_Compiler,baseline,30,0.1000,1.0000,0.0000,0.0000,w2_bures,1,23,0.7354,29,2.4295,86.1694,84,12,80,8.8032,12.4386,15.3563,18.3202,0,7.0000,0.7555
12409,SHMPC_Compiler,baseline,30,0.1000,1.0000,0.0000,0.0000,w2_bures,0,-1,1.1876,14,20.1072,770.5655,757,7,80,4.3994,3.8638,11.7666,15.6912,0,7.0000,1.2641
12410,SHMPC_Compiler,baseline,30,0.1000,1.0000,0.0000,0.0000,w2_bures,0,-1,0.9251,23,20.1041,768.0814,1039,4,80,5.6362,4.3676,13.1780,22.8338,0,7.0000,0.9406
12411,SHMPC_Compiler,baseline,30,0.1000,1.0000,0.0000,0.0000,w2_bures,1,14,0.0749,22,20.4862,744.7640,831,2,80,6.5827,4.1222,15.5090,19.4244,0,7.0000,0.1939
12412,SHMPC_Compiler,baseline,30,0.1000,1.0000,0.0000,0.0000,w2_bures,0,-1,1.2124,17,11.8226,264.8809,463,11,80,7.6021,9.1189,13.3018,17.3713,0,7.0000,1.2204
12413,SHMPC_Compiler,baseline,30,0.1000,1.0000,0.0000,0.0000,w2_bures,0,-1,1.1530,15,20.1029,783.6857,763,10,80,5.0582,4.0417,11.0363,19.8141,0,7.0000,1.1804
12414,SHMPC_Compiler,baseline,30,0.1000,1.0000,0.0000,0.0000,w2_bures,0,-1,1.2031,16,17.2904,384.4212,560,8,80,7.4873,6.1294,16.8598,21.8472,0,7.0000,1.2406
12415,SHMPC_Compiler,baseline,30,0.1000,1.0000,0.0000,0.0000,w2_bures,0,-1,1.3347,21,20.0880,832.2665,884,14,80,4.7618,3.3606,11.6337,16.3737,0,7.0000,1.3528
12416,SHMPC_Compiler,baseline,30,0.1000,1.0000,0.0000,0.0000,w2_bures,0,-1,0.8921,23,18.8166,461.6794,524,8,80,8.7968,6.7098,18.7938,23.6884,0,7.0000,0.8976
12417,SHMPC_Compiler,baseline,30,0.1000,1.0000,0.0000,0.0000,w2_bures,0,-1,1.1176,14,20.1237,561.4856,538,5,80,6.8948,4.4460,14.5983,15.5438,0,7.0000,1.1432
12418,SHMPC_Compiler,baseline,30,0.1000,1.0000,0.0000,0.0000,w2_bures,0,-1,1.2116,29,8.8526,192.0316,274,8,80,8.9077,11.9022,14.2241,14.6459,0,7.0000,1.2324
12419,SHMPC_Compiler,baseline,30,0.1000,1.0000,0.0000,0.0000,w2_bures,0,-1,0.9981,29,20.4539,689.9782,756,12,80,6.0611,3.8023,14.3181,20.0462,0,7.0000,1.0143
12420,SHMPC_Compiler,baseline,30,0.1000,1.0000,0.0000,0.0000,w2_bures,0,-1,1.0924,11,2.8057,95.4163,77,9,80,9.5706,14.0211,16.0931,19.3714,0,7.0000,1.1096
12421,SHMPC_Compiler,baseline,30,0.1000,1.0000,0.0000,0.0000,w2_bures,0,-1,1.3033,15,20.1696,754.5313,798,9,80,6.2972,4.6882,16.7561,18.8306,0,7.0000,1.3570
12422,SHMPC_Compiler,baseline,30,0.1000,1.0000,0.0000,0.0000,w2_bures,0,-1,1.1887,13,20.1092,778.3200,1281,11,80,5.5474,4.7748,14.5773,19.1130,0,7.0000,1.2578
12423,SHMPC_Compiler,baseline,30,0.1000,1.0000,0.0000,0.0000,w2_bures,1,23,0.6613,29,20.4382,741.7980,930,5,80,7.6265,5.2587,15.9545,23.0946,0,7.0000,0.6844
12424,SHMPC_Compiler,baseline,30,0.1000,1.0000,0.0000,0.0000,w2_bures,0,-1,1.1167,25,2.8836,95.6317,116,11,80,8.7682,11.3250,16.8093,19.8170,0,7.0000,1.1317
12425,SHMPC_Compiler,baseline,30,0.1000,1.0000,0.0000,0.0000,w2_bures,0,-1,0.8866,17,2.7719,96.3019,42,9,80,8.1350,4.3908,16.5529,22.2819,0,7.0000,0.9223
12426,SHMPC_Compiler,baseline,30,0.1000,1.0000,0.0000,0.0000,w2_bures,0,-1,1.1286,35,17.3292,382.6740,581,5,80,8.2391,7.2176,16.5592,21.5197,0,7.0000,1.1325
12427,SHMPC_Compiler,baseline,30,0.1000,1.0000,0.0000,0.0000,w2_bures,0,-1,1.2029,14,20.3344,746.4016,980,8,80,7.2603,6.1542,16.0090,22.5154,0,7.0000,1.2181
12428,SHMPC_Compiler,baseline,30,0.1000,1.0000,0.0000,0.0000,w2_bures,0,-1,1.0157,21,3.2541,140.8520,177,12,80,11.5955,15.4504,22.1209,24.5390,0,7.0000,1.0485
12429,SHMPC_Compiler,baseline,30,0.1000,1.0000,0.0000,0.0000,w2_bures,0,-1,0.9549,26,2.8671,130.7061,113,5,80,10.5589,13.7853,17.4427,27.7559,0,7.0000,0.9707
12430,SHMPC_Compiler,baseline,30,0.1000,1.0000,0.0000,0.0000,w2_bures,1,21,0.6217,27,20.5188,717.3561,995,5,80,6.7522,4.6062,15.3424,18.1634,0,7.0000,0.6568
12431,SHMPC_Compiler,baseline,30,0.1000,1.0000,0.0000,0.0000,w2_bures,1,18,0.0316,60,2.7194,130.8639,97,2,80,9.0347,12.0875,17.3140,19.9115,0,7.0000,0.0377
12432,SHMPC_Compiler,baseline,30,0.1000,1.0000,0.0000,0.0000,w2_bures,0,-1,1.1555,11,20.1136,772.8868,1063,7,80,6.1981,4.8952,20.6842,22.9676,0,7.0000,1.2168
12433,SHMPC_Compiler,baseline,30,0.1000,1.0000,0.0000,0.0000,w2_bures,0,-1,1.2133,17,15.1047,342.3635,573,8,80,8.5951,8.9344,15.5516,21.9318,0,7.0000,1.2466
12434,SHMPC_Compiler,baseline,30,0.1000,1.0000,0.0000,0.0000,w2_bures,0,-1,1.1066,27,19.5577,510.8523,608,10,80,8.1770,7.2282,16.2044,22.9623,0,7.0000,1.1294
12435,SHMPC_Compiler,baseline,30,0.1000,1.0000,0.0000,0.0000,w2_bures,0,-1,1.1396,14,10.4657,211.5084,323,7,80,8.9730,10.3209,15.9925,17.8949,0,7.0000,1.1848
12436,SHMPC_Compiler,baseline,30,0.1000,1.0000,0.0000,0.0000,w2_bures,0,-1,1.1621,12,13.8043,257.6230,439,11,80,9.1458,11.6806,16.6972,18.8275,0,7.0000,1.2251
12437,SHMPC_Compiler,baseline,30,0.1000,1.0000,0.0000,0.0000,w2_bures,0,-1,1.0153,19,2.9067,95.4240,112,6,80,13.7986,12.5341,40.5743,63.7661,0,7.0000,1.0374
12438,SHMPC_Compiler,baseline,30,0.1000,1.0000,0.0000,0.0000,w2_bures,0,-1,1.0560,19,9.7030,200.2034,205,11,80,9.1648,9.5437,21.5761,29.0694,0,7.0000,1.0836
12439,SHMPC_Compiler,baseline,30,0.1000,1.0000,0.0000,0.0000,w2_bures,0,-1,1.1580,23,20.0946,816.5575,930,16,80,5.3930,4.1734,13.2701,24.7049,0,7.0000,1.2177
12440,SHMPC_Compiler,baseline,30,0.1000,1.0000,0.0000,0.0000,w2_bures,0,-1,1.2127,11,20.1112,776.3061,973,8,80,5.3411,4.5590,13.8172,19.2590,0,7.0000,1.2780
12441,SHMPC_Compiler,baseline,30,0.1000,1.0000,0.0000,0.0000,w2_bures,1,15,0.4971,29,8.0998,182.5801,307,8,80,10.0749,11.8779,24.0936,29.9997,0,7.0000,0.5103
12442,SHMPC_Compiler,baseline,30,0.1000,1.0000,0.0000,0.0000,w2_bures,0,-1,1.2031,10,16.0902,332.0873,572,9,80,8.3673,8.2686,18.1201,25.1642,0,7.0000,1.2180
12443,SHMPC_Compiler,baseline,30,0.1000,1.0000,0.0000,0.0000,w2_bures,0,-1,1.0450,31,2.4194,86.3976,106,4,80,10.6419,12.4634,24.8888,31.0558,0,7.0000,1.0658
12444,SHMPC_Compiler,baseline,30,0.1000,1.0000,0.0000,0.0000,w2_bures,0,-1,1.0226,18,2.4369,86.3877,105,13,80,8.1464,10.9437,15.8606,17.7320,0,7.0000,1.0376
12345,CertificateFirst,baseline,30,0.1000,1.0000,0.0000,0.0000,w2_bures,0,-1,0.8953,14,16.7246,357.0637,439,17,80,5.5661,3.6873,13.1191,13.9379,0,7.0000,0.9184
12346,CertificateFirst,baseline,30,0.1000,1.0000,0.0000,0.0000,w2_bures,1,27,0.6780,31,20.3935,672.6267,449,25,80,5.8282,4.2726,17.6579,20.8350,0,7.0000,0.7077
12347,CertificateFirst,baseline,30,0.1000,1.0000,0.0000,0.0000,w2_bures,1,30,0.5769,39,17.3321,382.3901,338,25,80,5.1352,3.2595,13.4311,15.1048,0,7.0000,0.5901
12348,CertificateFirst,baseline,30,0.1000,1.0000,0.0000,0.0000,w2_bures,1,18,0.4245,72,2.3742,80.5145,137,12,80,5.6853,3.9993,14.4389,16.8589,0,7.0000,0.4495
12349,CertificateFirst,baseline,30,0.1000,1.0000,0.0000,0.0000,w2_bures,0,-1,0.9893,18,3.8884,114.6191,141,10,80,5.0222,3.5876,12.9086,14.9588,0,7.0000,1.0074
12350,CertificateFirst,baseline,30,0.1000,1.0000,0.0000,0.0000,w2_bures,1,24,0.4976,41,2.4985,85.3202,101,26,80,5.8008,4.1083,15.2668,17.3750,0,7.0000,0.5053
12351,CertificateFirst,baseline,30,0.1000,1.0000,0.0000,0.0000,w2_bures,0,-1,1.1108,14,20.1148,775.0219,621,17,80,3.3455,2.3839,11.1943,15.6182,0,7.0000,1.1499
12352,CertificateFirst,baseline,30,0.1000,1.0000,0.0000,0.0000,w2_bures,0,-1,0.9968,34,10.7970,213.0488,288,19,80,5.6557,3.7488,13.7344,17.2291,0,7.0000,1.0072
12353,CertificateFirst,baseline,30,0.1000,1.0000,0.0000,0.0000,w2_bures,0,-1,0.9047,27,9.7630,254.6767,372,27,80,5.9986,3.8110,14.3566,15.5348,0,7.0000,0.9105
12354,CertificateFirst,baseline,30,0.1000,1.0000,0.0000,0.0000,w2_bures,1,20,0.6002,32,1.7933,86.1996,161,11,80,7.6739,4.7211,19.9160,24.0697,0,7.0000,0.6083
12355,CertificateFirst,baseline,30,0.1000,1.0000,0.0000,0.0000,w2_bures,1,18,0.1617,29,20.5136,710.9363,433,31,80,5.2042,3.8483,16.8482,19.8958,0,7.0000,0.2295
12356,CertificateFirst,baseline,30,0.1000,1.0000,0.0000,0.0000,w2_bures,1,18,0.1451,44,1.7410,66.5539,84,28,80,5.9504,3.8773,13.8315,17.5888,0,7.0000,0.1574
12357,CertificateFirst,baseline,30,0.1000,1.0000,0.0000,0.0000,w2_bures,0,-1,1.0605,15,20.1105,797.3967,530,16,80,3.6372,2.6441,11.8865,13.8152,0,7.0000,1.1146
12358,CertificateFirst,baseline,30,0.1000,1.0000,0.0000,0.0000,w2_bures,0,-1,1.1038,11,20.1032,776.1020,619,13,80,3.3818,2.0463,10.8560,12.7584,0,7.0000,1.1670
12359,CertificateFirst,baseline,30,0.1000,1.0000,0.0000,0.0000,w2_bures,0,-1,0.9857,16,19.8762,536.4444,442,22,80,5.1525,3.6393,13.8483,22.5301,0,7.0000,1.0351
12360,CertificateFirst,baseline,30,0.1000,1.0000,0.0000,0.0000,w2_bures,0,-1,1.0389,21,20.1164,774.8809,512,19,80,3.6574,2.7650,10.9472,12.5584,0,7.0000,1.0896
12361,CertificateFirst,baseline,30,0.1000,1.0000,0.0000,0.0000,w2_bures,0,-1,0.9128,31,4.0786,150.1116,169,32,80,6.5533,4.2807,14.9916,16.3899,0,7.0000,0.9306
12362,CertificateFirst,baseline,30,0.1000,1.0000,0.0000,0.0000,w2_bures,0,-1,1.1079,13,20.1105,774.4075,620,11,80,4.5860,3.0815,16.9810,26.7135,0,7.0000,1.1801
12363,CertificateFirst,baseline,30,0.1000,1.0000,0.0000,0.0000,w2_bures,0,-1,1.0423,13,17.3699,381.0683,438,22,80,5.9643,4.1659,13.8059,18.7990,0,7.0000,1.0492
12364,CertificateFirst,baseline,30,0.1000,1.0000,0.0000,0.0000,w2_bures,0,-1,0.8699,22,2.9807,129.5729,150,27,80,8.5859,6.7521,24.6459,32.2593,0,7.0000,0.9058
12365,CertificateFirst,baseline,30,0.1000,1.0000,0.0000,0.0000,w2_bures,1,20,0.2468,28,20.1228,614.1576,440,29,80,4.9983,3.8254,16.2957,20.1701,0,7.0000,0.3067
12366,CertificateFirst,baseline,30,0.1000,1.0000,0.0000,0.0000,w2_bures,0,-1,0.9341,19,2.9595,93.6738,92,24,80,5.3711,3.5935,13.8517,15.4330,0,7.0000,0.9595
12367,CertificateFirst,baseline,30,0.1000,1.0000,0.0000,0.0000,w2_bures,0,-1,1.1024,12,20.1138,771.4019,599,18,80,3.6758,2.9050,12.2227,14.6634,0,7.0000,1.1400
12368,CertificateFirst,baseline,30,0.1000,1.0000,0.0000,0.0000,w2_bures,1,18,0.3735,28,20.3290,586.4312,495,24,80,4.8255,3.6029,13.0520,21.2805,0,7.0000,0.4019
12369,CertificateFirst,baseline,30,0.1000,1.0000,0.0000,0.0000,w2_bures,0,-1,0.9474,16,15.1099,328.1776,395,13,80,5.1412,3.6069,11.1900,22.4746,0,7.0000,1.0441
12370,CertificateFirst,baseline,30,0.1000,1.0000,0.0000,0.0000,w2_bures,1,20,0.6631,25,18.6592,501.6944,456,18,80,4.6500,3.5863,13.1144,15.9175,0,7.0000,0.6914
12371,CertificateFirst,baseline,30,0.1000,1.0000,0.0000,0.0000,w2_bures,0,-1,0.9589,33,3.6343,239.0257,190,17,80,5.2077,3.9375,13.1998,13.9423,0,7.0000,0.9796
12372,CertificateFirst,baseline,30,0.1000,1.0000,0.0000,0.0000,w2_bures,0,-1,1.1501,13,20.1045,760.8340,597,11,80,3.6185,3.0875,9.6129,22.9941,0,7.0000,1.2227
12373,CertificateFirst,baseline,30,0.1000,1.0000,0.0000,0.0000,w2_bures,0,-1,1.1337,11,20.1046,760.1017,599,23,80,3.6859,2.3318,12.0952,15.9318,0,7.0000,1.1884
12374,CertificateFirst,baseline,30,0.1000,1.0000,0.0000,0.0000,w2_bures,0,-1,1.3022,13,20.0976,814.9314,709,23,80,3.7877,3.0892,11.4900,13.3200,0,7.0000,1.3353
12375,CertificateFirst,baseline,30,0.1000,1.0000,0.0000,0.0000,w2_bures,0,-1,1.0753,17,19.3727,551.7668,478,19,80,5.7272,3.7636,14.2028,18.8298,0,7.0000,1.1066
12376,CertificateFirst,baseline,30,0.1000,1.0000,0.0000,0.0000,w2_bures,0,-1,1.0015,21,18.8280,458.7147,375,32,80,4.7760,3.6735,13.7553,16.6851,0,7.0000,1.0366
12377,CertificateFirst,baseline,30,0.1000,1.0000,0.0000,0.0000,w2_bures,0,-1,1.1423,17,15.2015,347.7882,405,19,80,5.0632,3.8112,13.2845,17.1818,0,7.0000,1.2042
12378,CertificateFirst,baseline,30,0.1000,1.0000,0.0000,0.0000,w2_bures,1,19,0.1620,41,9.6861,200.2533,194,36,80,6.8725,4.1163,16.1144,18.2482,0,7.0000,0.1671
12379,CertificateFirst,baseline,30,0.1000,1.0000,0.0000,0.0000,w2_bures,0,-1,0.9744,16,6.1324,152.3565,205,21,80,5.2205,3.5118,12.3529,14.8310,0,7.0000,0.9968
12380,CertificateFirst,baseline,30,0.1000,1.0000,0.0000,0.0000,w2_bures,0,-1,1.0862,11,20.5527,664.0042,405,13,80,3.9068,3.2049,11.8169,13.4648,0,7.0000,1.0915
12381,CertificateFirst,baseline,30,0.1000,1.0000,0.0000,0.0000,w2_bures,1,26,0.7927,30,2.9609,94.5168,109,22,80,6.4218,3.9592,20.2328,22.7290,0,7.0000,0.8153
12382,CertificateFirst,baseline,30,0.1000,1.0000,0.0000,0.0000,w2_bures,0,-1,1.0703,15,20.1133,773.9569,577,26,80,3.3467,2.2421,9.3205,15.7427,0,7.0000,1.1311
12383,CertificateFirst,baseline,30,0.1000,1.0000,0.0000,0.0000,w2_bures,1,19,0.3565,39,14.3649,317.5373,295,29,80,5.2038,3.5104,13.3267,17.2730,0,7.0000,0.3710
12384,CertificateFirst,baseline,30,0.1000,1.0000,0.0000,0.0000,w2_bures,0,-1,1.0283,20,14.6963,280.1028,408,20,80,5.0447,3.7366,13.5477,18.1573,0,7.0000,1.0394
12385,CertificateFirst,baseline,30,0.1000,1.0000,0.0000,0.0000,w2_bures,1,28,0.7256,31,17.1406,427.5956,360,24,80,5.3615,3.6367,13.1960,14.4360,0,7.0000,0.7523
12386,CertificateFirst,baseline,30,0.1000,1.0000,0.0000,0.0000,w2_bures,1,15,0.8081,15,18.3691,434.7330,377,17,80,5.1063,3.6399,13.6606,19.6099,0,7.0000,0.8464
12387,CertificateFirst,baseline,30,0.1000,1.0000,0.0000,0.0000,w2_bures,1,19,0.6229,27,20.1883,776.7534,595,18,80,5.2762,3.9152,14.3743,16.6693,0,7.0000,0.6550
12388,CertificateFirst,baseline,30,0.1000,1.0000,0.0000,0.0000,w2_bures,0,-1,0.9207,38,19.8655,536.5203,408,32,80,4.6416,3.2750,13.6192,17.8527,0,7.0000,0.9428
12389,CertificateFirst,baseline,30,0.1000,1.0000,0.0000,0.0000,w2_bures,0,-1,0.9079,18,2.4616,85.7383,120,23,80,5.4321,3.4647,13.2314,17.3789,0,7.0000,0.9336
12390,CertificateFirst,baseline,30,0.1000,1.0000,0.0000,0.0000,w2_bures,1,19,0.3986,28,2.4790,103.2648,167,13,80,6.2580,3.9187,16.4770,20.8058,0,7.0000,0.4267
12391,CertificateFirst,baseline,30,0.1000,1.0000,0.0000,0.0000,w2_bures,1,20,0.6879,48,4.4034,124.2566,189,18,80,6.2948,4.0542,15.8661,16.2103,0,7.0000,0.6987
12392,CertificateFirst,baseline,30,0.1000,1.0000,0.0000,0.0000,w2_bures,0,-1,1.0393,15,20.1159,789.2466,510,31,80,3.6817,2.9588,11.3012,12.3500,0,7.0000,1.0704
12393,CertificateFirst,baseline,30,0.1000,1.0000,0.0000,0.0000,w2_bures,0,-1,1.1621,20,10.2616,244.7025,250,20,80,5.1824,3.3382,12.2525,13.5167,0,7.0000,1.1884
12394,CertificateFirst,baseline,30,0.1000,1.0000,0.0000,0.0000,w2_bures,1,16,0.4473,28,11.8383,264.8666,247,21,80,6.0367,4.0815,16.1545,17.7383,0,7.0000,0.4585
12395,CertificateFirst,baseline,30,0.1000,1.0000,0.0000,0.0000,w2_bures,0,-1,1.0842,15,20.1013,765.5191,721,18,80,4.5327,3.5661,13.2000,13.8281,0,7.0000,1.1129
12396,CertificateFirst,baseline,30,0.1000,1.0000,0.0000,0.0000,w2_bures,1,17,0.4231,31,20.1015,561.8299,324,18,80,4.6447,3.4255,14.2947,16.6680,0,7.0000,0.4422
12397,CertificateFirst,baseline,30,0.1000,1.0000,0.0000,0.0000,w2_bures,0,-1,0.9146,16,20.4164,613.0872,375,24,80,4.4828,3.0758,12.6411,13.9783,0,7.0000,0.9442
12398,CertificateFirst,baseline,30,0.1000,1.0000,0.0000,0.0000,w2_bures,1,57,0.7880,63,2.9888,129.1716,96,24,80,4.6589,2.7630,12.1440,13.6888,0,7.0000,0.8056
12399,CertificateFirst,baseline,30,0.1000,1.0000,0.0000,0.0000,w2_bures,0,-1,0.8889,14,14.6518,281.1720,254,13,80,4.3396,3.3365,12.6885,17.6332,0,7.0000,0.9289
12400,CertificateFirst,baseline,30,0.1000,1.0000,0.0000,0.0000,w2_bures,0,-1,0.9583,14,20.1307,766.0173,483,17,80,3.8781,3.0367,12.2783,14.2136,0,7.0000,0.9827
12401,CertificateFirst,baseline,30,0.1000,1.0000,0.0000,0.0000,w2_bures,1,17,0.3874,25,20.4794,695.0704,529,21,80,5.4636,3.8282,15.4820,17.6305,0,7.0000,0.4162
12402,CertificateFirst,baseline,30,0.1000,1.0000,0.0000,0.0000,w2_bures,0,-1,0.9827,17,20.4787,732.9510,489,27,80,4.1285,3.3451,12.1892,17.5956,0,7.0000,0.9989
12403,CertificateFirst,baseline,30,0.1000,1.0000,0.0000,0.0000,w2_bures,1,15,0.1710,25,20.4239,613.1933,428,23,80,4.7318,4.1081,14.9432,16.4653,0,7.0000,0.2302
12404,CertificateFirst,baseline,30,0.1000,1.0000,0.0000,0.0000,w2_bures,1,20,0.6666,20,2.4301,86.2524,108,9,80,5.4236,3.7138,13.4508,14.4500,0,7.0000,0.6832
12405,CertificateFirst,baseline,30,0.1000,1.0000,0.0000,0.0000,w2_bures,0,-1,0.9167,37,16.5302,397.2830,261,18,80,4.4898,3.0912,12.2282,13.7222,0,7.0000,0.9557
12406,CertificateFirst,baseline,30,0.1000,1.0000,0.0000,0.0000,w2_bures,1,20,0.3466,33,4.8058,155.8024,193,26,80,6.8106,4.2436,16.8238,21.5061,0,7.0000,0.3806
12407,CertificateFirst,baseline,30,0.1000,1.0000,0.0000,0.0000,w2_bures,0,-1,0.9130,16,9.6633,201.6514,141,32,80,5.4104,3.5918,15.0487,18.2680,0,7.0000,0.9615
12408,CertificateFirst,baseline,30,0.1000,1.0000,0.0000,0.0000,w2_bures,1,18,0.4273,32,2.0957,76.0796,92,17,80,6.5890,4.5892,15.2975,16.7835,0,7.0000,0.4292
12409,CertificateFirst,baseline,30,0.1000,1.0000,0.0000,0.0000,w2_bures,0,-1,1.0423,17,20.1188,787.8107,531,16,80,3.9410,2.9516,11.3056,14.2056,0,7.0000,1.0855
12410,CertificateFirst,baseline,30,0.1000,1.0000,0.0000,0.0000,w2_bures,1,17,0.1894,26,20.1154,772.5770,633,14,80,3.7999,3.3183,10.4600,11.5753,0,7.0000,0.2912
12411,CertificateFirst,baseline,30,0.1000,1.0000,0.0000,0.0000,w2_bures,1,16,0.2866,23,20.5716,691.2630,507,17,80,5.3427,3.9855,15.0371,15.9764,0,7.0000,0.3366
12412,CertificateFirst,baseline,30,0.1000,1.0000,0.0000,0.0000,w2_bures,0,-1,1.0271,21,11.8943,263.9619,285,22,80,4.9954,3.7314,11.7800,13.7864,0,7.0000,1.0318
12413,CertificateFirst,baseline,30,0.1000,1.0000,0.0000,0.0000,w2_bures,0,-1,1.1631,22,8.5094,317.0936,340,24,80,5.1981,3.5112,12.4830,15.8551,0,7.0000,1.2107
12414,CertificateFirst,baseline,30,0.1000,1.0000,0.0000,0.0000,w2_bures,0,-1,1.0250,17,3.3945,138.5184,152,15,80,5.1473,3.4122,14.2600,16.6696,0,7.0000,1.0590
12415,CertificateFirst,baseline,30,0.1000,1.0000,0.0000,0.0000,w2_bures,0,-1,1.2026,23,20.1049,877.6160,653,18,80,3.9385,3.2328,10.8396,17.3016,0,7.0000,1.2319
12416,CertificateFirst,baseline,30,0.1000,1.0000,0.0000,0.0000,w2_bures,1,16,0.5287,28,13.0631,229.3656,268,19,80,5.8631,3.6936,15.1455,18.3873,0,7.0000,0.5358
12417,CertificateFirst,baseline,30,0.1000,1.0000,0.0000,0.0000,w2_bures,0,-1,0.9779,15,20.1264,561.7408,394,21,80,4.4614,3.0694,12.8303,23.2735,0,7.0000,1.0038
12418,CertificateFirst,baseline,30,0.1000,1.0000,0.0000,0.0000,w2_bures,0,-1,0.9974,29,7.6917,192.7401,228,30,80,5.4435,3.5096,13.7247,18.2811,0,7.0000,1.0189
12419,CertificateFirst,baseline,30,0.1000,1.0000,0.0000,0.0000,w2_bures,1,22,0.5956,29,19.3652,535.3568,548,22,80,5.1671,3.6644,13.9954,18.1117,0,7.0000,0.6143
12420,CertificateFirst,baseline,30,0.1000,1.0000,0.0000,0.0000,w2_bures,0,-1,0.9169,21,2.8751,95.2132,143,29,80,6.3096,3.7779,14.8144,17.2424,0,7.0000,0.9292
12421,CertificateFirst,baseline,30,0.1000,1.0000,0.0000,0.0000,w2_bures,0,-1,1.1654,19,20.4652,730.5020,473,24,80,4.4709,3.4021,12.4386,15.4626,0,7.0000,1.2008
12422,CertificateFirst,baseline,30,0.1000,1.0000,0.0000,0.0000,w2_bures,0,-1,1.1111,13,20.1066,775.4270,723,30,80,4.3573,3.4940,13.7615,16.0708,0,7.0000,1.1528
12423,CertificateFirst,baseline,30,0.1000,1.0000,0.0000,0.0000,w2_bures,1,19,0.6019,28,20.3057,748.0448,528,20,80,7.6241,4.9111,27.0298,35.2387,0,7.0000,0.6292
12424,CertificateFirst,baseline,30,0.1000,1.0000,0.0000,0.0000,w2_bures,0,-1,1.1145,19,3.3114,126.6577,148,35,80,6.2401,3.7156,15.4736,24.5533,0,7.0000,1.1504
12425,CertificateFirst,baseline,30,0.1000,1.0000,0.0000,0.0000,w2_bures,1,16,0.6970,17,2.4597,85.2970,126,20,80,6.4553,4.1517,16.0445,17.4585,0,7.0000,0.7215
12426,CertificateFirst,baseline,30,0.1000,1.0000,0.0000,0.0000,w2_bures,0,-1,1.0028,31,18.4049,434.2230,357,23,80,3.8070,2.6967,11.5026,14.8860,0,7.0000,1.0058
12427,CertificateFirst,baseline,30,0.1000,1.0000,0.0000,0.0000,w2_bures,1,30,0.7196,35,20.4217,672.1474,379,26,80,5.4561,3.7060,19.3776,19.9212,0,7.0000,0.7383
12428,CertificateFirst,baseline,30,0.1000,1.0000,0.0000,0.0000,w2_bures,1,19,0.7717,24,3.1516,131.4992,176,18,80,6.9808,4.4041,18.1340,20.6888,0,7.0000,0.7984
12429,CertificateFirst,baseline,30,0.1000,1.0000,0.0000,0.0000,w2_bures,1,22,0.6012,49,2.7345,121.0539,166,19,80,5.6901,4.4593,14.8841,15.7895,0,7.0000,0.6037
12430,CertificateFirst,baseline,30,0.1000,1.0000,0.0000,0.0000,w2_bures,1,18,0.5498,26,20.3031,749.5962,453,25,80,4.8645,3.5179,16.2258,20.2907,0,7.0000,0.5738
12431,CertificateFirst,baseline,30,0.1000,1.0000,0.0000,0.0000,w2_bures,0,-1,1.1480,15,20.1124,797.0193,617,18,80,3.4770,2.8404,10.1524,14.6980,0,7.0000,1.2237
12432,CertificateFirst,baseline,30,0.1000,1.0000,0.0000,0.0000,w2_bures,0,-1,1.0961,11,20.1138,775.8374,611,12,80,3.8616,2.5018,14.1614,16.1205,0,7.0000,1.1660
12433,CertificateFirst,baseline,30,0.1000,1.0000,0.0000,0.0000,w2_bures,0,-1,0.8812,19,16.5415,396.2063,345,25,80,5.4339,4.0569,13.9760,16.9411,0,7.0000,0.9753
12434,CertificateFirst,baseline,30,0.1000,1.0000,0.0000,0.0000,w2_bures,0,-1,1.0107,27,20.1074,560.2528,346,14,80,4.6636,2.9815,13.2676,16.5791,0,7.0000,1.0449
12435,CertificateFirst,baseline,30,0.1000,1.0000,0.0000,0.0000,w2_bures,0,-1,1.0490,16,9.6937,199.5814,204,17,80,5.3113,3.6248,15.1360,15.8863,0,7.0000,1.0944
12436,CertificateFirst,baseline,30,0.1000,1.0000,0.0000,0.0000,w2_bures,0,-1,1.0518,16,10.4790,209.8419,257,34,80,7.0294,4.2710,19.3380,31.9030,0,7.0000,1.0862
12437,CertificateFirst,baseline,30,0.1000,1.0000,0.0000,0.0000,w2_bures,1,26,0.7649,69,2.5091,84.6689,94,14,80,4.9314,3.3677,12.4782,15.4745,0,7.0000,0.7801
12438,CertificateFirst,baseline,30,0.1000,1.0000,0.0000,0.0000,w2_bures,0,-1,1.0222,19,9.5383,234.8628,275,15,80,5.2466,3.5204,12.4435,15.6729,0,7.0000,1.0444
12439,CertificateFirst,baseline,30,0.1000,1.0000,0.0000,0.0000,w2_bures,0,-1,0.9859,19,20.1126,807.5019,644,27,80,4.3413,3.1117,12.3328,16.1230,0,7.0000,1.0157
12440,CertificateFirst,baseline,30,0.1000,1.0000,0.0000,0.0000,w2_bures,0,-1,1.1525,12,20.1101,774.0015,571,23,80,2.9550,2.1952,8.6092,12.4338,0,7.0000,1.2237
12441,CertificateFirst,baseline,30,0.1000,1.0000,0.0000,0.0000,w2_bures,1,14,0.4418,27,10.4198,210.6651,249,20,80,5.7159,3.8766,15.9007,16.3922,0,7.0000,0.4519
12442,CertificateFirst,baseline,30,0.1000,1.0000,0.0000,0.0000,w2_bures,0,-1,1.0745,29,16.7637,357.4881,270,32,80,4.1484,3.2266,13.2801,14.5241,0,7.0000,1.0897
12443,CertificateFirst,baseline,30,0.1000,1.0000,0.0000,0.0000,w2_bures,1,31,0.8457,31,2.4880,85.5013,106,29,80,6.0697,3.5822,14.8548,16.5011,0,7.0000,0.8639
12444,CertificateFirst,baseline,30,0.1000,1.0000,0.0000,0.0000,w2_bures,0,-1,0.8559,20,2.4938,85.8246,113,35,80,5.5775,3.3630,14.2898,16.1481,0,7.0000,0.9066
12345,ScenarioCompiler,baseline,30,0.1000,1.0000,0.0000,0.0000,w2_bures,0,-1,1.0353,17,16.6931,359.4768,560,10,80,8.0785,4.9869,16.9408,20.1986,0,7.0000,1.0513
12346,ScenarioCompiler,baseline,30,0.1000,1.0000,0.0000,0.0000,w2_bures,1,29,0.7487,32,20.2689,641.3997,890,9,80,8.4302,5.4504,18.3562,23.5384,0,7.0000,0.7697
12347,ScenarioCompiler,baseline,30,0.1000,1.0000,0.0000,0.0000,w2_bures,1,33,0.6037,41,16.6728,359.9548,603,5,80,9.8417,13.8677,16.2140,16.7698,0,7.0000,0.6176
12348,ScenarioCompiler,baseline,30,0.1000,1.0000,0.0000,0.0000,w2_bures,1,40,0.6435,72,2.3656,86.7107,84,5,80,9.5758,13.6976,18.3151,19.5213,0,7.0000,0.6684
12349,ScenarioCompiler,baseline,30,0.1000,1.0000,0.0000,0.0000,w2_bures,0,-1,1.1298,10,11.1511,221.3634,305,8,80,9.3145,8.0177,18.3634,20.2265,0,7.0000,1.1538
12350,ScenarioCompiler,baseline,30,0.1000,1.0000,0.0000,0.0000,w2_bures,0,-1,0.9719,42,3.8058,115.1786,133,15,80,9.6777,5.3112,20.0657,24.5203,0,7.0000,0.9777
12351,ScenarioCompiler,baseline,30,0.1000,1.0000,0.0000,0.0000,w2_bures,0,-1,1.1303,12,20.1645,761.7678,818,12,80,7.0694,4.8224,18.4583,25.6450,0,7.0000,1.1872
12352,ScenarioCompiler,baseline,30,0.1000,1.0000,0.0000,0.0000,w2_bures,0,-1,1.0471,21,10.3847,211.4409,252,15,80,7.3596,4.3459,17.7891,28.9149,0,7.0000,1.0715
12353,ScenarioCompiler,baseline,30,0.1000,1.0000,0.0000,0.0000,w2_bures,0,-1,1.1834,51,11.0086,255.0110,372,5,80,7.8822,8.7279,16.4348,22.0275,0,7.0000,1.1870
12354,ScenarioCompiler,baseline,30,0.1000,1.0000,0.0000,0.0000,w2_bures,1,17,0.3157,32,2.0283,76.2854,53,1,80,13.5955,14.9339,36.0283,46.2596,0,7.0000,0.3266
12355,ScenarioCompiler,baseline,30,0.1000,1.0000,0.0000,0.0000,w2_bures,1,24,0.7401,28,20.4516,614.8137,761,12,80,7.2369,6.3620,15.4447,17.3439,0,7.0000,0.7513
12356,ScenarioCompiler,baseline,30,0.1000,1.0000,0.0000,0.0000,w2_bures,1,19,0.2413,45,2.0721,76.2473,31,7,80,9.4125,12.4722,17.9766,20.9095,0,7.0000,0.2490
12357,ScenarioCompiler,baseline,30,0.1000,1.0000,0.0000,0.0000,w2_bures,0,-1,1.1876,13,20.1115,773.4316,1025,8,80,4.8654,4.1338,13.8290,17.3718,0,7.0000,1.2827
12358,ScenarioCompiler,baseline,30,0.1000,1.0000,0.0000,0.0000,w2_bures,0,-1,1.1773,11,20.1071,776.2838,1257,4,80,6.1361,4.9477,16.9548,19.7568,0,7.0000,1.2408
12359,ScenarioCompiler,baseline,30,0.1000,1.0000,0.0000,0.0000,w2_bures,0,-1,1.0773,13,20.1256,563.8799,629,8,80,7.2929,4.3665,18.5473,23.6180,0,7.0000,1.0842
12360,ScenarioCompiler,baseline,30,0.1000,1.0000,0.0000,0.0000,w2_bures,0,-1,1.2716,18,20.1048,768.2383,900,11,80,5.6556,4.7526,14.2401,20.1946,0,7.0000,1.2902
12361,ScenarioCompiler,baseline,30,0.1000,1.0000,0.0000,0.0000,w2_bures,0,-1,0.9442,54,2.8350,95.7371,78,14,80,8.8700,11.2538,18.3501,27.2995,0,7.0000,0.9640
12362,ScenarioCompiler,baseline,30,0.1000,1.0000,0.0000,0.0000,w2_bures,0,-1,1.1590,11,20.1136,772.7622,903,7,80,5.0315,4.2160,13.1047,16.4769,0,7.0000,1.1988
12363,ScenarioCompiler,baseline,30,0.1000,1.0000,0.0000,0.0000,w2_bures,0,-1,1.1252,17,17.8886,408.7751,390,15,80,6.6484,3.7527,14.5765,17.5607,0,7.0000,1.1366
12364,ScenarioCompiler,baseline,30,0.1000,1.0000,0.0000,0.0000,w2_bures,0,-1,1.0107,24,3.7010,120.5640,124,6,80,10.1127,12.7132,18.2496,22.4603,0,7.0000,1.0323
12365,ScenarioCompiler,baseline,30,0.1000,1.0000,0.0000,0.0000,w2_bures,1,20,0.6118,25,20.5093,649.2378,873,10,80,7.7325,6.1061,17.0231,23.7688,0,7.0000,0.6275
12366,ScenarioCompiler,baseline,30,0.1000,1.0000,0.0000,0.0000,w2_bures,0,-1,1.0611,19,2.9307,95.4044,61,9,80,8.6005,8.2823,17.9440,24.6622,0,7.0000,1.0877
12367,ScenarioCompiler,baseline,30,0.1000,1.0000,0.0000,0.0000,w2_bures,0,-1,1.1534,9,20.1130,774.5437,1040,8,80,4.6712,3.4760,13.1914,16.3869,0,7.0000,1.1831
12368,ScenarioCompiler,baseline,30,0.1000,1.0000,0.0000,0.0000,w2_bures,1,23,0.8160,24,20.5526,665.5944,772,13,80,7.1507,4.3114,19.5626,26.5818,0,7.0000,0.8260
12369,ScenarioCompiler,baseline,30,0.1000,1.0000,0.0000,0.0000,w2_bures,0,-1,1.1296,15,18.3271,435.7708,548,6,80,6.6934,4.0226,15.9107,16.3712,0,7.0000,1.2284
12370,ScenarioCompiler,baseline,30,0.1000,1.0000,0.0000,0.0000,w2_bures,0,-1,1.0626,18,20.1071,772.2271,1125,5,80,5.6952,4.3809,19.5097,25.7371,0,7.0000,1.1752
12371,ScenarioCompiler,baseline,30,0.1000,1.0000,0.0000,0.0000,w2_bures,0,-1,1.1961,79,2.9326,163.9249,182,11,80,7.7438,7.7386,15.8880,24.5027,0,7.0000,1.2296
12372,ScenarioCompiler,baseline,30,0.1000,1.0000,0.0000,0.0000,w2_bures,0,-1,1.2603,12,20.1120,776.0900,1139,5,80,4.9226,4.3122,13.2521,16.6225,0,7.0000,1.3158
12373,ScenarioCompiler,baseline,30,0.1000,1.0000,0.0000,0.0000,w2_bures,0,-1,1.2220,12,20.1124,774.5202,1048,18,80,5.5039,4.9708,14.0878,18.0853,0,7.0000,1.2707
12374,ScenarioCompiler,baseline,30,0.1000,1.0000,0.0000,0.0000,w2_bures,0,-1,1.3777,14,20.0991,761.9311,1257,12,80,5.0491,4.4718,12.7165,18.3911,0,7.0000,1.4582
12375,ScenarioCompiler,baseline,30,0.1000,1.0000,0.0000,0.0000,w2_bures,0,-1,1.0957,15,19.4188,549.3103,804,13,80,7.4178,5.9807,13.7844,17.7458,0,7.0000,1.0990
12376,ScenarioCompiler,baseline,30,0.1000,1.0000,0.0000,0.0000,w2_bures,0,-1,1.1915,24,13.8662,255.8701,465,6,80,8.5074,9.3252,16.6983,21.7665,0,7.0000,1.1938
12377,ScenarioCompiler,baseline,30,0.1000,1.0000,0.0000,0.0000,w2_bures,1,20,0.3559,40,10.6517,255.4365,373,3,80,9.9485,12.9732,19.6088,24.5049,0,7.0000,0.3828
12378,ScenarioCompiler,baseline,30,0.1000,1.0000,0.0000,0.0000,w2_bures,1,21,0.5759,36,10.4130,210.7012,474,9,80,10.7114,13.0409,18.1071,22.1919,0,7.0000,0.5926
12379,ScenarioCompiler,baseline,30,0.1000,1.0000,0.0000,0.0000,w2_bures,0,-1,1.1095,12,5.4527,143.9901,213,16,80,8.7481,12.5710,16.3140,18.3825,0,7.0000,1.1273
12380,ScenarioCompiler,baseline,30,0.1000,1.0000,0.0000,0.0000,w2_bures,0,-1,1.1181,13,15.4236,307.6261,423,3,80,8.1672,10.9631,15.1718,18.6492,0,7.0000,1.1460
12381,ScenarioCompiler,baseline,30,0.1000,1.0000,0.0000,0.0000,w2_bures,0,-1,0.9903,30,2.8977,95.5295,64,8,80,8.9477,7.9123,18.1129,19.6923,0,7.0000,1.0202
12382,ScenarioCompiler,baseline,30,0.1000,1.0000,0.0000,0.0000,w2_bures,0,-1,1.2499,13,20.1070,777.5510,1192,12,80,6.6262,5.4676,18.3763,29.4630,0,7.0000,1.2884
12383,ScenarioCompiler,baseline,30,0.1000,1.0000,0.0000,0.0000,w2_bures,0,-1,0.8626,36,15.7379,365.6606,635,8,80,13.5226,9.5313,40.3790,43.4952,0,7.0000,0.8727
12384,ScenarioCompiler,baseline,30,0.1000,1.0000,0.0000,0.0000,w2_bures,0,-1,1.2083,16,13.8671,257.0654,510,10,80,7.6266,8.7390,16.2711,18.9014,0,7.0000,1.2143
12385,ScenarioCompiler,baseline,30,0.1000,1.0000,0.0000,0.0000,w2_bures,0,-1,1.0791,31,20.3161,653.0524,809,6,80,6.0902,4.1413,12.3873,27.8257,0,7.0000,1.1024
12386,ScenarioCompiler,baseline,30,0.1000,1.0000,0.0000,0.0000,w2_bures,0,-1,1.0061,16,19.8678,541.3387,605,10,80,7.1292,4.0311,16.4391,20.8705,0,7.0000,1.0486
12387,ScenarioCompiler,baseline,30,0.1000,1.0000,0.0000,0.0000,w2_bures,1,22,0.6819,28,20.2412,756.9573,1048,9,80,7.4354,5.1904,16.6100,22.6921,0,7.0000,0.7149
12388,ScenarioCompiler,baseline,30,0.1000,1.0000,0.0000,0.0000,w2_bures,0,-1,1.0870,12,20.3097,614.1531,668,15,80,7.4404,5.1351,16.4207,20.9493,0,7.0000,1.1221
12389,ScenarioCompiler,baseline,30,0.1000,1.0000,0.0000,0.0000,w2_bures,0,-1,0.9865,17,2.4202,86.3430,85,10,80,8.3428,11.7224,16.1069,22.9340,0,7.0000,1.0150
12390,ScenarioCompiler,baseline,30,0.1000,1.0000,0.0000,0.0000,w2_bures,1,19,0.5307,28,2.4020,86.1881,72,7,80,8.3627,4.5878,16.7311,19.6665,0,7.0000,0.5494
12391,ScenarioCompiler,baseline,30,0.1000,1.0000,0.0000,0.0000,w2_bures,0,-1,0.8849,18,5.4608,143.8960,182,10,80,7.1117,4.1188,14.6083,16.6647,0,7.0000,0.8902
12392,ScenarioCompiler,baseline,30,0.1000,1.0000,0.0000,0.0000,w2_bures,0,-1,1.3030,17,20.1094,777.1830,1010,11,80,4.5339,4.2456,12.5174,15.6991,0,7.0000,1.3315
12393,ScenarioCompiler,baseline,30,0.1000,1.0000,0.0000,0.0000,w2_bures,0,-1,1.1584,20,10.2599,245.8752,350,9,80,7.5279,4.7115,14.9662,20.3694,0,7.0000,1.1818
12394,ScenarioCompiler,baseline,30,0.1000,1.0000,0.0000,0.0000,w2_bures,1,20,0.6269,30,10.1962,246.7410,324,10,80,8.8293,5.0512,17.4771,20.5312,0,7.0000,0.6356
12395,ScenarioCompiler,baseline,30,0.1000,1.0000,0.0000,0.0000,w2_bures,0,-1,1.1423,14,20.1025,770.9341,1020,7,80,12.4425,10.4162,32.9236,39.5157,0,7.0000,1.1940
12396,ScenarioCompiler,baseline,30,0.1000,1.0000,0.0000,0.0000,w2_bures,0,-1,0.9917,14,20.5574,691.3600,927,10,80,9.7202,6.9714,29.9668,40.2310,0,7.0000,1.0071
12397,ScenarioCompiler,baseline,30,0.1000,1.0000,0.0000,0.0000,w2_bures,0,-1,1.0479,16,20.2857,589.1716,617,11,80,7.5038,4.8605,20.9217,39.7384,0,7.0000,1.1114
12398,ScenarioCompiler,baseline,30,0.1000,1.0000,0.0000,0.0000,w2_bures,0,-1,1.1324,60,3.3923,104.4362,116,13,80,7.3106,9.2285,15.4983,30.3134,0,7.0000,1.1368
12399,ScenarioCompiler,baseline,30,0.1000,1.0000,0.0000,0.0000,w2_bures,0,-1,1.0087,14,19.2295,487.6271,599,11,80,8.3088,6.5979,17.9205,20.3927,0,7.0000,1.0486
12400,ScenarioCompiler,baseline,30,0.1000,1.0000,0.0000,0.0000,w2_bures,0,-1,1.0538,12,20.1083,769.9123,1070,5,80,7.1647,4.8789,19.1116,22.5862,0,7.0000,1.0773
12401,ScenarioCompiler,baseline,30,0.1000,1.0000,0.0000,0.0000,w2_bures,0,-1,1.0897,15,20.1054,808.6090,1173,4,80,7.9804,6.8615,17.0314,24.5658,0,7.0000,1.1331
12402,ScenarioCompiler,baseline,30,0.1000,1.0000,0.0000,0.0000,w2_bures,0,-1,1.2289,15,20.1195,766.7625,709,8,80,5.8072,3.8369,16.4847,30.8642,0,7.0000,1.2428
12403,ScenarioCompiler,baseline,30,0.1000,1.0000,0.0000,0.0000,w2_bures,1,16,0.5280,23,20.5916,666.1875,719,5,80,7.2698,4.4863,15.5088,18.7480,0,7.0000,0.5471
12404,ScenarioCompiler,baseline,30,0.1000,1.0000,0.0000,0.0000,w2_bures,0,-1,0.8828,34,2.3648,86.6492,70,12,80,9.1529,5.3262,18.9420,22.8121,0,7.0000,0.9111
12405,ScenarioCompiler,baseline,30,0.1000,1.0000,0.0000,0.0000,w2_bures,1,22,0.7762,26,19.9302,588.8116,716,5,80,7.6065,4.6233,17.2798,20.2423,0,7.0000,0.7811
12406,ScenarioCompiler,baseline,30,0.1000,1.0000,0.0000,0.0000,w2_bures,1,27,0.7777,32,8.8374,192.4938,203,11,80,9.3095,12.2276,16.7575,20.5129,0,7.0000,0.7871
12407,ScenarioCompiler,baseline,30,0.1000,1.0000,0.0000,0.0000,w2_bures,0,-1,0.9817,16,2.4561,85.6287,36,9,80,10.7857,14.7428,20.0057,24.0859,0,7.0000,1.0253
12408,ScenarioCompiler,baseline,30,0.1000,1.0000,0.0000,0.0000,w2_bures,1,23,0.7355,29,2.4303,86.2145,60,5,80,11.4483,15.2481,22.1752,23.9710,0,7.0000,0.7556
12409,ScenarioCompiler,baseline,30,0.1000,1.0000,0.0000,0.0000,w2_bures,0,-1,1.1820,13,20.1088,771.0729,881,5,80,4.9437,4.1087,13.0744,16.4800,0,7.0000,1.2678
12410,ScenarioCompiler,baseline,30,0.1000,1.0000,0.0000,0.0000,w2_bures,1,19,0.5544,25,20.1104,765.9506,965,3,80,6.5292,4.5270,18.7989,22.7676,0,7.0000,0.5868
12411,ScenarioCompiler,baseline,30,0.1000,1.0000,0.0000,0.0000,w2_bures,1,14,0.0696,22,20.4329,743.3310,859,3,80,8.6608,5.5980,17.9982,22.2609,0,7.0000,0.1982
12412,ScenarioCompiler,baseline,30,0.1000,1.0000,0.0000,0.0000,w2_bures,0,-1,1.1719,18,11.8385,264.5712,402,10,80,10.9790,13.2674,21.7503,24.5891,0,7.0000,1.2054
12413,ScenarioCompiler,baseline,30,0.1000,1.0000,0.0000,0.0000,w2_bures,0,-1,1.1072,16,20.4561,732.7121,689,7,80,8.9408,5.9189,24.0347,25.9188,0,7.0000,1.1349
12414,ScenarioCompiler,baseline,30,0.1000,1.0000,0.0000,0.0000,w2_bures,0,-1,1.2311,16,18.3401,434.1598,542,13,80,8.9819,8.1172,19.3602,21.4244,0,7.0000,1.2648
12415,ScenarioCompiler,baseline,30,0.1000,1.0000,0.0000,0.0000,w2_bures,0,-1,1.1154,17,20.0888,788.8775,936,15,80,7.9388,5.6079,21.4971,27.5545,0,7.0000,1.2030
12416,ScenarioCompiler,baseline,30,0.1000,1.0000,0.0000,0.0000,w2_bures,0,-1,0.8747,23,18.8134,462.0267,459,15,80,9.8027,5.0125,24.3545,25.7778,0,7.0000,0.8807
12417,ScenarioCompiler,baseline,30,0.1000,1.0000,0.0000,0.0000,w2_bures,0,-1,1.1174,14,20.1187,768.0219,875,11,80,6.9488,5.0377,17.9459,21.6963,0,7.0000,1.1428
12418,ScenarioCompiler,baseline,30,0.1000,1.0000,0.0000,0.0000,w2_bures,0,-1,1.2514,29,8.8357,191.3807,298,15,80,11.6045,15.5731,24.7540,27.5949,0,7.0000,1.2720
12419,ScenarioCompiler,baseline,30,0.1000,1.0000,0.0000,0.0000,w2_bures,1,28,0.7353,32,18.6160,497.4899,463,8,80,8.7242,5.8949,21.1408,36.9398,0,7.0000,0.7510
12420,ScenarioCompiler,baseline,30,0.1000,1.0000,0.0000,0.0000,w2_bures,0,-1,1.0159,21,2.8360,95.8272,82,10,80,9.5674,11.2236,22.2334,26.2105,0,7.0000,1.0295
12421,ScenarioCompiler,baseline,30,0.1000,1.0000,0.0000,0.0000,w2_bures,0,-1,1.1794,16,20.4041,680.6202,621,9,80,7.9492,6.4308,16.8671,22.5925,0,7.0000,1.2215
12422,ScenarioCompiler,baseline,30,0.1000,1.0000,0.0000,0.0000,w2_bures,0,-1,1.1926,13,20.1061,777.7034,1031,10,80,6.0179,5.5290,17.5727,21.9573,0,7.0000,1.2601
12423,ScenarioCompiler,baseline,30,0.1000,1.0000,0.0000,0.0000,w2_bures,1,23,0.6610,29,20.4374,740.6271,977,6,80,9.9503,8.4178,19.0757,20.6727,0,7.0000,0.6843
12424,ScenarioCompiler,baseline,30,0.1000,1.0000,0.0000,0.0000,w2_bures,0,-1,1.2316,25,2.8444,96.0456,92,12,80,10.8916,11.3063,29.9922,36.3927,0,7.0000,1.2479
12425,ScenarioCompiler,baseline,30,0.1000,1.0000,0.0000,0.0000,w2_bures,0,-1,0.8867,17,2.7715,96.2747,139,8,80,10.6440,6.0101,23.2207,29.2074,0,7.0000,0.9103
12426,ScenarioCompiler,baseline,30,0.1000,1.0000,0.0000,0.0000,w2_bures,0,-1,1.1001,34,17.3348,383.8304,382,11,80,9.0432,4.9826,24.4264,27.8793,0,7.0000,1.1025
12427,ScenarioCompiler,baseline,30,0.1000,1.0000,0.0000,0.0000,w2_bures,0,-1,1.2293,14,20.2511,774.5499,975,8,80,8.9073,6.8221,19.7750,35.4233,0,7.0000,1.2456
12428,ScenarioCompiler,baseline,30,0.1000,1.0000,0.0000,0.0000,w2_bures,0,-1,0.9518,24,3.2689,140.5615,98,4,80,13.0221,16.0710,25.4640,30.4131,0,7.0000,0.9748
12429,ScenarioCompiler,baseline,30,0.1000,1.0000,0.0000,0.0000,w2_bures,0,-1,0.9870,20,3.2277,175.4489,126,9,80,13.8962,16.5158,23.4354,26.2457,0,7.0000,1.0518
12430,ScenarioCompiler,baseline,30,0.1000,1.0000,0.0000,0.0000,w2_bures,1,19,0.5590,26,20.4238,740.9709,825,8,80,8.9709,6.0414,20.3738,25.6575,0,7.0000,0.5862
12431,ScenarioCompiler,baseline,30,0.1000,1.0000,0.0000,0.0000,w2_bures,0,-1,1.3945,15,20.1046,807.9866,1019,10,80,7.1776,5.9160,20.2627,38.3783,0,7.0000,1.4273
12432,ScenarioCompiler,baseline,30,0.1000,1.0000,0.0000,0.0000,w2_bures,0,-1,1.1883,13,20.1124,774.5927,935,9,80,8.6785,7.1012,23.7360,47.4122,0,7.0000,1.2515
12433,ScenarioCompiler,baseline,30,0.1000,1.0000,0.0000,0.0000,w2_bures,0,-1,1.1143,16,18.0509,452.5153,665,9,80,10.9179,10.9291,20.2845,22.3658,0,7.0000,1.1155
12434,ScenarioCompiler,baseline,30,0.1000,1.0000,0.0000,0.0000,w2_bures,0,-1,1.1323,27,19.8837,535.3109,723,6,80,8.0470,6.3747,19.5747,22.6524,0,7.0000,1.1559
12435,ScenarioCompiler,baseline,30,0.1000,1.0000,0.0000,0.0000,w2_bures,0,-1,1.1645,14,11.2811,220.2312,332,7,80,9.8947,7.3155,22.3683,25.2023,0,7.0000,1.2193
12436,ScenarioCompiler,baseline,30,0.1000,1.0000,0.0000,0.0000,w2_bures,0,-1,1.1630,12,13.8014,257.6317,372,6,80,14.7646,17.3501,24.6831,69.0596,0,7.0000,1.2258
12437,ScenarioCompiler,baseline,30,0.1000,1.0000,0.0000,0.0000,w2_bures,0,-1,1.0113,20,2.9064,95.5537,86,15,80,11.7340,8.5591,22.6197,25.3685,0,7.0000,1.0326
12438,ScenarioCompiler,baseline,30,0.1000,1.0000,0.0000,0.0000,w2_bures,0,-1,1.1760,19,20.3182,589.2863,611,14,80,7.0894,5.1276,19.0912,27.4162,0,7.0000,1.1882
12439,ScenarioCompiler,baseline,30,0.1000,1.0000,0.0000,0.0000,w2_bures,0,-1,1.2075,16,20.1050,762.1590,975,12,80,5.4899,4.0485,14.7794,18.7364,0,7.0000,1.2405
12440,ScenarioCompiler,baseline,30,0.1000,1.0000,0.0000,0.0000,w2_bures,0,-1,1.2656,12,20.1110,775.3708,1035,9,80,4.8425,4.3002,13.6959,21.8385,0,7.0000,1.3377
12441,ScenarioCompiler,baseline,30,0.1000,1.0000,0.0000,0.0000,w2_bures,1,16,0.4998,29,8.0968,182.7001,371,15,80,11.5344,14.3539,27.8104,29.8701,0,7.0000,0.5137
12442,ScenarioCompiler,baseline,30,0.1000,1.0000,0.0000,0.0000,w2_bures,0,-1,0.9619,34,6.7622,162.6961,265,11,80,10.6623,13.6566,17.5934,29.0320,0,7.0000,0.9654
12443,ScenarioCompiler,baseline,30,0.1000,1.0000,0.0000,0.0000,w2_bures,0,-1,1.0428,31,2.4169,86.1676,77,12,80,9.2184,12.7766,15.7782,21.1329,0,7.0000,1.0638
12444,ScenarioCompiler,baseline,30,0.1000,1.0000,0.0000,0.0000,w2_bures,0,-1,1.0466,20,2.4307,86.2512,107,15,80,9.3796,13.4114,19.3023,23.7202,0,7.0000,1.0622
