seed,variant,step,ego_x,ego_y,ego_theta,obs_x,obs_y,obs_mode,collision,missed_mode,clearance
200042,Base,0,0.0000,0.0000,0.0000,3.4292,0.4012,constant_velocity,0,0,3.4526
200042,Base,1,0.1647,-0.0068,-0.0800,3.4207,0.4007,constant_velocity,0,0,3.2814
200042,Base,2,0.1647,-0.0068,-0.0800,3.4122,0.4002,constant_velocity,0,0,3.2730
200042,Base,3,0.3579,-0.0295,-0.1522,3.4038,0.3997,constant_velocity,0,0,3.0759
200042,Base,4,0.5803,-0.0615,-0.1338,3.3954,0.3992,constant_velocity,0,0,2.8525
200042,Base,5,0.8311,-0.1057,-0.2138,3.3871,0.3986,constant_velocity,0,0,2.6053
200042,Base,6,1.1101,-0.1619,-0.1843,3.3788,0.3979,turn_right,0,0,2.3368
200042,Base,7,1.4168,-0.2321,-0.2643,3.3706,0.3975,turn_right,0,1,2.0528
200042,Base,8,1.4168,-0.2321,-0.2643,3.3623,0.3972,turn_right,0,0,2.0448
200042,Base,9,1.4168,-0.2321,-0.2643,3.3540,0.3973,turn_right,0,0,2.0369
200042,Base,10,1.7513,-0.3150,-0.2222,3.3456,0.3975,turn_right,0,0,1.7463
200042,Base,11,2.1130,-0.4123,-0.3022,3.3373,0.3980,turn_right,0,0,1.4681
200042,Base,12,2.5029,-0.5203,-0.2389,3.3290,0.3988,turn_right,0,0,1.2358
200042,Base,13,2.9289,-0.6060,-0.1591,3.3209,0.3999,turn_right,0,0,1.0796
200042,Base,14,3.3902,-0.6610,-0.0791,3.3127,0.4013,constant_velocity,0,0,1.0651
200042,Base,15,3.8844,-0.6801,0.0009,3.3044,0.4026,constant_velocity,0,0,1.2283
200042,Base,16,4.4085,-0.7008,-0.0791,3.2961,0.4040,decelerating,0,1,1.5678
200042,Base,17,4.9626,-0.7223,0.0009,3.2878,0.4054,decelerating,0,1,2.0190
200042,Base,18,5.5466,-0.7453,-0.0791,3.2744,0.4018,decelerating,0,0,2.5454
200042,Base,19,6.1607,-0.7691,0.0009,3.2559,0.3933,decelerating,0,1,3.1287
200042,Base,20,6.8046,-0.7945,-0.0791,3.2324,0.3797,decelerating,0,1,3.7603
200042,Base,21,7.4785,-0.8208,0.0006,3.2039,0.3612,constant_velocity,0,0,4.4350
200042,Base,22,8.1825,-0.8462,-0.0724,3.1706,0.3377,decelerating,0,0,5.1498
200042,Base,23,8.9166,-0.8698,0.0076,3.1373,0.3140,decelerating,0,0,5.8993
200042,Base,24,9.6806,-0.8948,-0.0724,3.0991,0.2854,turn_right,0,0,6.6865
200042,Base,25,10.4746,-0.9203,0.0076,3.0548,0.2531,turn_right,0,0,7.5120
200042,Base,26,11.2990,-0.9009,0.0393,3.0095,0.2222,turn_right,0,0,8.3652
200042,Base,27,12.1507,-0.8331,0.1193,2.9633,0.1926,turn_right,0,0,9.2445
200042,Base,28,13.0323,-0.7632,0.0394,2.9161,0.1644,turn_right,0,0,10.1586
200042,Base,29,13.9057,-0.7180,0.0641,2.8680,0.1377,decelerating,0,1,11.0708
200042,Base,30,14.7257,-0.6327,0.1441,2.8199,0.1111,constant_velocity,0,0,11.9290
200042,Base,31,15.4959,-0.5519,0.0641,2.7666,0.0796,constant_velocity,0,0,12.7449
200042,Base,32,16.2178,-0.4903,0.1066,2.7134,0.0481,constant_velocity,0,0,13.5152
200042,Base,33,16.8866,-0.4018,0.1571,2.6602,0.0168,constant_velocity,0,0,14.2325
200042,Base,34,17.4990,-0.2799,0.2370,2.6071,-0.0147,constant_velocity,0,0,14.8944
200042,Base,35,18.0517,-0.1231,0.3170,2.5538,-0.0461,constant_velocity,0,0,15.4981
200042,Base,36,18.5562,0.0206,0.2370,2.5005,-0.0775,decelerating,0,1,16.0560
200042,Base,37,19.0214,0.1138,0.1570,2.4472,-0.1089,decelerating,0,0,16.5757
200042,Base,38,19.4430,0.1637,0.0770,2.3889,-0.1452,decelerating,0,1,17.0569
200042,Base,39,19.8173,0.1779,-0.0030,2.3255,-0.1864,decelerating,0,1,17.4956
200042,Base,40,20.1416,0.1642,-0.0830,2.2570,-0.2328,decelerating,0,1,17.8890
200042,Base,41,20.4141,0.1309,-0.1630,2.1835,-0.2844,decelerating,0,1,18.2354
200042,Base,42,20.6342,0.0859,-0.2430,2.1050,-0.3411,constant_velocity,0,0,18.5342
200042,Base,43,20.8020,0.0374,-0.3230,2.0215,-0.4026,decelerating,0,1,18.7857
200042,Base,44,20.9186,-0.0065,-0.4030,1.9380,-0.4640,decelerating,0,0,18.9861
200042,Base,45,20.9877,-0.0348,-0.3697,1.8496,-0.5305,decelerating,0,0,19.1445
200042,Base,46,21.0109,-0.0431,-0.2897,1.7562,-0.6021,turn_right,0,0,19.2628
200042,Base,47,20.9863,-0.0371,-0.2097,1.6556,-0.6758,turn_left,0,0,19.3412
200042,Base,48,20.9120,-0.0248,-0.1297,1.5573,-0.7525,constant_velocity,0,0,19.3685
200042,Base,49,20.7872,-0.0139,-0.0497,1.4588,-0.8294,constant_velocity,0,0,19.3456
200042,Base,50,20.6283,-0.0084,-0.0197,1.3603,-0.9064,constant_velocity,0,0,19.2889
200042,Base,51,20.4756,-0.0041,-0.0370,1.2618,-0.9833,decelerating,0,1,19.2387
200042,Base,52,20.3533,0.0051,-0.1170,1.1634,-1.0603,decelerating,0,1,19.2194
200042,Base,53,20.2616,0.0194,-0.1970,1.0601,-1.1423,decelerating,0,0,19.2365
200042,Base,54,20.1968,0.0349,-0.2770,0.9519,-1.2294,decelerating,0,0,19.2864
200042,Base,55,20.1520,0.0495,-0.3570,0.8386,-1.3216,decelerating,0,0,19.3620
200042,Base,56,20.1213,0.0623,-0.4370,0.7204,-1.4190,decelerating,0,0,19.4574
200042,Base,57,20.1013,0.0725,-0.5170,0.5972,-1.5213,constant_velocity,0,0,19.5691
200042,Base,58,20.0893,0.0800,-0.5970,0.4691,-1.6286,constant_velocity,0,0,19.6945
200042,Base,59,20.0829,0.0847,-0.6770,0.3409,-1.7361,constant_velocity,0,0,19.8258
200042,Base,60,20.0805,0.0867,-0.7570,0.2127,-1.8436,constant_velocity,0,0,19.9614
200042,Base,61,20.0808,0.0864,-0.8370,0.0845,-1.9511,constant_velocity,0,0,20.0998
200042,Base,62,20.0827,0.0841,-0.9170,-0.0437,-2.0584,constant_velocity,0,0,20.2402
200042,Base,63,20.0856,0.0800,-0.9970,-0.1721,-2.1657,constant_velocity,0,0,20.3817
200042,Base,64,20.0888,0.0745,-1.0770,-0.3005,-2.2730,constant_velocity,0,0,20.5240
200042,Base,65,20.0920,0.0679,-1.1570,-0.4290,-2.3803,turn_left,0,1,20.6665
200042,Base,66,20.0950,0.0604,-1.2370,-0.5542,-2.4915,turn_left,0,0,20.8063
200042,Base,67,20.0975,0.0522,-1.3170,-0.6761,-2.6064,turn_left,0,0,20.9430
200042,Base,68,20.0993,0.0435,-1.3970,-0.7944,-2.7250,turn_left,0,0,21.0764
200042,Base,69,20.1005,0.0346,-1.4770,-0.9091,-2.8470,constant_velocity,0,0,21.2063
200042,Base,70,20.1010,0.0256,-1.5570,-1.0238,-2.9691,constant_velocity,0,0,21.3360
200042,Base,71,20.1008,0.0165,-1.6370,-1.1386,-3.0913,constant_velocity,0,0,21.4656
200042,Base,72,20.0998,0.0076,-1.7170,-1.2536,-3.2136,constant_velocity,0,0,21.5950
200042,Base,73,20.0982,-0.0011,-1.7970,-1.3687,-3.3359,constant_velocity,0,0,21.7244
200042,Base,74,20.0959,-0.0096,-1.8770,-1.4839,-3.4580,constant_velocity,0,0,21.8536
200042,Base,75,20.0929,-0.0177,-1.9570,-1.5992,-3.5800,constant_velocity,0,0,21.9827
200042,Base,76,20.0894,-0.0255,-2.0370,-1.7144,-3.7021,constant_velocity,0,0,22.1116
200042,Base,77,20.0854,-0.0328,-2.1170,-1.8296,-3.8241,constant_velocity,0,0,22.2405
200042,Base,78,20.0808,-0.0396,-2.1970,-1.9447,-3.9463,turn_right,0,0,22.3694
200042,Base,79,20.0759,-0.0459,-2.2770,-2.0636,-4.0649,turn_right,0,1,22.5013
200042,Base,80,20.0705,-0.0517,-2.3570,-2.1859,-4.1800,turn_right,0,0,22.6361
200042,Base,81,20.0648,-0.0570,-2.4370,-2.3117,-4.2915,turn_right,0,0,22.7736
200042,Base,82,20.0588,-0.0617,-2.5170,-2.4408,-4.3991,turn_right,0,0,22.9138
200042,Base,83,20.0525,-0.0659,-2.5970,-2.5730,-4.5029,turn_right,0,0,23.0565
200042,Base,84,20.0460,-0.0695,-2.6770,-2.7082,-4.6026,turn_right,0,0,23.2014
200042,Base,85,20.0394,-0.0725,-2.7570,-2.8463,-4.6983,turn_right,0,0,23.3485
200042,Base,86,20.0326,-0.0749,-2.8370,-2.9873,-4.7897,turn_right,0,0,23.4978
200042,Base,87,20.0258,-0.0767,-2.9170,-3.1309,-4.8770,turn_right,0,0,23.6490
200042,Base,88,20.0189,-0.0780,-2.9970,-3.2770,-4.9599,turn_right,0,1,23.8019
200042,Base,89,20.0121,-0.0787,-3.0770,-3.4254,-5.0385,turn_right,0,0,23.9565
200042,Base,90,20.0053,-0.0789,-3.1570,-3.5762,-5.1126,turn_right,0,1,24.1128
200042,Base,91,19.9985,-0.0785,-3.2370,-3.7293,-5.1824,constant_velocity,0,0,24.2706
200042,Base,92,19.9919,-0.0776,-3.3170,-3.8825,-5.2521,decelerating,0,1,24.4287
200042,Base,93,19.9855,-0.0762,-3.3970,-4.0358,-5.3217,decelerating,0,0,24.5873
200042,Base,94,19.9792,-0.0743,-3.4770,-4.1940,-5.3964,decelerating,0,0,24.7521
200042,Base,95,19.9732,-0.0719,-3.5570,-4.3570,-5.4761,decelerating,0,1,24.9231
200042,Base,96,19.9674,-0.0691,-3.6370,-4.5249,-5.5610,turn_left,0,0,25.1005
200042,Base,97,19.9619,-0.0659,-3.7170,-4.6953,-5.6560,turn_left,0,0,25.2829
200042,Base,98,19.9567,-0.0622,-3.7970,-4.8628,-5.7560,turn_left,0,0,25.4642
200042,Base,99,19.9519,-0.0582,-3.8770,-5.0272,-5.8612,turn_left,0,0,25.6443
200042,Base,100,19.9474,-0.0538,-3.9570,-5.1885,-5.9713,turn_left,0,0,25.8230
200042,Base,101,19.9433,-0.0491,-4.0370,-5.3462,-6.0863,turn_left,0,0,26.0002
200042,Base,102,19.9396,-0.0441,-4.1170,-5.5003,-6.2061,turn_left,0,0,26.1756
200042,Base,103,19.9364,-0.0389,-4.1970,-5.6508,-6.3303,turn_left,0,0,26.3493
200042,Base,104,19.9336,-0.0334,-4.2770,-5.7974,-6.4589,turn_left,0,0,26.5212
200042,Base,105,19.9312,-0.0278,-4.3570,-5.9402,-6.5918,turn_left,0,0,26.6911
200042,Base,106,19.9294,-0.0220,-4.4370,-6.0787,-6.7290,turn_right,0,0,26.8589
200042,Base,107,19.9279,-0.0161,-4.5170,-6.2212,-6.8618,turn_right,0,0,27.0304
200042,Base,108,19.9270,-0.0102,-4.5970,-6.3676,-6.9902,turn_right,0,1,27.2053
200042,Base,109,19.9266,-0.0042,-4.6770,-6.5176,-7.1141,turn_right,0,1,27.3833
200042,Base,110,19.9266,0.0018,-4.7570,-6.6713,-7.2335,turn_right,0,0,27.5644
200042,Base,111,19.9271,0.0078,-4.8370,-6.8285,-7.3482,turn_right,0,1,27.7484
200042,Base,112,19.9281,0.0136,-4.9170,-6.9890,-7.4582,turn_right,0,1,27.9349
200042,Base,113,19.9295,0.0194,-4.9970,-7.1528,-7.5634,turn_right,0,1,28.1239
200042,Base,114,19.9314,0.0250,-5.0770,-7.3198,-7.6637,turn_right,0,0,28.3151
200042,Base,115,19.9337,0.0305,-5.1570,-7.4897,-7.7587,turn_right,0,0,28.5082
200042,Base,116,19.9365,0.0357,-5.2370,-7.6623,-7.8486,turn_right,0,0,28.7029
200042,Base,117,19.9396,0.0407,-5.3170,-7.8375,-7.9333,turn_right,0,0,28.8990
200042,Base,118,19.9432,0.0454,-5.3970,-8.0150,-8.0127,turn_right,0,0,29.0963
200042,Base,119,19.9471,0.0498,-5.4770,-8.1949,-8.0867,turn_left,0,0,29.2946
200042,Base,120,19.9513,0.0538,-5.5570,-8.3726,-8.1660,turn_left,0,0,29.4925
200042,Base,121,19.9558,0.0575,-5.6370,-8.5479,-8.2506,turn_left,0,0,29.6898
200042,Base,122,19.9606,0.0609,-5.7170,-8.7205,-8.3403,turn_left,0,0,29.8862
200042,Base,123,19.9657,0.0638,-5.7970,-8.8903,-8.4352,decelerating,0,1,30.0815
200042,Base,124,19.9709,0.0663,-5.8770,-9.0599,-8.5300,decelerating,0,1,30.2768
200042,Base,125,19.9764,0.0684,-5.9570,-9.2335,-8.6294,decelerating,0,1,30.4773
200042,Base,126,19.9819,0.0700,-6.0370,-9.4061,-8.7304,decelerating,0,0,30.6774
200042,Base,127,19.9876,0.0712,-6.1170,-9.5779,-8.8329,decelerating,0,0,30.8772
200042,Base,128,19.9934,0.0720,-6.1970,-9.7487,-8.9369,decelerating,0,0,31.0766
200042,Base,129,19.9992,0.0722,-6.2770,-9.9187,-9.0423,decelerating,0,1,31.2755
200042,Base,130,20.0050,0.0720,-6.3570,-10.0879,-9.1491,decelerating,0,1,31.4739
200042,Base,131,20.0108,0.0714,-6.4370,-10.2561,-9.2571,constant_velocity,0,1,31.6718
200042,Base,132,20.0164,0.0703,-6.5170,-10.4236,-9.3664,turn_left,0,0,31.8692
200042,Base,133,20.0220,0.0687,-6.5970,-10.5877,-9.4806,turn_left,0,0,32.0647
200042,Base,134,20.0274,0.0667,-6.6770,-10.7483,-9.5997,constant_velocity,0,0,32.2581
200042,Base,135,20.0327,0.0643,-6.7570,-10.9090,-9.7187,constant_velocity,0,0,32.4514
200042,Base,136,20.0377,0.0614,-6.8370,-11.0697,-9.8376,constant_velocity,0,0,32.6445
200042,Base,137,20.0425,0.0582,-6.9170,-11.2304,-9.9565,constant_velocity,0,0,32.8373
200042,Base,138,20.0470,0.0546,-6.9970,-11.3911,-10.0753,constant_velocity,0,0,33.0298
200042,Base,139,20.0512,0.0506,-7.0770,-11.5517,-10.1941,constant_velocity,0,0,33.2220
200042,Base,140,20.0551,0.0463,-7.1570,-11.7123,-10.3130,constant_velocity,0,0,33.4138
200042,Base,141,20.0586,0.0418,-7.2370,-11.8728,-10.4318,constant_velocity,0,0,33.6053
200042,Base,142,20.0618,0.0369,-7.3170,-12.0333,-10.5507,constant_velocity,0,1,33.7963
200042,Base,143,20.0645,0.0319,-7.3970,-12.1937,-10.6696,constant_velocity,0,1,33.9870
200042,Base,144,20.0669,0.0266,-7.4770,-12.3540,-10.7887,constant_velocity,0,0,34.1773
200042,Base,145,20.0688,0.0212,-7.5570,-12.5144,-10.9078,turn_left,0,0,34.3673
200042,Base,146,20.0702,0.0156,-7.6370,-12.6711,-11.0319,decelerating,0,0,34.5549
200042,Base,147,20.0713,0.0099,-7.7170,-12.8277,-11.1561,decelerating,0,1,34.7423
200042,Base,148,20.0718,0.0042,-7.7970,-12.9840,-11.2809,decelerating,0,1,34.9291
200042,Base,149,20.0719,-0.0016,-7.8770,-13.1397,-11.4064,decelerating,0,1,35.1152
200042,OT,0,0.0000,0.0000,0.0000,3.4292,0.4012,constant_velocity,0,0,3.4526
200042,OT,1,0.0000,0.0000,0.0000,3.4207,0.4007,constant_velocity,0,0,3.4441
200042,OT,2,0.1648,-0.0068,-0.0800,3.4122,0.4002,constant_velocity,0,0,3.2728
200042,OT,3,0.1648,-0.0068,-0.0800,3.4038,0.3997,constant_velocity,0,0,3.2644
200042,OT,4,0.1648,-0.0068,-0.0800,3.3954,0.3992,constant_velocity,0,0,3.2560
200042,OT,5,0.1648,-0.0068,-0.0800,3.3871,0.3986,constant_velocity,0,0,3.2477
200042,OT,6,0.1648,-0.0068,-0.0800,3.3788,0.3979,turn_right,0,1,3.2394
200042,OT,7,0.1648,-0.0068,-0.0800,3.3706,0.3975,turn_right,0,0,3.2312
200042,OT,8,0.1648,-0.0068,-0.0800,3.3623,0.3972,turn_right,0,0,3.2229
200042,OT,9,0.1648,-0.0068,-0.0800,3.3540,0.3973,turn_right,0,0,3.2147
200042,OT,10,0.1648,-0.0068,-0.0800,3.3456,0.3975,turn_right,0,0,3.2064
200042,OT,11,0.1648,-0.0068,-0.0800,3.3373,0.3980,turn_right,0,0,3.1982
200042,OT,12,0.1648,-0.0068,-0.0800,3.3290,0.3988,turn_right,0,0,3.1901
200042,OT,13,0.1648,-0.0068,-0.0800,3.3209,0.3999,turn_right,0,0,3.1822
200042,OT,14,0.1648,-0.0068,-0.0800,3.3127,0.4013,constant_velocity,0,0,3.1742
200042,OT,15,0.1648,-0.0068,-0.0800,3.3044,0.4026,constant_velocity,0,1,3.1662
200042,OT,16,0.1648,-0.0068,-0.0800,3.2961,0.4040,decelerating,0,0,3.1581
200042,OT,17,0.3596,-0.0144,0.0000,3.2878,0.4054,decelerating,0,0,2.9581
200042,OT,18,0.5843,-0.0236,-0.0800,3.2744,0.4018,decelerating,0,0,2.7235
200042,OT,19,0.8374,-0.0543,-0.1600,3.2559,0.3933,decelerating,0,0,2.4595
200042,OT,20,1.1166,-0.1111,-0.2400,3.2324,0.3797,decelerating,0,0,2.1719
200042,OT,21,1.4192,-0.1983,-0.3200,3.2039,0.3612,constant_velocity,0,0,1.8704
200042,OT,22,1.7419,-0.3200,-0.4000,3.1706,0.3377,decelerating,0,0,1.5728
200042,OT,23,1.7419,-0.3200,-0.4000,3.1373,0.3140,decelerating,0,0,1.5327
200042,OT,24,2.0904,-0.4583,-0.3564,3.0991,0.2854,turn_right,0,0,1.2532
200042,OT,25,2.4638,-0.6148,-0.4364,3.0548,0.2531,turn_right,0,0,1.0500
200042,OT,26,2.8650,-0.7826,-0.3567,3.0095,0.2222,turn_right,0,0,1.0151
200042,OT,27,3.3068,-0.9272,-0.2767,2.9633,0.1926,turn_right,0,0,1.1713
200042,OT,28,3.7878,-1.0431,-0.1967,2.9161,0.1644,turn_right,0,0,1.4893
200042,OT,29,4.3063,-1.1248,-0.1167,2.8680,0.1377,decelerating,0,0,1.9138
200042,OT,30,4.8595,-1.1671,-0.0367,2.8199,0.1111,constant_velocity,0,0,2.4070
200042,OT,31,5.4443,-1.1767,0.0037,2.7666,0.0796,constant_velocity,0,0,2.9578
200042,OT,32,6.0585,-1.1497,0.0835,2.7134,0.0481,constant_velocity,0,0,3.5531
200042,OT,33,6.7027,-1.1218,0.0035,2.6602,0.0168,constant_velocity,0,0,4.1998
200042,OT,34,7.3769,-1.0923,0.0835,2.6071,-0.0147,constant_velocity,0,0,4.8900
200042,OT,35,8.0810,-1.0617,0.0039,2.5538,-0.0461,constant_velocity,0,0,5.6197
200042,OT,36,8.8150,-1.0292,0.0839,2.5005,-0.0775,decelerating,0,0,6.3858
200042,OT,37,9.5791,-0.9959,0.0039,2.4472,-0.1089,decelerating,0,1,7.1868
200042,OT,38,10.3730,-0.9608,0.0839,2.3889,-0.1452,decelerating,0,0,8.0257
200042,OT,39,11.1970,-0.9248,0.0039,2.3255,-0.1864,decelerating,0,0,8.9022
200042,OT,40,12.0509,-0.8871,0.0839,2.2570,-0.2328,decelerating,0,0,9.8157
200042,OT,41,12.9348,-0.8484,0.0040,2.1835,-0.2844,decelerating,0,1,10.7660
200042,OT,42,13.8100,-0.8102,0.0840,2.1050,-0.3411,constant_velocity,0,0,11.7145
200042,OT,43,14.6358,-0.7543,0.0510,2.0215,-0.4026,decelerating,0,0,12.6193
200042,OT,44,15.4101,-0.6840,0.1310,1.9380,-0.4640,decelerating,0,0,13.4739
200042,OT,45,16.1303,-0.5793,0.1579,1.8496,-0.5305,decelerating,0,0,14.2807
200042,OT,46,16.7970,-0.4578,0.2034,1.7562,-0.6021,turn_right,0,0,15.0414
200042,OT,47,17.4161,-0.3554,0.1234,1.6556,-0.6758,turn_left,0,0,15.7638
200042,OT,48,17.9917,-0.3070,0.0434,1.5573,-0.7525,constant_velocity,0,0,16.4405
200042,OT,49,18.5193,-0.3049,-0.0366,1.4588,-0.8294,constant_velocity,0,0,17.0686
200042,OT,50,18.9969,-0.3036,0.0434,1.3603,-0.9064,constant_velocity,0,0,17.6469
200042,OT,51,19.4231,-0.2683,0.1234,1.2618,-0.9833,decelerating,0,1,18.1753
200042,OT,52,19.7957,-0.2072,0.2034,1.1634,-1.0603,decelerating,0,0,18.6518
200042,OT,53,20.1138,-0.1286,0.2834,1.0601,-1.1423,decelerating,0,1,19.0806
200042,OT,54,20.3772,-0.0407,0.3634,0.9519,-1.2294,decelerating,0,0,19.4617
200042,OT,55,20.5868,0.0484,0.4434,0.8386,-1.3216,decelerating,0,0,19.7956
200042,OT,56,20.7443,0.1307,0.5234,0.7204,-1.4190,decelerating,0,0,20.0838
200042,OT,57,20.8524,0.1986,0.6034,0.5972,-1.5213,constant_velocity,0,0,20.3281
200042,OT,58,20.9163,0.2430,0.6131,0.4691,-1.6286,constant_velocity,0,0,20.5327
200042,OT,59,20.9394,0.2583,0.5331,0.3409,-1.7361,constant_velocity,0,0,20.6949
200042,OT,60,20.9197,0.2481,0.4531,0.2127,-1.8436,constant_velocity,0,0,20.8124
200042,OT,61,20.8534,0.2194,0.3731,0.0845,-1.9511,constant_velocity,0,0,20.8821
200042,OT,62,20.7378,0.1798,0.2931,-0.0437,-2.0584,constant_velocity,0,1,20.9018
200042,OT,63,20.5881,0.1391,0.2389,-0.1721,-2.1657,constant_velocity,0,0,20.8878
200042,OT,64,20.4447,0.1021,0.2662,-0.3005,-2.2730,constant_velocity,0,0,20.8807
200042,OT,65,20.3320,0.0667,0.3462,-0.4290,-2.3803,turn_left,0,0,20.9047
200042,OT,66,20.2499,0.0335,0.4262,-0.5542,-2.4915,turn_left,0,0,20.9568
200042,OT,67,20.1932,0.0051,0.5062,-0.6761,-2.6064,turn_left,0,0,21.0320
200042,OT,68,20.1546,-0.0182,0.5862,-0.7944,-2.7250,turn_left,0,0,21.1232
200042,OT,69,20.1290,-0.0366,0.6662,-0.9091,-2.8470,constant_velocity,0,1,21.2250
200042,OT,70,20.1128,-0.0503,0.7462,-1.0238,-2.9691,constant_velocity,0,0,21.3372
200042,OT,71,20.1035,-0.0596,0.8262,-1.1386,-3.0913,constant_velocity,0,1,21.4573
200042,OT,72,20.0988,-0.0651,0.9062,-1.2536,-3.2136,constant_velocity,0,0,21.5833
200042,OT,73,20.0973,-0.0672,0.9862,-1.3687,-3.3359,constant_velocity,0,0,21.7134
200042,OT,74,20.0977,-0.0665,1.0662,-1.4839,-3.4580,constant_velocity,0,1,21.8464
200042,OT,75,20.0991,-0.0635,1.1462,-1.5992,-3.5800,constant_velocity,0,1,21.9814
200042,OT,76,20.1011,-0.0587,1.2262,-1.7144,-3.7021,constant_velocity,0,0,22.1176
200042,OT,77,20.1030,-0.0525,1.3062,-1.8296,-3.8241,constant_velocity,0,0,22.2545
200042,OT,78,20.1047,-0.0452,1.3862,-1.9447,-3.9463,turn_right,0,0,22.3919
200042,OT,79,20.1058,-0.0371,1.4662,-2.0636,-4.0649,turn_right,0,1,22.5323
200042,OT,80,20.1064,-0.0286,1.5462,-2.1859,-4.1800,turn_right,0,1,22.6756
200042,OT,81,20.1063,-0.0197,1.6262,-2.3117,-4.2915,turn_right,0,1,22.8213
200042,OT,82,20.1054,-0.0107,1.7062,-2.4408,-4.3991,turn_right,0,0,22.9693
200042,OT,83,20.1038,-0.0018,1.7862,-2.5730,-4.5029,turn_right,0,1,23.1192
200042,OT,84,20.1015,0.0069,1.8662,-2.7082,-4.6026,turn_right,0,1,23.2709
200042,OT,85,20.0986,0.0154,1.9462,-2.8463,-4.6983,turn_right,0,0,23.4241
200042,OT,86,20.0950,0.0235,2.0262,-2.9873,-4.7897,turn_right,0,0,23.5788
200042,OT,87,20.0908,0.0312,2.1062,-3.1309,-4.8770,turn_right,0,0,23.7348
200042,OT,88,20.0862,0.0384,2.1862,-3.2770,-4.9599,turn_right,0,0,23.8918
200042,OT,89,20.0810,0.0451,2.2662,-3.4254,-5.0385,turn_right,0,0,24.0498
200042,OT,90,20.0754,0.0513,2.3462,-3.5762,-5.1126,turn_right,0,0,24.2088
200042,OT,91,20.0695,0.0569,2.4262,-3.7293,-5.1824,constant_velocity,0,0,24.3687
200042,OT,92,20.0632,0.0619,2.5062,-3.8825,-5.2521,decelerating,0,0,24.5283
200042,OT,93,20.0567,0.0663,2.5862,-4.0358,-5.3217,decelerating,0,0,24.6876
200042,OT,94,20.0499,0.0702,2.6662,-4.1940,-5.3964,decelerating,0,0,24.8526
200042,OT,95,20.0430,0.0734,2.7462,-4.3570,-5.4761,decelerating,0,0,25.0231
200042,OT,96,20.0360,0.0760,2.8262,-4.5249,-5.5610,turn_left,0,0,25.1995
200042,OT,97,20.0289,0.0780,2.9062,-4.6953,-5.6560,turn_left,0,0,25.3804
200042,OT,98,20.0218,0.0794,2.9862,-4.8628,-5.7560,turn_left,0,0,25.5596
200042,OT,99,20.0147,0.0802,3.0662,-5.0272,-5.8612,turn_left,0,0,25.7371
200042,OT,100,20.0076,0.0805,3.1462,-5.1885,-5.9713,turn_left,0,0,25.9127
200042,OT,101,20.0006,0.0802,3.2262,-5.3462,-6.0863,turn_left,0,0,26.0862
200042,OT,102,19.9938,0.0793,3.3062,-5.5003,-6.2061,turn_left,0,0,26.2575
200042,OT,103,19.9871,0.0779,3.3862,-5.6508,-6.3303,turn_left,0,0,26.4266
200042,OT,104,19.9807,0.0760,3.4662,-5.7974,-6.4589,turn_left,0,0,26.5936
200042,OT,105,19.9744,0.0737,3.5462,-5.9402,-6.5918,turn_left,0,0,26.7581
200042,OT,106,19.9685,0.0708,3.6262,-6.0787,-6.7290,turn_right,0,1,26.9201
200042,OT,107,19.9628,0.0676,3.7062,-6.2212,-6.8618,turn_right,0,1,27.0854
200042,OT,108,19.9575,0.0639,3.7862,-6.3676,-6.9902,turn_right,0,0,27.2538
200042,OT,109,19.9525,0.0598,3.8662,-6.5176,-7.1141,turn_right,0,0,27.4251
200042,OT,110,19.9479,0.0554,3.9462,-6.6713,-7.2335,turn_right,0,1,27.5991
200042,OT,111,19.9437,0.0507,4.0262,-6.8285,-7.3482,turn_right,0,1,27.7758
200042,OT,112,19.9399,0.0456,4.1062,-6.9890,-7.4582,turn_right,0,0,27.9549
200042,OT,113,19.9366,0.0404,4.1862,-7.1528,-7.5634,turn_right,0,0,28.1363
200042,OT,114,19.9337,0.0349,4.2662,-7.3198,-7.6637,turn_right,0,0,28.3199
200042,OT,115,19.9312,0.0292,4.3462,-7.4897,-7.7587,turn_right,0,0,28.5054
200042,OT,116,19.9293,0.0234,4.4262,-7.6623,-7.8486,turn_right,0,1,28.6926
200042,OT,117,19.9278,0.0174,4.5062,-7.8375,-7.9333,turn_right,0,0,28.8812
200042,OT,118,19.9268,0.0114,4.5862,-8.0150,-8.0127,turn_right,0,0,29.0711
200042,OT,119,19.9262,0.0054,4.6662,-8.1949,-8.0867,turn_left,0,1,29.2623
200042,OT,120,19.9262,-0.0007,4.7462,-8.3726,-8.1660,turn_left,0,0,29.4533
200042,OT,121,19.9266,-0.0067,4.8262,-8.5479,-8.2506,turn_left,0,0,29.6439
200042,OT,122,19.9276,-0.0126,4.9062,-8.7205,-8.3403,turn_left,0,0,29.8339
200042,OT,123,19.9289,-0.0185,4.9862,-8.8903,-8.4352,decelerating,0,0,30.0231
200042,OT,124,19.9308,-0.0241,5.0662,-9.0599,-8.5300,decelerating,0,1,30.2128
200042,OT,125,19.9331,-0.0296,5.1462,-9.2335,-8.6294,decelerating,0,0,30.4079
200042,OT,126,19.9358,-0.0349,5.2262,-9.4061,-8.7304,decelerating,0,0,30.6032
200042,OT,127,19.9389,-0.0400,5.3062,-9.5779,-8.8329,decelerating,0,0,30.7986
200042,OT,128,19.9424,-0.0447,5.3862,-9.7487,-8.9369,decelerating,0,1,30.9941
200042,OT,129,19.9463,-0.0492,5.4662,-9.9187,-9.0423,decelerating,0,1,31.1896
200042,OT,130,19.9505,-0.0533,5.5462,-10.0879,-9.1491,decelerating,0,0,31.3853
200042,OT,131,19.9550,-0.0571,5.6262,-10.2561,-9.2571,constant_velocity,0,0,31.5809
200042,OT,132,19.9598,-0.0605,5.7062,-10.4236,-9.3664,turn_left,0,0,31.7765
200042,OT,133,19.9648,-0.0635,5.7862,-10.5877,-9.4806,turn_left,0,0,31.9709
200042,OT,134,19.9700,-0.0661,5.8662,-10.7483,-9.5997,constant_velocity,0,1,32.1638
200042,OT,135,19.9755,-0.0682,5.9462,-10.9090,-9.7187,constant_velocity,0,1,32.3571
200042,OT,136,19.9811,-0.0699,6.0262,-11.0697,-9.8376,constant_velocity,0,0,32.5508
200042,OT,137,19.9868,-0.0712,6.1062,-11.2304,-9.9565,constant_velocity,0,0,32.7449
200042,OT,138,19.9925,-0.0720,6.1862,-11.3911,-10.0753,constant_velocity,0,0,32.9393
200042,OT,139,19.9983,-0.0723,6.2662,-11.5517,-10.1941,constant_velocity,0,0,33.1339
200042,OT,140,20.0041,-0.0722,6.3462,-11.7123,-10.3130,constant_velocity,0,0,33.3287
200042,OT,141,20.0099,-0.0716,6.4262,-11.8728,-10.4318,constant_velocity,0,0,33.5238
200042,OT,142,20.0156,-0.0705,6.5062,-12.0333,-10.5507,constant_velocity,0,0,33.7189
200042,OT,143,20.0212,-0.0690,6.5862,-12.1937,-10.6696,constant_velocity,0,0,33.9142
200042,OT,144,20.0267,-0.0671,6.6662,-12.3540,-10.7887,constant_velocity,0,1,34.1096
200042,OT,145,20.0320,-0.0647,6.7462,-12.5144,-10.9078,turn_left,0,0,34.3051
200042,OT,146,20.0370,-0.0619,6.8262,-12.6711,-11.0319,decelerating,0,1,34.4988
200042,OT,147,20.0419,-0.0587,6.9062,-12.8277,-11.1561,decelerating,0,0,34.6924
200042,OT,148,20.0464,-0.0551,6.9862,-12.9840,-11.2809,decelerating,0,1,34.8859
200042,OT,149,20.0507,-0.0512,7.0662,-13.1397,-11.4064,decelerating,0,1,35.0791
200042,OT_SH,0,0.0000,0.0000,0.0000,3.4292,0.4012,constant_velocity,0,0,3.4526
200042,OT_SH,1,0.0000,0.0000,0.0000,3.4207,0.4007,constant_velocity,0,0,3.4441
200042,OT_SH,2,0.0000,0.0000,0.0000,3.4122,0.4002,constant_velocity,0,0,3.4356
200042,OT_SH,3,0.0000,0.0000,0.0000,3.4038,0.3997,constant_velocity,0,0,3.4272
200042,OT_SH,4,0.0000,0.0000,0.0000,3.3954,0.3992,constant_velocity,0,0,3.4188
200042,OT_SH,5,0.1648,-0.0068,-0.0799,3.3871,0.3986,constant_velocity,0,0,3.2477
200042,OT_SH,6,0.1648,-0.0068,-0.0799,3.3788,0.3979,turn_right,0,0,3.2394
200042,OT_SH,7,0.3582,-0.0233,-0.0898,3.3706,0.3975,turn_right,0,0,3.0417
200042,OT_SH,8,0.5793,-0.0523,-0.1698,3.3623,0.3972,turn_right,0,0,2.8191
200042,OT_SH,9,0.8290,-0.0936,-0.1576,3.3540,0.3973,turn_right,0,0,2.5722
200042,OT_SH,10,1.1065,-0.1493,-0.2376,3.3456,0.3975,turn_right,0,0,2.3049
200042,OT_SH,11,1.1065,-0.1493,-0.2376,3.3373,0.3980,turn_right,0,0,2.2969
200042,OT_SH,12,1.1065,-0.1493,-0.2376,3.3290,0.3988,turn_right,0,0,2.2891
200042,OT_SH,13,1.4123,-0.2164,-0.1951,3.3209,0.3999,turn_right,0,0,2.0056
200042,OT_SH,14,1.7459,-0.2966,-0.2751,3.3127,0.4013,constant_velocity,0,0,1.7152
200042,OT_SH,15,1.7459,-0.2966,-0.2751,3.3044,0.4026,constant_velocity,0,0,1.7082
200042,OT_SH,16,1.7459,-0.2966,-0.2751,3.2961,0.4040,decelerating,0,0,1.7012
200042,OT_SH,17,1.7459,-0.2966,-0.2751,3.2878,0.4054,decelerating,0,0,1.6942
200042,OT_SH,18,2.1070,-0.3902,-0.2330,3.2744,0.4018,decelerating,0,0,1.4107
200042,OT_SH,19,2.4950,-0.4991,-0.3130,3.2559,0.3933,decelerating,0,0,1.1727
200042,OT_SH,20,2.9106,-0.6210,-0.2583,3.2324,0.3797,decelerating,0,0,1.0512
200042,OT_SH,21,3.3626,-0.7210,-0.1783,3.2039,0.3612,constant_velocity,0,0,1.0938
200042,OT_SH,22,3.8509,-0.7888,-0.0984,3.1706,0.3377,decelerating,0,0,1.3159
200042,OT_SH,23,4.3730,-0.8191,-0.0184,3.1373,0.3140,decelerating,0,0,1.6766
200042,OT_SH,24,4.9259,-0.8069,0.0616,3.0991,0.2854,turn_right,0,0,2.1284
200042,OT_SH,25,5.5087,-0.7945,-0.0184,3.0548,0.2531,turn_right,0,1,2.6681
200042,OT_SH,26,6.1215,-0.7811,0.0616,3.0095,0.2222,turn_right,0,0,3.2697
200042,OT_SH,27,6.7643,-0.7673,-0.0184,2.9633,0.1926,turn_right,0,0,3.9204
200042,OT_SH,28,7.4370,-0.7526,0.0616,2.9161,0.1644,turn_right,0,0,4.6130
200042,OT_SH,29,8.1398,-0.7375,-0.0180,2.8680,0.1377,decelerating,0,0,5.3439
200042,OT_SH,30,8.8725,-0.7212,0.0620,2.8199,0.1111,constant_velocity,0,0,6.1096
200042,OT_SH,31,9.6353,-0.7046,-0.0180,2.7666,0.0796,constant_velocity,0,0,6.9133
200042,OT_SH,32,10.4280,-0.6870,0.0620,2.7134,0.0481,constant_velocity,0,0,7.7495
200042,OT_SH,33,11.2507,-0.6690,-0.0178,2.6602,0.0168,constant_velocity,0,0,8.6178
200042,OT_SH,34,12.1033,-0.6499,0.0622,2.6071,-0.0147,constant_velocity,0,0,9.5175
200042,OT_SH,35,12.9860,-0.6305,-0.0178,2.5538,-0.0461,constant_velocity,0,0,10.4485
200042,OT_SH,36,13.8587,-0.6114,0.0622,2.5005,-0.0775,decelerating,0,1,11.3707
200042,OT_SH,37,14.6813,-0.5873,-0.0043,2.4472,-0.1089,decelerating,0,0,12.2434
200042,OT_SH,38,15.4537,-0.5601,0.0757,2.3889,-0.1452,decelerating,0,1,13.0714
200042,OT_SH,39,16.1731,-0.4876,0.1257,2.3255,-0.1864,decelerating,0,0,13.8509
200042,OT_SH,40,16.8392,-0.3911,0.1626,2.2570,-0.2328,decelerating,0,0,14.5831
200042,OT_SH,41,17.4495,-0.2660,0.2425,2.1835,-0.2844,decelerating,0,0,15.2660
200042,OT_SH,42,18.0107,-0.1505,0.1625,2.1050,-0.3411,constant_velocity,0,0,15.9069
200042,OT_SH,43,18.5297,-0.0862,0.0825,2.0215,-0.4026,decelerating,0,0,16.5113
200042,OT_SH,44,19.0023,-0.0658,0.0025,1.9380,-0.4640,decelerating,0,0,17.0689
200042,OT_SH,45,19.4250,-0.0813,-0.0775,1.8496,-0.5305,decelerating,0,0,17.5811
200042,OT_SH,46,19.7978,-0.0956,0.0025,1.7562,-0.6021,turn_right,0,0,18.0487
200042,OT_SH,47,20.1206,-0.0822,0.0825,1.6556,-0.6758,turn_left,0,0,18.4745
200042,OT_SH,48,20.3916,-0.0492,0.1625,1.5573,-0.7525,constant_velocity,0,0,18.8475
200042,OT_SH,49,20.6102,-0.0046,0.2425,1.4588,-0.8294,constant_velocity,0,0,19.1692
200042,OT_SH,50,20.7765,0.0433,0.3225,1.3603,-0.9064,constant_velocity,0,0,19.4395
200042,OT_SH,51,20.8918,0.0867,0.4025,1.2618,-0.9833,decelerating,0,1,19.6591
200042,OT_SH,52,20.9585,0.1167,0.4486,1.1634,-1.0603,decelerating,0,1,19.8300
200042,OT_SH,53,20.9796,0.1262,0.3686,1.0601,-1.1423,decelerating,0,0,19.9598
200042,OT_SH,54,20.9541,0.1179,0.2886,0.9519,-1.2294,decelerating,0,0,20.0475
200042,OT_SH,55,20.8795,0.0993,0.2086,0.8386,-1.3216,decelerating,0,0,20.0913
200042,OT_SH,56,20.7545,0.0783,0.1286,0.7204,-1.4190,decelerating,0,0,20.0900
200042,OT_SH,57,20.5984,0.0599,0.1066,0.5972,-1.5213,constant_velocity,0,0,20.0635
200042,OT_SH,58,20.4519,0.0422,0.1352,0.4691,-1.6286,constant_velocity,0,0,20.0526
200042,OT_SH,59,20.3362,0.0219,0.2152,0.3409,-1.7361,constant_velocity,0,0,20.0724
200042,OT_SH,60,20.2509,-0.0001,0.2952,0.2127,-1.8436,constant_velocity,0,0,20.1228
200042,OT_SH,61,20.1913,-0.0207,0.3752,0.0845,-1.9511,constant_velocity,0,0,20.1993
200042,OT_SH,62,20.1503,-0.0387,0.4552,-0.0437,-2.0584,constant_velocity,0,0,20.2948
200042,OT_SH,63,20.1226,-0.0536,0.5352,-0.1721,-2.1657,constant_velocity,0,0,20.4043
200042,OT_SH,64,20.1050,-0.0649,0.6152,-0.3005,-2.2730,constant_velocity,0,0,20.5246
200042,OT_SH,65,20.0946,-0.0729,0.6952,-0.4290,-2.3803,turn_left,0,0,20.6529
200042,OT_SH,66,20.0893,-0.0776,0.7752,-0.5542,-2.4915,turn_left,0,0,20.7842
200042,OT_SH,67,20.0875,-0.0794,0.8552,-0.6761,-2.6064,turn_left,0,0,20.9168
200042,OT_SH,68,20.0880,-0.0788,0.9352,-0.7944,-2.7250,turn_left,0,0,21.0495
200042,OT_SH,69,20.0899,-0.0760,1.0152,-0.9091,-2.8470,constant_velocity,0,1,21.1811
200042,OT_SH,70,20.0925,-0.0715,1.0952,-1.0238,-2.9691,constant_velocity,0,1,21.3141
200042,OT_SH,71,20.0952,-0.0655,1.1752,-1.1386,-3.0913,constant_velocity,0,0,21.4483
200042,OT_SH,72,20.0978,-0.0585,1.2552,-1.2536,-3.2136,constant_velocity,0,0,21.5833
200042,OT_SH,73,20.1000,-0.0506,1.3352,-1.3687,-3.3359,constant_velocity,0,0,21.7187
200042,OT_SH,74,20.1017,-0.0422,1.4152,-1.4839,-3.4580,constant_velocity,0,0,21.8542
200042,OT_SH,75,20.1027,-0.0334,1.4952,-1.5992,-3.5800,constant_velocity,0,0,21.9898
200042,OT_SH,76,20.1031,-0.0244,1.5752,-1.7144,-3.7021,constant_velocity,0,0,22.1252
200042,OT_SH,77,20.1027,-0.0154,1.6552,-1.8296,-3.8241,constant_velocity,0,1,22.2605
200042,OT_SH,78,20.1015,-0.0064,1.7352,-1.9447,-3.9463,turn_right,0,1,22.3956
200042,OT_SH,79,20.0997,0.0024,1.8152,-2.0636,-4.0649,turn_right,0,1,22.5334
200042,OT_SH,80,20.0972,0.0109,1.8952,-2.1859,-4.1800,turn_right,0,1,22.6738
200042,OT_SH,81,20.0941,0.0191,1.9752,-2.3117,-4.2915,turn_right,0,1,22.8167
200042,OT_SH,82,20.0904,0.0268,2.0552,-2.4408,-4.3991,turn_right,0,1,22.9618
200042,OT_SH,83,20.0862,0.0342,2.1352,-2.5730,-4.5029,turn_right,0,0,23.1090
200042,OT_SH,84,20.0814,0.0410,2.2152,-2.7082,-4.6026,turn_right,0,0,23.2580
200042,OT_SH,85,20.0763,0.0473,2.2952,-2.8463,-4.6983,turn_right,0,0,23.4087
200042,OT_SH,86,20.0707,0.0531,2.3752,-2.9873,-4.7897,turn_right,0,0,23.5611
200042,OT_SH,87,20.0648,0.0584,2.4552,-3.1309,-4.8770,turn_right,0,0,23.7150
200042,OT_SH,88,20.0587,0.0630,2.5352,-3.2770,-4.9599,turn_right,0,0,23.8701
200042,OT_SH,89,20.0522,0.0671,2.6152,-3.4254,-5.0385,turn_right,0,0,24.0264
200042,OT_SH,90,20.0456,0.0706,2.6952,-3.5762,-5.1126,turn_right,0,0,24.1838
200042,OT_SH,91,20.0388,0.0735,2.7752,-3.7293,-5.1824,constant_velocity,0,0,24.3423
200042,OT_SH,92,20.0319,0.0759,2.8552,-3.8825,-5.2521,decelerating,0,1,24.5008
200042,OT_SH,93,20.0250,0.0776,2.9352,-4.0358,-5.3217,decelerating,0,1,24.6591
200042,OT_SH,94,20.0180,0.0788,3.0152,-4.1940,-5.3964,decelerating,0,0,24.8233
200042,OT_SH,95,20.0111,0.0794,3.0952,-4.3570,-5.4761,decelerating,0,0,24.9933
200042,OT_SH,96,20.0042,0.0794,3.1752,-4.5249,-5.5610,turn_left,0,0,25.1693
200042,OT_SH,97,19.9974,0.0789,3.2552,-4.6953,-5.6560,turn_left,0,0,25.3499
200042,OT_SH,98,19.9908,0.0779,3.3352,-4.8628,-5.7560,turn_left,0,0,25.5291
200042,OT_SH,99,19.9843,0.0764,3.4152,-5.0272,-5.8612,turn_left,0,0,25.7066
200042,OT_SH,100,19.9780,0.0743,3.4952,-5.1885,-5.9713,turn_left,0,0,25.8825
200042,OT_SH,101,19.9720,0.0718,3.5752,-5.3462,-6.0863,turn_left,0,0,26.0563
200042,OT_SH,102,19.9662,0.0689,3.6552,-5.5003,-6.2061,turn_left,0,0,26.2282
200042,OT_SH,103,19.9607,0.0655,3.7352,-5.6508,-6.3303,turn_left,0,0,26.3980
200042,OT_SH,104,19.9556,0.0617,3.8152,-5.7974,-6.4589,turn_left,0,0,26.5657
200042,OT_SH,105,19.9508,0.0576,3.8952,-5.9402,-6.5918,turn_left,0,0,26.7312
200042,OT_SH,106,19.9464,0.0531,3.9752,-6.0787,-6.7290,turn_right,0,1,26.8943
200042,OT_SH,107,19.9424,0.0483,4.0552,-6.2212,-6.8618,turn_right,0,1,27.0607
200042,OT_SH,108,19.9388,0.0432,4.1352,-6.3676,-6.9902,turn_right,0,1,27.2304
200042,OT_SH,109,19.9356,0.0379,4.2152,-6.5176,-7.1141,turn_right,0,0,27.4031
200042,OT_SH,110,19.9329,0.0324,4.2952,-6.6713,-7.2335,turn_right,0,1,27.5786
200042,OT_SH,111,19.9307,0.0267,4.3752,-6.8285,-7.3482,turn_right,0,1,27.7568
200042,OT_SH,112,19.9289,0.0209,4.4552,-6.9890,-7.4582,turn_right,0,0,27.9376
200042,OT_SH,113,19.9276,0.0149,4.5352,-7.1528,-7.5634,turn_right,0,0,28.1208
200042,OT_SH,114,19.9267,0.0090,4.6152,-7.3198,-7.6637,turn_right,0,1,28.3062
200042,OT_SH,115,19.9264,0.0029,4.6952,-7.4897,-7.7587,turn_right,0,0,28.4936
200042,OT_SH,116,19.9265,-0.0031,4.7752,-7.6623,-7.8486,turn_right,0,0,28.6827
200042,OT_SH,117,19.9271,-0.0090,4.8552,-7.8375,-7.9333,turn_right,0,0,28.8734
200042,OT_SH,118,19.9282,-0.0149,4.9352,-8.0150,-8.0127,turn_right,0,0,29.0653
200042,OT_SH,119,19.9298,-0.0206,5.0152,-8.1949,-8.0867,turn_left,0,0,29.2585
200042,OT_SH,120,19.9318,-0.0262,5.0952,-8.3726,-8.1660,turn_left,0,0,29.4516
200042,OT_SH,121,19.9342,-0.0316,5.1752,-8.5479,-8.2506,turn_left,0,0,29.6442
200042,OT_SH,122,19.9371,-0.0368,5.2552,-8.7205,-8.3403,turn_left,0,0,29.8362
200042,OT_SH,123,19.9403,-0.0417,5.3352,-8.8903,-8.4352,decelerating,0,0,30.0275
200042,OT_SH,124,19.9439,-0.0464,5.4152,-9.0599,-8.5300,decelerating,0,1,30.2191
200042,OT_SH,125,19.9479,-0.0507,5.4952,-9.2335,-8.6294,decelerating,0,0,30.4162
200042,OT_SH,126,19.9522,-0.0547,5.5752,-9.4061,-8.7304,decelerating,0,0,30.6134
200042,OT_SH,127,19.9568,-0.0583,5.6552,-9.5779,-8.8329,decelerating,0,0,30.8106
200042,OT_SH,128,19.9617,-0.0616,5.7352,-9.7487,-8.9369,decelerating,0,0,31.0078
200042,OT_SH,129,19.9668,-0.0644,5.8152,-9.9187,-9.0423,decelerating,0,0,31.2049
200042,OT_SH,130,19.9721,-0.0668,5.8952,-10.0879,-9.1491,decelerating,0,0,31.4020
200042,OT_SH,131,19.9776,-0.0688,5.9752,-10.2561,-9.2571,constant_velocity,0,0,31.5991
200042,OT_SH,132,19.9832,-0.0704,6.0552,-10.4236,-9.3664,turn_left,0,0,31.7960
200042,OT_SH,133,19.9889,-0.0715,6.1352,-10.5877,-9.4806,turn_left,0,0,31.9916
200042,OT_SH,134,19.9947,-0.0721,6.2152,-10.7483,-9.5997,constant_velocity,0,1,32.1855
200042,OT_SH,135,20.0005,-0.0723,6.2952,-10.9090,-9.7187,constant_velocity,0,0,32.3798
200042,OT_SH,136,20.0063,-0.0719,6.3752,-11.0697,-9.8376,constant_velocity,0,0,32.5743
200042,OT_SH,137,20.0120,-0.0712,6.4552,-11.2304,-9.9565,constant_velocity,0,0,32.7690
200042,OT_SH,138,20.0177,-0.0700,6.5352,-11.3911,-10.0753,constant_velocity,0,0,32.9639
200042,OT_SH,139,20.0233,-0.0683,6.6152,-11.5517,-10.1941,constant_velocity,0,1,33.1588
200042,OT_SH,140,20.0286,-0.0662,6.6952,-11.7123,-10.3130,constant_velocity,0,0,33.3539
200042,OT_SH,141,20.0338,-0.0637,6.7752,-11.8728,-10.4318,constant_velocity,0,0,33.5490
200042,OT_SH,142,20.0388,-0.0607,6.8552,-12.0333,-10.5507,constant_velocity,0,0,33.7440
200042,OT_SH,143,20.0436,-0.0574,6.9352,-12.1937,-10.6696,constant_velocity,0,0,33.9390
200042,OT_SH,144,20.0480,-0.0537,7.0152,-12.3540,-10.7887,constant_velocity,0,0,34.1340
200042,OT_SH,145,20.0522,-0.0497,7.0952,-12.5144,-10.9078,turn_left,0,0,34.3290
200042,OT_SH,146,20.0560,-0.0454,7.1752,-12.6711,-11.0319,decelerating,0,1,34.5219
200042,OT_SH,147,20.0594,-0.0407,7.2552,-12.8277,-11.1561,decelerating,0,0,34.7148
200042,OT_SH,148,20.0625,-0.0358,7.3352,-12.9840,-11.2809,decelerating,0,0,34.9073
200042,OT_SH,149,20.0651,-0.0307,7.4152,-13.1397,-11.4064,decelerating,0,1,35.0994
200117,Base,0,0.0000,0.0000,0.0000,3.3456,0.3553,constant_velocity,0,0,3.3644
200117,Base,1,0.1648,-0.0068,-0.0800,3.3424,0.3632,turn_right,0,1,3.1991
200117,Base,2,0.1648,-0.0068,-0.0800,3.3395,0.3712,turn_right,0,1,3.1971
200117,Base,3,0.1648,-0.0068,-0.0800,3.3367,0.3796,turn_right,0,0,3.1954
200117,Base,4,0.1648,-0.0068,-0.0800,3.3342,0.3881,turn_right,0,0,3.1939
200117,Base,5,0.1648,-0.0068,-0.0800,3.3321,0.3968,turn_right,0,0,3.1929
200117,Base,6,0.3593,-0.0197,-0.0527,3.3302,0.4054,turn_right,0,0,3.0011
200117,Base,7,0.5833,-0.0407,-0.1327,3.3286,0.4141,turn_right,0,0,2.7827
200117,Base,8,0.8363,-0.0723,-0.1164,3.3273,0.4230,turn_right,0,0,2.5398
200117,Base,9,1.1177,-0.1169,-0.1964,3.3264,0.4321,turn_right,0,0,2.2759
200117,Base,10,1.1177,-0.1169,-0.1964,3.3256,0.4410,turn_right,0,0,2.2773
200117,Base,11,1.4278,-0.1718,-0.1546,3.3250,0.4500,turn_right,0,0,1.9965
200117,Base,12,1.7661,-0.2386,-0.2346,3.3245,0.4590,turn_right,0,0,1.7075
200117,Base,13,1.7661,-0.2386,-0.2346,3.3243,0.4681,turn_right,0,0,1.7110
200117,Base,14,1.7661,-0.2386,-0.2346,3.3242,0.4771,turn_right,0,0,1.7147
200117,Base,15,1.7661,-0.2386,-0.2346,3.3244,0.4861,turn_right,0,0,1.7186
200117,Base,16,2.1326,-0.3180,-0.1925,3.3249,0.4951,turn_left,0,0,1.4432
200117,Base,17,2.5265,-0.4114,-0.2725,3.3251,0.5041,turn_right,0,0,1.2149
200117,Base,18,2.9497,-0.5114,-0.1925,3.3255,0.5131,turn_right,0,0,1.0912
200117,Base,19,3.4091,-0.5820,-0.1132,3.3263,0.5218,turn_right,0,0,1.1069
200117,Base,20,3.9026,-0.6180,-0.0332,3.3275,0.5305,turn_right,0,0,1.2844
200117,Base,21,4.4271,-0.6408,-0.0534,3.3291,0.5391,decelerating,0,0,1.6117
200117,Base,22,4.9818,-0.6480,0.0266,3.3307,0.5477,turn_left,0,0,2.0387
200117,Base,23,5.5665,-0.6560,-0.0531,3.3272,0.5512,turn_left,0,1,2.5440
200117,Base,24,6.1812,-0.6639,0.0269,3.3238,0.5545,turn_left,0,0,3.1063
200117,Base,25,6.8258,-0.6725,-0.0529,3.3203,0.5576,turn_left,0,0,3.7151
200117,Base,26,7.5004,-0.6810,0.0271,3.3167,0.5605,decelerating,0,0,4.3640
200117,Base,27,8.2050,-0.6902,-0.0529,3.3131,0.5634,decelerating,0,1,5.0500
200117,Base,28,8.9396,-0.6995,0.0271,3.3043,0.5613,turn_right,0,0,5.7746
200117,Base,29,9.7042,-0.7095,-0.0528,3.2905,0.5546,turn_right,0,0,6.5371
200117,Base,30,10.4987,-0.7195,0.0272,3.2764,0.5481,turn_right,0,0,7.3327
200117,Base,31,11.3235,-0.7214,-0.0316,3.2622,0.5421,constant_velocity,0,0,8.1597
200117,Base,32,12.1780,-0.7140,0.0484,3.2480,0.5361,constant_velocity,0,1,9.0171
200117,Base,33,13.0626,-0.7067,-0.0316,3.2339,0.5302,turn_left,0,0,9.9062
200117,Base,34,13.9372,-0.6997,0.0484,3.2199,0.5240,turn_left,0,0,10.7869
200117,Base,35,14.7592,-0.6331,0.1138,3.2060,0.5172,turn_left,0,0,11.6103
200117,Base,36,15.5317,-0.5756,0.0339,3.1921,0.5099,constant_velocity,0,1,12.3872
200117,Base,37,16.2548,-0.5281,0.0981,3.1781,0.5026,turn_left,0,0,13.1172
200117,Base,38,16.9235,-0.4384,0.1692,3.1642,0.4948,turn_left,0,0,13.7909
200117,Base,39,17.5347,-0.3090,0.2492,3.1504,0.4867,turn_left,0,0,14.4062
200117,Base,40,18.0856,-0.1455,0.3291,3.1369,0.4781,turn_left,0,0,14.9617
200117,Base,41,18.5884,0.0044,0.2491,3.1235,0.4692,turn_left,0,0,15.4719
200117,Base,42,19.0527,0.1033,0.1691,3.1103,0.4599,turn_left,0,0,15.9464
200117,Base,43,19.4739,0.1583,0.0891,3.0975,0.4503,turn_left,0,0,16.3789
200117,Base,44,19.8482,0.1770,0.0091,3.0851,0.4402,turn_left,0,0,16.7652
200117,Base,45,20.1728,0.1673,-0.0709,3.0729,0.4298,turn_left,0,0,17.1019
200117,Base,46,20.4459,0.1372,-0.1509,3.0611,0.4189,turn_left,0,0,17.3871
200117,Base,47,20.6667,0.0949,-0.2309,3.0495,0.4076,turn_left,0,1,17.6199
200117,Base,48,20.8352,0.0484,-0.3109,3.0384,0.3960,turn_left,0,0,17.8002
200117,Base,49,20.9526,0.0058,-0.3909,3.0277,0.3842,decelerating,0,0,17.9288
200117,Base,50,21.0222,-0.0217,-0.3567,3.0171,0.3724,decelerating,0,0,18.0095
200117,Base,51,21.0457,-0.0297,-0.2767,3.0015,0.3556,constant_velocity,0,1,18.0484
200117,Base,52,21.0212,-0.0242,-0.1967,2.9810,0.3338,decelerating,0,1,18.0437
200117,Base,53,20.9470,-0.0128,-0.1167,2.9606,0.3118,decelerating,0,0,17.9893
200117,Base,54,20.8222,-0.0035,-0.0367,2.9352,0.2848,decelerating,0,1,17.8894
200117,Base,55,20.6603,-0.0001,-0.0062,2.9047,0.2526,decelerating,0,1,17.7574
200117,Base,56,20.5015,0.0015,-0.0142,2.8692,0.2154,decelerating,0,0,17.6336
200117,Base,57,20.3729,0.0082,-0.0934,2.8289,0.1731,decelerating,0,1,17.5448
200117,Base,58,20.2749,0.0211,-0.1734,2.7837,0.1258,decelerating,0,0,17.4916
200117,Base,59,20.2055,0.0360,-0.2534,2.7336,0.0736,decelerating,0,1,17.4720
200117,Base,60,20.1577,0.0503,-0.3334,2.6785,0.0164,decelerating,0,1,17.4792
200117,Base,61,20.1248,0.0631,-0.4134,2.6184,-0.0458,decelerating,0,1,17.5067
200117,Base,62,20.1032,0.0736,-0.4934,2.5533,-0.1129,decelerating,0,1,17.5509
200117,Base,63,20.0900,0.0813,-0.5734,2.4832,-0.1851,decelerating,0,0,17.6088
200117,Base,64,20.0828,0.0863,-0.6534,2.4082,-0.2624,turn_left,0,0,17.6781
200117,Base,65,20.0799,0.0887,-0.7334,2.3306,-0.3471,turn_left,0,0,17.7546
200117,Base,66,20.0799,0.0887,-0.8134,2.2556,-0.4340,turn_left,0,0,17.8319
200117,Base,67,20.0817,0.0866,-0.8934,2.1835,-0.5230,turn_left,0,0,17.9086
200117,Base,68,20.0845,0.0828,-0.9734,2.1140,-0.6141,turn_left,0,0,17.9840
200117,Base,69,20.0878,0.0774,-1.0534,2.0473,-0.7072,turn_left,0,0,18.0576
200117,Base,70,20.0912,0.0709,-1.1334,1.9833,-0.8023,turn_left,0,0,18.1289
200117,Base,71,20.0943,0.0635,-1.2134,1.9222,-0.8994,turn_left,0,0,18.1976
200117,Base,72,20.0970,0.0553,-1.2934,1.8640,-0.9983,turn_left,0,0,18.2634
200117,Base,73,20.0991,0.0467,-1.3734,1.8088,-1.0989,constant_velocity,0,0,18.3261
200117,Base,74,20.1005,0.0377,-1.4534,1.7535,-1.1994,constant_velocity,0,0,18.3887
200117,Base,75,20.1012,0.0286,-1.5334,1.6981,-1.2999,constant_velocity,0,1,18.4510
200117,Base,76,20.1012,0.0195,-1.6134,1.6426,-1.4003,constant_velocity,0,0,18.5131
200117,Base,77,20.1004,0.0105,-1.6934,1.5871,-1.5008,constant_velocity,0,1,18.5750
200117,Base,78,20.0990,0.0016,-1.7734,1.5314,-1.6013,constant_velocity,0,1,18.6366
200117,Base,79,20.0969,-0.0070,-1.8534,1.4758,-1.7018,constant_velocity,0,1,18.6980
200117,Base,80,20.0941,-0.0153,-1.9334,1.4202,-1.8024,constant_velocity,0,1,18.7592
200117,Base,81,20.0907,-0.0231,-2.0134,1.3645,-1.9030,turn_right,0,1,18.8204
200117,Base,82,20.0868,-0.0306,-2.0934,1.3059,-2.0022,turn_right,0,1,18.8842
200117,Base,83,20.0824,-0.0376,-2.1734,1.2443,-2.0996,turn_right,0,1,18.9506
200117,Base,84,20.0776,-0.0441,-2.2534,1.1799,-2.1952,turn_right,0,0,19.0197
200117,Base,85,20.0723,-0.0501,-2.3334,1.1125,-2.2888,turn_right,0,0,19.0915
200117,Base,86,20.0667,-0.0555,-2.4134,1.0423,-2.3804,turn_left,0,0,19.1659
200117,Base,87,20.0607,-0.0604,-2.4934,0.9748,-2.4741,turn_left,0,0,19.2379
200117,Base,88,20.0545,-0.0647,-2.5734,0.9101,-2.5698,turn_left,0,0,19.3076
200117,Base,89,20.0481,-0.0685,-2.6534,0.8483,-2.6674,constant_velocity,0,0,19.3748
200117,Base,90,20.0415,-0.0717,-2.7334,0.7866,-2.7651,constant_velocity,0,0,19.4423
200117,Base,91,20.0347,-0.0743,-2.8134,0.7248,-2.8628,turn_left,0,0,19.5102
200117,Base,92,20.0279,-0.0763,-2.8934,0.6659,-2.9623,turn_left,0,0,19.5759
200117,Base,93,20.0210,-0.0777,-2.9734,0.6099,-3.0636,turn_right,0,0,19.6394
200117,Base,94,20.0142,-0.0786,-3.0534,0.5509,-3.1632,turn_right,0,0,19.7062
200117,Base,95,20.0073,-0.0790,-3.1334,0.4889,-3.2609,turn_right,0,0,19.7761
200117,Base,96,20.0005,-0.0788,-3.2134,0.4241,-3.3567,turn_right,0,1,19.8490
200117,Base,97,19.9939,-0.0780,-3.2934,0.3566,-3.4505,turn_right,0,1,19.9248
200117,Base,98,19.9874,-0.0767,-3.3734,0.2863,-3.5423,turn_right,0,1,20.0036
200117,Base,99,19.9810,-0.0750,-3.4534,0.2133,-3.6319,turn_right,0,0,20.0852
200117,Base,100,19.9749,-0.0727,-3.5334,0.1377,-3.7192,decelerating,0,1,20.1696
200117,Base,101,19.9691,-0.0700,-3.6134,0.0622,-3.8064,decelerating,0,1,20.2545
200117,Base,102,19.9635,-0.0669,-3.6934,-0.0183,-3.8987,decelerating,0,1,20.3459
200117,Base,103,19.9582,-0.0633,-3.7734,-0.1037,-3.9960,decelerating,0,0,20.4437
200117,Base,104,19.9533,-0.0594,-3.8534,-0.1938,-4.0982,turn_right,0,1,20.5479
200117,Base,105,19.9487,-0.0551,-3.9334,-0.2918,-4.2025,turn_right,0,0,20.6610
200117,Base,106,19.9445,-0.0505,-4.0134,-0.3928,-4.3038,turn_right,0,1,20.7773
200117,Base,107,19.9407,-0.0456,-4.0934,-0.4969,-4.4020,turn_right,0,1,20.8967
200117,Base,108,19.9373,-0.0405,-4.1734,-0.6038,-4.4968,turn_right,0,1,21.0189
200117,Base,109,19.9344,-0.0351,-4.2534,-0.7134,-4.5881,turn_right,0,1,21.1438
200117,Base,110,19.9319,-0.0295,-4.3334,-0.8256,-4.6762,turn_right,0,1,21.2712
200117,Base,111,19.9299,-0.0237,-4.4134,-0.9404,-4.7608,turn_right,0,1,21.4011
200117,Base,112,19.9283,-0.0179,-4.4934,-1.0576,-4.8418,turn_right,0,0,21.5332
200117,Base,113,19.9272,-0.0119,-4.5734,-1.1772,-4.9193,turn_right,0,0,21.6674
200117,Base,114,19.9266,-0.0060,-4.6534,-1.2991,-4.9931,turn_right,0,0,21.8037
200117,Base,115,19.9265,0.0000,-4.7334,-1.4231,-5.0632,turn_left,0,0,21.9418
200117,Base,116,19.9269,0.0060,-4.8134,-1.5448,-5.1370,turn_left,0,0,22.0790
200117,Base,117,19.9277,0.0119,-4.8934,-1.6642,-5.2144,decelerating,0,0,22.2155
200117,Base,118,19.9290,0.0177,-4.9734,-1.7837,-5.2918,decelerating,0,1,22.3524
200117,Base,119,19.9308,0.0234,-5.0534,-1.9081,-5.3741,constant_velocity,0,1,22.4960
200117,Base,120,19.9330,0.0289,-5.1334,-2.0375,-5.4613,constant_velocity,0,1,22.6461
200117,Base,121,19.9356,0.0342,-5.2134,-2.1668,-5.5486,constant_velocity,0,0,22.7966
200117,Base,122,19.9386,0.0392,-5.2934,-2.2960,-5.6360,constant_velocity,0,0,22.9475
200117,Base,123,19.9421,0.0440,-5.3734,-2.4252,-5.7233,turn_left,0,0,23.0988
200117,Base,124,19.9459,0.0485,-5.4534,-2.5518,-5.8145,turn_left,0,0,23.2490
200117,Base,125,19.9500,0.0527,-5.5334,-2.6756,-5.9094,turn_left,0,0,23.3979
200117,Base,126,19.9544,0.0565,-5.6134,-2.7965,-6.0081,turn_left,0,0,23.5454
200117,Base,127,19.9592,0.0599,-5.6934,-2.9143,-6.1104,turn_left,0,0,23.6911
200117,Base,128,19.9641,0.0630,-5.7734,-3.0290,-6.2161,turn_left,0,0,23.8351
200117,Base,129,19.9693,0.0656,-5.8534,-3.1404,-6.3252,turn_right,0,1,23.9771
200117,Base,130,19.9747,0.0678,-5.9334,-3.2549,-6.4309,turn_right,0,1,24.1215
200117,Base,131,19.9803,0.0696,-6.0134,-3.3725,-6.5330,turn_right,0,1,24.2682
200117,Base,132,19.9859,0.0709,-6.0934,-3.4931,-6.6315,turn_right,0,1,24.4170
200117,Base,133,19.9917,0.0718,-6.1734,-3.6166,-6.7262,turn_right,0,1,24.5675
200117,Base,134,19.9975,0.0722,-6.2534,-3.7427,-6.8172,turn_right,0,1,24.7197
200117,Base,135,20.0033,0.0721,-6.3334,-3.8716,-6.9044,turn_right,0,0,24.8733
200117,Base,136,20.0091,0.0716,-6.4134,-4.0029,-6.9877,turn_right,0,0,25.0281
200117,Base,137,20.0148,0.0706,-6.4934,-4.1367,-7.0671,turn_right,0,1,25.1841
200117,Base,138,20.0204,0.0692,-6.5734,-4.2729,-7.1425,turn_right,0,1,25.3411
200117,Base,139,20.0259,0.0673,-6.6534,-4.4113,-7.2139,turn_right,0,0,25.4989
200117,Base,140,20.0312,0.0650,-6.7334,-4.5518,-7.2810,decelerating,0,0,25.6571
200117,Base,141,20.0363,0.0623,-6.8134,-4.6923,-7.3482,decelerating,0,0,25.8150
200117,Base,142,20.0411,0.0592,-6.8934,-4.8377,-7.4204,decelerating,0,0,25.9788
200117,Base,143,20.0457,0.0557,-6.9734,-4.9882,-7.4977,decelerating,0,0,26.1486
200117,Base,144,20.0500,0.0518,-7.0534,-5.1438,-7.5799,decelerating,0,0,26.3243
200117,Base,145,20.0540,0.0476,-7.1334,-5.3044,-7.6671,turn_left,0,0,26.5060
200117,Base,146,20.0576,0.0432,-7.2134,-5.4671,-7.7642,turn_left,0,0,26.6921
200117,Base,147,20.0609,0.0384,-7.2934,-5.6268,-7.8664,constant_velocity,0,0,26.8765
200117,Base,148,20.0638,0.0334,-7.3734,-5.7866,-7.9686,constant_velocity,0,0,27.0605
200117,Base,149,20.0662,0.0282,-7.4534,-5.9463,-8.0710,turn_left,0,0,27.2442
200117,OT,0,0.0000,0.0000,0.0000,3.3456,0.3553,constant_velocity,0,0,3.3644
200117,OT,1,0.0000,0.0000,0.0000,3.3424,0.3632,turn_right,0,0,3.3621
200117,OT,2,0.1648,-0.0068,-0.0800,3.3395,0.3712,turn_right,0,0,3.1971
200117,OT,3,0.1648,-0.0068,-0.0800,3.3367,0.3796,turn_right,0,0,3.1954
200117,OT,4,0.1648,-0.0068,-0.0800,3.3342,0.3881,turn_right,0,0,3.1940
200117,OT,5,0.1648,-0.0068,-0.0800,3.3321,0.3968,turn_right,0,0,3.1929
200117,OT,6,0.1648,-0.0068,-0.0800,3.3302,0.4054,turn_right,0,0,3.1921
200117,OT,7,0.1648,-0.0068,-0.0800,3.3286,0.4141,turn_right,0,0,3.1917
200117,OT,8,0.1648,-0.0068,-0.0800,3.3273,0.4230,turn_right,0,0,3.1916
200117,OT,9,0.1648,-0.0068,-0.0800,3.3264,0.4321,turn_right,0,0,3.1919
200117,OT,10,0.1648,-0.0068,-0.0800,3.3256,0.4410,turn_right,0,0,3.1924
200117,OT,11,0.1648,-0.0068,-0.0800,3.3250,0.4500,turn_right,0,0,3.1930
200117,OT,12,0.1648,-0.0068,-0.0800,3.3245,0.4590,turn_right,0,0,3.1939
200117,OT,13,0.1648,-0.0068,-0.0800,3.3243,0.4681,turn_right,0,0,3.1950
200117,OT,14,0.1648,-0.0068,-0.0800,3.3242,0.4771,turn_right,0,0,3.1963
200117,OT,15,0.1648,-0.0068,-0.0800,3.3244,0.4861,turn_right,0,0,3.1979
200117,OT,16,0.1648,-0.0068,-0.0800,3.3249,0.4951,turn_left,0,0,3.1997
200117,OT,17,0.1648,-0.0068,-0.0800,3.3251,0.5041,turn_right,0,0,3.2013
200117,OT,18,0.1648,-0.0068,-0.0800,3.3255,0.5131,turn_right,0,0,3.2032
200117,OT,19,0.1648,-0.0068,-0.0800,3.3263,0.5218,turn_right,0,0,3.2054
200117,OT,20,0.1648,-0.0068,-0.0800,3.3275,0.5305,turn_right,0,0,3.2081
200117,OT,21,0.1648,-0.0068,-0.0800,3.3291,0.5391,decelerating,0,0,3.2110
200117,OT,22,0.1648,-0.0068,-0.0800,3.3307,0.5477,turn_left,0,0,3.2141
200117,OT,23,0.1648,-0.0068,-0.0800,3.3272,0.5512,turn_left,0,1,3.2113
200117,OT,24,0.1648,-0.0068,-0.0800,3.3238,0.5545,turn_left,0,0,3.2084
200117,OT,25,0.1648,-0.0068,-0.0800,3.3203,0.5576,turn_left,0,0,3.2056
200117,OT,26,0.1648,-0.0068,-0.0800,3.3167,0.5605,decelerating,0,0,3.2026
200117,OT,27,0.1648,-0.0068,-0.0800,3.3131,0.5634,decelerating,0,0,3.1995
200117,OT,28,0.1648,-0.0068,-0.0800,3.3043,0.5613,turn_right,0,1,3.1905
200117,OT,29,0.1648,-0.0068,-0.0800,3.2905,0.5546,turn_right,0,0,3.1757
200117,OT,30,0.1648,-0.0068,-0.0800,3.2764,0.5481,turn_right,0,1,3.1607
200117,OT,31,0.1648,-0.0068,-0.0800,3.2622,0.5421,constant_velocity,0,1,3.1456
200117,OT,32,0.1648,-0.0068,-0.0800,3.2480,0.5361,constant_velocity,0,0,3.1307
200117,OT,33,0.1648,-0.0068,-0.0800,3.2339,0.5302,turn_left,0,0,3.1157
200117,OT,34,0.1648,-0.0068,-0.0800,3.2199,0.5240,turn_left,0,0,3.1008
200117,OT,35,0.1648,-0.0068,-0.0800,3.2060,0.5172,turn_left,0,0,3.0860
200117,OT,36,0.1648,-0.0068,-0.0800,3.1921,0.5099,constant_velocity,0,0,3.0711
200117,OT,37,0.1648,-0.0068,-0.0800,3.1781,0.5026,turn_left,0,0,3.0561
200117,OT,38,0.1648,-0.0068,-0.0800,3.1642,0.4948,turn_left,0,1,3.0411
200117,OT,39,0.1648,-0.0068,-0.0800,3.1504,0.4867,turn_left,0,0,3.0261
200117,OT,40,0.1648,-0.0068,-0.0800,3.1369,0.4781,turn_left,0,0,3.0114
200117,OT,41,0.1648,-0.0068,-0.0800,3.1235,0.4692,turn_left,0,0,2.9967
200117,OT,42,0.1648,-0.0068,-0.0800,3.1103,0.4599,turn_left,0,0,2.9823
200117,OT,43,0.1648,-0.0068,-0.0800,3.0975,0.4503,turn_left,0,0,2.9682
200117,OT,44,0.1648,-0.0068,-0.0800,3.0851,0.4402,turn_left,0,0,2.9543
200117,OT,45,0.1648,-0.0068,-0.0800,3.0729,0.4298,turn_left,0,0,2.9407
200117,OT,46,0.1648,-0.0068,-0.0800,3.0611,0.4189,turn_left,0,0,2.9274
200117,OT,47,0.1648,-0.0068,-0.0800,3.0495,0.4076,turn_left,0,0,2.9144
200117,OT,48,0.1648,-0.0068,-0.0800,3.0384,0.3960,turn_left,0,0,2.9017
200117,OT,49,0.1648,-0.0068,-0.0800,3.0277,0.3842,decelerating,0,0,2.8895
200117,OT,50,0.1648,-0.0068,-0.0800,3.0171,0.3724,decelerating,0,0,2.8774
200117,OT,51,0.1648,-0.0068,-0.0800,3.0015,0.3556,constant_velocity,0,1,2.8597
200117,OT,52,0.1648,-0.0068,-0.0800,2.9810,0.3338,decelerating,0,0,2.8368
200117,OT,53,0.1648,-0.0068,-0.0800,2.9606,0.3118,decelerating,0,0,2.8140
200117,OT,54,0.1648,-0.0068,-0.0800,2.9352,0.2848,decelerating,0,0,2.7857
200117,OT,55,0.1648,-0.0068,-0.0800,2.9047,0.2526,decelerating,0,0,2.7521
200117,OT,56,0.1648,-0.0068,-0.0800,2.8692,0.2154,decelerating,0,0,2.7135
200117,OT,57,0.1648,-0.0068,-0.0800,2.8289,0.1731,decelerating,0,0,2.6701
200117,OT,58,0.1648,-0.0068,-0.0800,2.7837,0.1258,decelerating,0,0,2.6222
200117,OT,59,0.1648,-0.0068,-0.0800,2.7336,0.0736,decelerating,0,0,2.5700
200117,OT,60,0.1648,-0.0068,-0.0800,2.6785,0.0164,decelerating,0,0,2.5138
200117,OT,61,0.1648,-0.0068,-0.0800,2.6184,-0.0458,decelerating,0,0,2.4539
200117,OT,62,0.1648,-0.0068,-0.0800,2.5533,-0.1129,decelerating,0,0,2.3908
200117,OT,63,0.1648,-0.0068,-0.0800,2.4832,-0.1851,decelerating,0,0,2.3252
200117,OT,64,0.1648,-0.0068,-0.0800,2.4082,-0.2624,turn_left,0,1,2.2579
200117,OT,65,0.1648,-0.0068,-0.0800,2.3306,-0.3471,turn_left,0,0,2.1924
200117,OT,66,0.1648,-0.0068,-0.0800,2.2556,-0.4340,turn_left,0,1,2.1341
200117,OT,67,0.1648,-0.0068,-0.0800,2.1835,-0.5230,turn_left,0,1,2.0836
200117,OT,68,0.1648,-0.0068,-0.0800,2.1140,-0.6141,turn_left,0,0,2.0416
200117,OT,69,0.1648,-0.0068,-0.0800,2.0473,-0.7072,turn_left,0,1,2.0086
200117,OT,70,0.1648,-0.0068,-0.0800,1.9833,-0.8023,turn_left,0,0,1.9849
200117,OT,71,0.1648,-0.0068,-0.0800,1.9222,-0.8994,turn_left,0,0,1.9711
200117,OT,72,0.1648,-0.0068,-0.0800,1.8640,-0.9983,turn_left,0,0,1.9673
200117,OT,73,0.1648,-0.0068,-0.0800,1.8088,-1.0989,constant_velocity,0,0,1.9737
200117,OT,74,0.1648,-0.0068,-0.0800,1.7535,-1.1994,constant_velocity,0,0,1.9866
200117,OT,75,0.1648,-0.0068,-0.0800,1.6981,-1.2999,constant_velocity,0,0,2.0058
200117,OT,76,0.1648,-0.0068,-0.0800,1.6426,-1.4003,constant_velocity,0,0,2.0313
200117,OT,77,0.1648,-0.0068,-0.0800,1.5871,-1.5008,constant_velocity,0,0,2.0628
200117,OT,78,0.1648,-0.0068,-0.0800,1.5314,-1.6013,constant_velocity,0,1,2.1001
200117,OT,79,0.1648,-0.0068,-0.0800,1.4758,-1.7018,constant_velocity,0,0,2.1429
200117,OT,80,0.1648,-0.0068,-0.0800,1.4202,-1.8024,constant_velocity,0,0,2.1909
200117,OT,81,0.1648,-0.0068,-0.0800,1.3645,-1.9030,turn_right,0,0,2.2439
200117,OT,82,0.1648,-0.0068,-0.0800,1.3059,-2.0022,turn_right,0,0,2.2986
200117,OT,83,0.1648,-0.0068,-0.0800,1.2443,-2.0996,turn_right,0,0,2.3548
200117,OT,84,0.1648,-0.0068,-0.0800,1.1799,-2.1952,turn_right,0,0,2.4123
200117,OT,85,0.1648,-0.0068,-0.0800,1.1125,-2.2888,turn_right,0,0,2.4710
200117,OT,86,0.1648,-0.0068,-0.0800,1.0423,-2.3804,turn_left,0,1,2.5307
200117,OT,87,0.1648,-0.0068,-0.0800,0.9748,-2.4741,turn_left,0,1,2.5969
200117,OT,88,0.1648,-0.0068,-0.0800,0.9101,-2.5698,turn_left,0,0,2.6691
200117,OT,89,0.1648,-0.0068,-0.0800,0.8483,-2.6674,constant_velocity,0,0,2.7470
200117,OT,90,0.1648,-0.0068,-0.0800,0.7866,-2.7651,constant_velocity,0,0,2.8275
200117,OT,91,0.1648,-0.0068,-0.0800,0.7248,-2.8628,turn_left,0,1,2.9104
200117,OT,92,0.1648,-0.0068,-0.0800,0.6659,-2.9623,turn_left,0,1,2.9977
200117,OT,93,0.1648,-0.0068,-0.0800,0.6099,-3.0636,turn_right,0,0,3.0890
200117,OT,94,0.1648,-0.0068,-0.0800,0.5509,-3.1632,turn_right,0,0,3.1799
200117,OT,95,0.1648,-0.0068,-0.0800,0.4889,-3.2609,turn_right,0,0,3.2702
200117,OT,96,0.1648,-0.0068,-0.0800,0.4241,-3.3567,turn_right,0,0,3.3599
200117,OT,97,0.1648,-0.0068,-0.0800,0.3566,-3.4505,turn_right,0,0,3.4491
200117,OT,98,0.1648,-0.0068,-0.0800,0.2863,-3.5423,turn_right,0,0,3.5376
200117,OT,99,0.1648,-0.0068,-0.0800,0.2133,-3.6319,turn_right,0,0,3.6255
200117,OT,100,0.1648,-0.0068,-0.0800,0.1377,-3.7192,decelerating,0,1,3.7125
200117,OT,101,0.1648,-0.0068,-0.0800,0.0622,-3.8064,decelerating,0,1,3.8010
200117,OT,102,0.1648,-0.0068,-0.0800,-0.0183,-3.8987,decelerating,0,0,3.8962
200117,OT,103,0.1648,-0.0068,-0.0800,-0.1037,-3.9960,decelerating,0,1,3.9982
200117,OT,104,0.1648,-0.0068,-0.0800,-0.1938,-4.0982,turn_right,0,0,4.1071
200117,OT,105,0.1648,-0.0068,-0.0800,-0.2918,-4.2025,turn_right,0,0,4.2205
200117,OT,106,0.1648,-0.0068,-0.0800,-0.3928,-4.3038,turn_right,0,0,4.3331
200117,OT,107,0.1648,-0.0068,-0.0800,-0.4969,-4.4020,turn_right,0,0,4.4447
200117,OT,108,0.1648,-0.0068,-0.0800,-0.6038,-4.4968,turn_right,0,0,4.5553
200117,OT,109,0.1648,-0.0068,-0.0800,-0.7134,-4.5881,turn_right,0,0,4.6648
200117,OT,110,0.1648,-0.0068,-0.0800,-0.8256,-4.6762,turn_right,0,0,4.7733
200117,OT,111,0.1648,-0.0068,-0.0800,-0.9404,-4.7608,turn_right,0,0,4.8807
200117,OT,112,0.1648,-0.0068,-0.0800,-1.0576,-4.8418,turn_right,0,0,4.9871
200117,OT,113,0.1648,-0.0068,-0.0800,-1.1772,-4.9193,turn_right,0,0,5.0925
200117,OT,114,0.1648,-0.0068,-0.0800,-1.2991,-4.9931,turn_right,0,0,5.1967
200117,OT,115,0.1648,-0.0068,-0.0800,-1.4231,-5.0632,turn_left,0,1,5.2998
200117,OT,116,0.1648,-0.0068,-0.0800,-1.5448,-5.1370,turn_left,0,1,5.4075
200117,OT,117,0.1648,-0.0068,-0.0800,-1.6642,-5.2144,decelerating,0,1,5.5195
200117,OT,118,0.1648,-0.0068,-0.0800,-1.7837,-5.2918,decelerating,0,1,5.6327
200117,OT,119,0.1648,-0.0068,-0.0800,-1.9081,-5.3741,constant_velocity,0,0,5.7537
200117,OT,120,0.1648,-0.0068,-0.0800,-2.0375,-5.4613,constant_velocity,0,0,5.8824
200117,OT,121,0.1648,-0.0068,-0.0800,-2.1668,-5.5486,constant_velocity,0,1,6.0124
200117,OT,122,0.1648,-0.0068,-0.0800,-2.2960,-5.6360,constant_velocity,0,0,6.1436
200117,OT,123,0.1648,-0.0068,-0.0800,-2.4252,-5.7233,turn_left,0,1,6.2759
200117,OT,124,0.1648,-0.0068,-0.0800,-2.5518,-5.8145,turn_left,0,0,6.4117
200117,OT,125,0.1648,-0.0068,-0.0800,-2.6756,-5.9094,turn_left,0,1,6.5505
200117,OT,126,0.1648,-0.0068,-0.0800,-2.7965,-6.0081,turn_left,0,1,6.6921
200117,OT,127,0.1648,-0.0068,-0.0800,-2.9143,-6.1104,turn_left,0,0,6.8363
200117,OT,128,0.1648,-0.0068,-0.0800,-3.0290,-6.2161,turn_left,0,1,6.9825
200117,OT,129,0.1648,-0.0068,-0.0800,-3.1404,-6.3252,turn_right,0,0,7.1307
200117,OT,130,0.1648,-0.0068,-0.0800,-3.2549,-6.4309,turn_right,0,0,7.2776
200117,OT,131,0.1648,-0.0068,-0.0800,-3.3725,-6.5330,turn_right,0,0,7.4232
200117,OT,132,0.1648,-0.0068,-0.0800,-3.4931,-6.6315,turn_right,0,0,7.5675
200117,OT,133,0.1648,-0.0068,-0.0800,-3.6166,-6.7262,turn_right,0,0,7.7103
200117,OT,134,0.1648,-0.0068,-0.0800,-3.7427,-6.8172,turn_right,0,0,7.8518
200117,OT,135,0.1648,-0.0068,-0.0800,-3.8716,-6.9044,turn_right,0,0,7.9918
200117,OT,136,0.1648,-0.0068,-0.0800,-4.0029,-6.9877,turn_right,0,0,8.1303
200117,OT,137,0.1648,-0.0068,-0.0800,-4.1367,-7.0671,turn_right,0,0,8.2674
200117,OT,138,0.1648,-0.0068,-0.0800,-4.2729,-7.1425,turn_right,0,0,8.4031
200117,OT,139,0.1648,-0.0068,-0.0800,-4.4113,-7.2139,turn_right,0,0,8.5372
200117,OT,140,0.1648,-0.0068,-0.0800,-4.5518,-7.2810,decelerating,0,1,8.6695
200117,OT,141,0.1648,-0.0068,-0.0800,-4.6923,-7.3482,decelerating,0,1,8.8027
200117,OT,142,0.1648,-0.0068,-0.0800,-4.8377,-7.4204,decelerating,0,1,8.9435
200117,OT,143,0.1648,-0.0068,-0.0800,-4.9882,-7.4977,decelerating,0,0,9.0921
200117,OT,144,0.1648,-0.0068,-0.0800,-5.1438,-7.5799,decelerating,0,1,9.2484
200117,OT,145,0.1648,-0.0068,-0.0800,-5.3044,-7.6671,turn_left,0,0,9.4123
200117,OT,146,0.1648,-0.0068,-0.0800,-5.4671,-7.7642,turn_left,0,1,9.5863
200117,OT,147,0.1648,-0.0068,-0.0800,-5.6268,-7.8664,constant_velocity,0,0,9.7630
200117,OT,148,0.1648,-0.0068,-0.0800,-5.7866,-7.9686,constant_velocity,0,0,9.9403
200117,OT,149,0.1648,-0.0068,-0.0800,-5.9463,-8.0710,turn_left,0,0,10.1181
200117,OT_SH,0,0.0000,0.0000,0.0000,3.3456,0.3553,constant_velocity,0,0,3.3644
200117,OT_SH,1,0.0000,0.0000,0.0000,3.3424,0.3632,turn_right,0,0,3.3621
200117,OT_SH,2,0.0000,0.0000,0.0000,3.3395,0.3712,turn_right,0,0,3.3600
200117,OT_SH,3,0.0000,0.0000,0.0000,3.3367,0.3796,turn_right,0,0,3.3583
200117,OT_SH,4,0.1648,-0.0068,-0.0800,3.3342,0.3881,turn_right,0,0,3.1939
200117,OT_SH,5,0.1648,-0.0068,-0.0800,3.3321,0.3968,turn_right,0,0,3.1929
200117,OT_SH,6,0.3591,-0.0234,-0.0900,3.3302,0.4054,turn_right,0,0,3.0019
200117,OT_SH,7,0.5821,-0.0527,-0.1700,3.3286,0.4141,turn_right,0,0,2.7859
200117,OT_SH,8,0.8338,-0.0935,-0.1520,3.3273,0.4230,turn_right,0,0,2.5465
200117,OT_SH,9,1.1134,-0.1481,-0.2320,3.3264,0.4321,turn_right,0,0,2.2877
200117,OT_SH,10,1.1134,-0.1481,-0.2320,3.3256,0.4410,turn_right,0,0,2.2893
200117,OT_SH,11,1.4214,-0.2139,-0.1897,3.3250,0.4500,turn_right,0,0,2.0160
200117,OT_SH,12,1.7572,-0.2927,-0.2697,3.3245,0.4590,turn_right,0,0,1.7383
200117,OT_SH,13,2.1212,-0.3825,-0.2147,3.3243,0.4681,turn_right,0,0,1.4734
200117,OT_SH,14,2.5147,-0.4784,-0.2631,3.3242,0.4771,turn_right,0,0,1.2524
200117,OT_SH,15,2.9388,-0.5744,-0.1831,3.3244,0.4861,turn_right,0,0,1.1284
200117,OT_SH,16,3.3989,-0.6406,-0.1035,3.3249,0.4951,turn_left,0,1,1.1380
200117,OT_SH,17,3.8928,-0.6718,-0.0238,3.3251,0.5041,turn_right,0,0,1.3058
200117,OT_SH,18,4.4173,-0.6932,-0.0571,3.3255,0.5131,turn_right,0,0,1.6270
200117,OT_SH,19,4.9721,-0.7026,0.0225,3.3263,0.5218,turn_right,0,0,2.0512
200117,OT_SH,20,5.5568,-0.7130,-0.0575,3.3275,0.5305,turn_right,0,0,2.5526
200117,OT_SH,21,6.1715,-0.7235,0.0225,3.3291,0.5391,decelerating,0,0,3.1102
200117,OT_SH,22,6.8162,-0.7350,-0.0575,3.3307,0.5477,turn_left,0,1,3.7141
200117,OT_SH,23,7.4909,-0.7466,0.0225,3.3272,0.5512,turn_left,0,0,4.3613
200117,OT_SH,24,8.1956,-0.7589,-0.0571,3.3238,0.5545,turn_left,0,0,5.0458
200117,OT_SH,25,8.9303,-0.7713,0.0229,3.3203,0.5576,turn_left,0,0,5.7652
200117,OT_SH,26,9.6950,-0.7845,-0.0571,3.3167,0.5605,decelerating,0,0,6.5185
200117,OT_SH,27,10.4896,-0.7980,0.0226,3.3131,0.5634,decelerating,0,0,7.3045
200117,OT_SH,28,11.3145,-0.7964,-0.0184,3.3043,0.5613,turn_right,0,0,8.1244
200117,OT_SH,29,12.1691,-0.7779,0.0613,3.2905,0.5546,turn_right,0,0,8.9780
200117,OT_SH,30,13.0536,-0.7592,-0.0187,3.2764,0.5481,turn_right,0,0,9.8642
200117,OT_SH,31,13.9281,-0.7409,0.0613,3.2622,0.5421,constant_velocity,0,0,10.7429
200117,OT_SH,32,14.7513,-0.6855,0.0731,3.2480,0.5361,constant_velocity,0,0,11.5679
200117,OT_SH,33,15.5233,-0.6190,0.0992,3.2339,0.5302,turn_left,0,0,12.3431
200117,OT_SH,34,16.2440,-0.5402,0.1186,3.2199,0.5240,turn_left,0,1,13.0675
200117,OT_SH,35,16.9119,-0.4430,0.1711,3.2060,0.5172,turn_left,0,1,13.7395
200117,OT_SH,36,17.5229,-0.3125,0.2511,3.1921,0.5099,constant_velocity,0,0,14.3543
200117,OT_SH,37,18.0736,-0.1478,0.3310,3.1781,0.5026,turn_left,0,0,14.9096
200117,OT_SH,38,18.5763,0.0030,0.2510,3.1642,0.4948,turn_left,0,0,15.4199
200117,OT_SH,39,19.0405,0.1028,0.1710,3.1504,0.4867,turn_left,0,0,15.8947
200117,OT_SH,40,19.4617,0.1586,0.0910,3.1369,0.4781,turn_left,0,0,16.3280
200117,OT_SH,41,19.8361,0.1781,0.0110,3.1235,0.4692,turn_left,0,0,16.7151
200117,OT_SH,42,20.1608,0.1690,-0.0690,3.1103,0.4599,turn_left,0,0,17.0530
200117,OT_SH,43,20.4342,0.1394,-0.1490,3.0975,0.4503,turn_left,0,0,17.3394
200117,OT_SH,44,20.6551,0.0974,-0.2290,3.0851,0.4402,turn_left,0,0,17.5734
200117,OT_SH,45,20.8239,0.0513,-0.3090,3.0729,0.4298,turn_left,0,0,17.7550
200117,OT_SH,46,20.9414,0.0088,-0.3890,3.0611,0.4189,turn_left,0,0,17.8851
200117,OT_SH,47,21.0113,-0.0185,-0.3544,3.0495,0.4076,turn_left,0,0,17.9668
200117,OT_SH,48,21.0349,-0.0266,-0.2744,3.0384,0.3960,turn_left,0,0,18.0015
200117,OT_SH,49,21.0105,-0.0211,-0.1944,3.0277,0.3842,decelerating,0,1,17.9874
200117,OT_SH,50,20.9364,-0.0099,-0.1144,3.0171,0.3724,decelerating,0,1,17.9234
200117,OT_SH,51,20.8118,-0.0009,-0.0344,3.0015,0.3556,constant_velocity,0,0,17.8138
200117,OT_SH,52,20.6508,0.0020,-0.0027,2.9810,0.3338,decelerating,0,0,17.6729
200117,OT_SH,53,20.4938,0.0032,-0.0129,2.9606,0.3118,decelerating,0,1,17.5358
200117,OT_SH,54,20.3670,0.0097,-0.0929,2.9352,0.2848,decelerating,0,1,17.4340
200117,OT_SH,55,20.2708,0.0224,-0.1729,2.9047,0.2526,decelerating,0,0,17.3677
200117,OT_SH,56,20.2027,0.0369,-0.2529,2.8692,0.2154,decelerating,0,1,17.3344
200117,OT_SH,57,20.1557,0.0510,-0.3329,2.8289,0.1731,decelerating,0,1,17.3273
200117,OT_SH,58,20.1233,0.0635,-0.4129,2.7837,0.1258,decelerating,0,1,17.3398
200117,OT_SH,59,20.1021,0.0738,-0.4929,2.7336,0.0736,decelerating,0,0,17.3686
200117,OT_SH,60,20.0892,0.0813,-0.5729,2.6785,0.0164,decelerating,0,1,17.4108
200117,OT_SH,61,20.0822,0.0862,-0.6529,2.6184,-0.0458,decelerating,0,0,17.4643
200117,OT_SH,62,20.0794,0.0885,-0.7329,2.5533,-0.1129,decelerating,0,0,17.5273
200117,OT_SH,63,20.0795,0.0884,-0.8129,2.4832,-0.1851,decelerating,0,0,17.5984
200117,OT_SH,64,20.0813,0.0863,-0.8929,2.4082,-0.2624,turn_left,0,0,17.6766
200117,OT_SH,65,20.0842,0.0824,-0.9729,2.3306,-0.3471,turn_left,0,0,17.7587
200117,OT_SH,66,20.0875,0.0771,-1.0529,2.2556,-0.4340,turn_left,0,0,17.8392
200117,OT_SH,67,20.0909,0.0706,-1.1329,2.1835,-0.5230,turn_left,0,0,17.9173
200117,OT_SH,68,20.0940,0.0631,-1.2129,2.1140,-0.6141,turn_left,0,0,17.9927
200117,OT_SH,69,20.0967,0.0550,-1.2929,2.0473,-0.7072,turn_left,0,0,18.0654
200117,OT_SH,70,20.0987,0.0464,-1.3729,1.9833,-0.8023,turn_left,0,0,18.1353
200117,OT_SH,71,20.1002,0.0375,-1.4529,1.9222,-0.8994,turn_left,0,0,18.2021
200117,OT_SH,72,20.1009,0.0284,-1.5329,1.8640,-0.9983,turn_left,0,0,18.2657
200117,OT_SH,73,20.1009,0.0193,-1.6129,1.8088,-1.0989,constant_velocity,0,1,18.3262
200117,OT_SH,74,20.1001,0.0103,-1.6929,1.7535,-1.1994,constant_velocity,0,0,18.3865
200117,OT_SH,75,20.0987,0.0015,-1.7729,1.6981,-1.2999,constant_velocity,0,0,18.4465
200117,OT_SH,76,20.0966,-0.0071,-1.8529,1.6426,-1.4003,constant_velocity,0,1,18.5064
200117,OT_SH,77,20.0938,-0.0153,-1.9329,1.5871,-1.5008,constant_velocity,0,1,18.5663
200117,OT_SH,78,20.0905,-0.0232,-2.0129,1.5314,-1.6013,constant_velocity,0,0,18.6260
200117,OT_SH,79,20.0866,-0.0306,-2.0929,1.4758,-1.7018,constant_velocity,0,1,18.6856
200117,OT_SH,80,20.0822,-0.0376,-2.1729,1.4202,-1.8024,constant_velocity,0,0,18.7453
200117,OT_SH,81,20.0773,-0.0441,-2.2529,1.3645,-1.9030,turn_right,0,0,18.8049
200117,OT_SH,82,20.0721,-0.0500,-2.3329,1.3059,-2.0022,turn_right,0,0,18.8675
200117,OT_SH,83,20.0665,-0.0555,-2.4129,1.2443,-2.0996,turn_right,0,1,18.9328
200117,OT_SH,84,20.0606,-0.0603,-2.4929,1.1799,-2.1952,turn_right,0,1,19.0010
200117,OT_SH,85,20.0544,-0.0647,-2.5729,1.1125,-2.2888,turn_right,0,0,19.0720
200117,OT_SH,86,20.0479,-0.0684,-2.6529,1.0423,-2.3804,turn_left,0,0,19.1458
200117,OT_SH,87,20.0414,-0.0716,-2.7329,0.9748,-2.4741,turn_left,0,0,19.2173
200117,OT_SH,88,20.0346,-0.0742,-2.8129,0.9101,-2.5698,turn_left,0,0,19.2867
200117,OT_SH,89,20.0278,-0.0762,-2.8929,0.8483,-2.6674,constant_velocity,0,1,19.3537
200117,OT_SH,90,20.0210,-0.0777,-2.9729,0.7866,-2.7651,constant_velocity,0,1,19.4212
200117,OT_SH,91,20.0141,-0.0785,-3.0529,0.7248,-2.8628,turn_left,0,0,19.4892
200117,OT_SH,92,20.0073,-0.0789,-3.1329,0.6659,-2.9623,turn_left,0,0,19.5551
200117,OT_SH,93,20.0005,-0.0787,-3.2129,0.6099,-3.0636,turn_right,0,0,19.6190
200117,OT_SH,94,19.9939,-0.0779,-3.2929,0.5509,-3.1632,turn_right,0,1,19.6863
200117,OT_SH,95,19.9874,-0.0767,-3.3729,0.4889,-3.2609,turn_right,0,1,19.7568
200117,OT_SH,96,19.9810,-0.0749,-3.4529,0.4241,-3.3567,turn_right,0,0,19.8304
200117,OT_SH,97,19.9749,-0.0727,-3.5329,0.3566,-3.4505,turn_right,0,0,19.9071
200117,OT_SH,98,19.9691,-0.0700,-3.6129,0.2863,-3.5423,turn_right,0,1,19.9868
200117,OT_SH,99,19.9635,-0.0668,-3.6929,0.2133,-3.6319,turn_right,0,0,20.0694
200117,OT_SH,100,19.9582,-0.0633,-3.7729,0.1377,-3.7192,decelerating,0,0,20.1549
200117,OT_SH,101,19.9533,-0.0594,-3.8529,0.0622,-3.8064,decelerating,0,0,20.2410
200117,OT_SH,102,19.9487,-0.0551,-3.9329,-0.0183,-3.8987,decelerating,0,0,20.3336
200117,OT_SH,103,19.9445,-0.0505,-4.0129,-0.1037,-3.9960,decelerating,0,0,20.4328
200117,OT_SH,104,19.9407,-0.0456,-4.0929,-0.1938,-4.0982,turn_right,0,0,20.5383
200117,OT_SH,105,19.9373,-0.0404,-4.1729,-0.2918,-4.2025,turn_right,0,0,20.6528
200117,OT_SH,106,19.9344,-0.0351,-4.2529,-0.3928,-4.3038,turn_right,0,1,20.7706
200117,OT_SH,107,19.9319,-0.0295,-4.3329,-0.4969,-4.4020,turn_right,0,0,20.8915
200117,OT_SH,108,19.9299,-0.0238,-4.4129,-0.6038,-4.4968,turn_right,0,0,21.0152
200117,OT_SH,109,19.9283,-0.0179,-4.4929,-0.7134,-4.5881,turn_right,0,1,21.1416
200117,OT_SH,110,19.9273,-0.0120,-4.5729,-0.8256,-4.6762,turn_right,0,0,21.2705
200117,OT_SH,111,19.9267,-0.0060,-4.6529,-0.9404,-4.7608,turn_right,0,0,21.4019
200117,OT_SH,112,19.9265,0.0000,-4.7329,-1.0576,-4.8418,turn_right,0,0,21.5355
200117,OT_SH,113,19.9269,0.0060,-4.8129,-1.1772,-4.9193,turn_right,0,0,21.6712
200117,OT_SH,114,19.9277,0.0119,-4.8929,-1.2991,-4.9931,turn_right,0,0,21.8089
200117,OT_SH,115,19.9290,0.0177,-4.9729,-1.4231,-5.0632,turn_left,0,0,21.9483
200117,OT_SH,116,19.9308,0.0233,-5.0529,-1.5448,-5.1370,turn_left,0,0,22.0869
200117,OT_SH,117,19.9330,0.0288,-5.1329,-1.6642,-5.2144,decelerating,0,0,22.2246
200117,OT_SH,118,19.9356,0.0341,-5.2129,-1.7837,-5.2918,decelerating,0,0,22.3627
200117,OT_SH,119,19.9386,0.0392,-5.2929,-1.9081,-5.3741,constant_velocity,0,0,22.5075
200117,OT_SH,120,19.9421,0.0440,-5.3729,-2.0375,-5.4613,constant_velocity,0,0,22.6586
200117,OT_SH,121,19.9458,0.0485,-5.4529,-2.1668,-5.5486,constant_velocity,0,0,22.8100
200117,OT_SH,122,19.9500,0.0526,-5.5329,-2.2960,-5.6360,constant_velocity,0,1,22.9618
200117,OT_SH,123,19.9544,0.0564,-5.6129,-2.4252,-5.7233,turn_left,0,0,23.1139
200117,OT_SH,124,19.9591,0.0599,-5.6929,-2.5518,-5.8145,turn_left,0,0,23.2648
200117,OT_SH,125,19.9641,0.0629,-5.7729,-2.6756,-5.9094,turn_left,0,0,23.4142
200117,OT_SH,126,19.9693,0.0656,-5.8529,-2.7965,-6.0081,turn_left,0,0,23.5621
200117,OT_SH,127,19.9747,0.0678,-5.9329,-2.9143,-6.1104,turn_left,0,0,23.7082
200117,OT_SH,128,19.9802,0.0696,-6.0129,-3.0290,-6.2161,turn_left,0,0,23.8524
200117,OT_SH,129,19.9859,0.0709,-6.0929,-3.1404,-6.3252,turn_right,0,1,23.9945
200117,OT_SH,130,19.9917,0.0718,-6.1729,-3.2549,-6.4309,turn_right,0,1,24.1389
200117,OT_SH,131,19.9974,0.0722,-6.2529,-3.3725,-6.5330,turn_right,0,0,24.2855
200117,OT_SH,132,20.0033,0.0721,-6.3329,-3.4931,-6.6315,turn_right,0,1,24.4340
200117,OT_SH,133,20.0090,0.0716,-6.4129,-3.6166,-6.7262,turn_right,0,0,24.5841
200117,OT_SH,134,20.0147,0.0706,-6.4929,-3.7427,-6.8172,turn_right,0,0,24.7358
200117,OT_SH,135,20.0203,0.0692,-6.5729,-3.8716,-6.9044,turn_right,0,1,24.8888
200117,OT_SH,136,20.0258,0.0673,-6.6529,-4.0029,-6.9877,turn_right,0,1,25.0430
200117,OT_SH,137,20.0311,0.0650,-6.7329,-4.1367,-7.0671,turn_right,0,0,25.1982
200117,OT_SH,138,20.0362,0.0623,-6.8129,-4.2729,-7.1425,turn_right,0,0,25.3544
200117,OT_SH,139,20.0411,0.0592,-6.8929,-4.4113,-7.2139,turn_right,0,0,25.5112
200117,OT_SH,140,20.0457,0.0557,-6.9729,-4.5518,-7.2810,decelerating,0,1,25.6684
200117,OT_SH,141,20.0500,0.0518,-7.0529,-4.6923,-7.3482,decelerating,0,0,25.8252
200117,OT_SH,142,20.0540,0.0477,-7.1329,-4.8377,-7.4204,decelerating,0,1,25.9878
200117,OT_SH,143,20.0576,0.0432,-7.2129,-4.9882,-7.4977,decelerating,0,0,26.1564
200117,OT_SH,144,20.0609,0.0384,-7.2929,-5.1438,-7.5799,decelerating,0,1,26.3308
200117,OT_SH,145,20.0638,0.0334,-7.3729,-5.3044,-7.6671,turn_left,0,1,26.5111
200117,OT_SH,146,20.0662,0.0282,-7.4529,-5.4671,-7.7642,turn_left,0,0,26.6960
200117,OT_SH,147,20.0683,0.0228,-7.5329,-5.6268,-7.8664,constant_velocity,0,1,26.8789
200117,OT_SH,148,20.0698,0.0173,-7.6129,-5.7866,-7.9686,constant_velocity,0,0,27.0616
200117,OT_SH,149,20.0710,0.0116,-7.6929,-5.9463,-8.0710,turn_left,0,0,27.2439
200203,Base,0,0.0000,0.0000,0.0000,2.8904,0.2612,constant_velocity,0,0,2.9021
200203,Base,1,0.1648,0.0068,0.0800,2.8988,0.2606,constant_velocity,0,0,2.7457
200203,Base,2,0.1648,0.0068,0.0800,2.9073,0.2600,constant_velocity,0,0,2.7542
200203,Base,3,0.1648,0.0068,0.0800,2.9160,0.2594,constant_velocity,0,0,2.7628
200203,Base,4,0.1648,0.0068,0.0800,2.9247,0.2588,constant_velocity,0,0,2.7714
200203,Base,5,0.1648,0.0068,0.0800,2.9334,0.2581,constant_velocity,0,0,2.7800
200203,Base,6,0.1648,0.0068,0.0800,2.9421,0.2575,turn_right,0,0,2.7886
200203,Base,7,0.1648,0.0068,0.0800,2.9507,0.2566,turn_right,0,0,2.7971
200203,Base,8,0.1648,0.0068,0.0800,2.9593,0.2554,constant_velocity,0,0,2.8055
200203,Base,9,0.1648,0.0068,0.0800,2.9680,0.2542,constant_velocity,0,0,2.8141
200203,Base,10,0.1648,0.0068,0.0800,2.9768,0.2529,constant_velocity,0,0,2.8227
200203,Base,11,0.1648,0.0068,0.0800,2.9857,0.2516,constant_velocity,0,0,2.8315
200203,Base,12,0.1648,0.0068,0.0800,2.9948,0.2504,constant_velocity,0,0,2.8405
200203,Base,13,0.1648,0.0068,0.0800,3.0039,0.2492,constant_velocity,0,0,2.8494
200203,Base,14,0.1648,0.0068,0.0800,3.0130,0.2478,constant_velocity,0,0,2.8583
200203,Base,15,0.1648,0.0068,0.0800,3.0221,0.2465,constant_velocity,0,0,2.8673
200203,Base,16,0.1648,0.0068,0.0800,3.0312,0.2451,constant_velocity,0,0,2.8763
200203,Base,17,0.1648,0.0068,0.0800,3.0405,0.2436,constant_velocity,0,0,2.8854
200203,Base,18,0.1648,0.0068,0.0800,3.0498,0.2422,turn_right,0,1,2.8945
200203,Base,19,0.1648,0.0068,0.0800,3.0590,0.2406,turn_right,0,1,2.9036
200203,Base,20,0.1648,0.0068,0.0800,3.0682,0.2387,turn_right,0,0,2.9127
200203,Base,21,0.1648,0.0068,0.0800,3.0773,0.2365,turn_right,0,0,2.9215
200203,Base,22,0.1648,0.0068,0.0800,3.0862,0.2340,constant_velocity,0,0,2.9302
200203,Base,23,0.1648,0.0068,0.0800,3.0951,0.2314,turn_right,0,0,2.9389
200203,Base,24,0.1648,0.0068,0.0800,3.1040,0.2286,turn_right,0,0,2.9475
200203,Base,25,0.1648,0.0068,0.0800,3.1128,0.2254,turn_right,0,0,2.9561
200203,Base,26,0.1648,0.0068,0.0800,3.1215,0.2220,turn_left,0,1,2.9646
200203,Base,27,0.1648,0.0068,0.0800,3.1303,0.2191,constant_velocity,0,0,2.9731
200203,Base,28,0.1648,0.0068,0.0800,3.1391,0.2161,turn_left,0,1,2.9816
200203,Base,29,0.1648,0.0068,0.0800,3.1479,0.2135,constant_velocity,0,0,2.9903
200203,Base,30,0.1648,0.0068,0.0800,3.1568,0.2109,constant_velocity,0,0,2.9989
200203,Base,31,0.1648,0.0068,0.0800,3.1656,0.2083,constant_velocity,0,0,3.0076
200203,Base,32,0.1648,0.0068,0.0800,3.1745,0.2056,constant_velocity,0,0,3.0162
200203,Base,33,0.1648,0.0068,0.0800,3.1833,0.2030,constant_velocity,0,0,3.0248
200203,Base,34,0.1648,0.0068,0.0800,3.1922,0.2003,constant_velocity,0,0,3.0335
200203,Base,35,0.1648,0.0068,0.0800,3.2011,0.1975,constant_velocity,0,0,3.0423
200203,Base,36,0.1648,0.0068,0.0800,3.2100,0.1949,constant_velocity,0,0,3.0510
200203,Base,37,0.1648,0.0068,0.0800,3.2188,0.1924,constant_velocity,0,0,3.0596
200203,Base,38,0.1648,0.0068,0.0800,3.2274,0.1899,constant_velocity,0,0,3.0680
200203,Base,39,0.1648,0.0068,0.0800,3.2359,0.1873,constant_velocity,0,0,3.0764
200203,Base,40,0.1648,0.0068,0.0800,3.2443,0.1846,turn_right,0,0,3.0846
200203,Base,41,0.1648,0.0068,0.0800,3.2525,0.1816,turn_left,0,1,3.0926
200203,Base,42,0.1648,0.0068,0.0800,3.2607,0.1789,turn_left,0,1,3.1007
200203,Base,43,0.1648,0.0068,0.0800,3.2688,0.1764,turn_left,0,1,3.1086
200203,Base,44,0.1648,0.0068,0.0800,3.2770,0.1741,turn_left,0,0,3.1167
200203,Base,45,0.1648,0.0068,0.0800,3.2853,0.1719,turn_left,0,0,3.1249
200203,Base,46,0.1648,0.0068,0.0800,3.2939,0.1700,turn_left,0,0,3.1333
200203,Base,47,0.1648,0.0068,0.0800,3.3025,0.1684,turn_left,0,1,3.1418
200203,Base,48,0.1648,0.0068,0.0800,3.3111,0.1671,turn_right,0,0,3.1503
200203,Base,49,0.1648,0.0068,0.0800,3.3195,0.1654,turn_right,0,0,3.1586
200203,Base,50,0.1648,0.0068,0.0800,3.3278,0.1638,turn_right,0,0,3.1669
200203,Base,51,0.1648,0.0068,0.0800,3.3362,0.1620,turn_right,0,0,3.1752
200203,Base,52,0.1648,0.0068,0.0800,3.3446,0.1600,turn_right,0,0,3.1835
200203,Base,53,0.1648,0.0068,0.0800,3.3528,0.1577,turn_right,0,0,3.1916
200203,Base,54,0.1648,0.0068,0.0800,3.3609,0.1552,constant_velocity,0,0,3.1996
200203,Base,55,0.1648,0.0068,0.0800,3.3691,0.1527,constant_velocity,0,0,3.2076
200203,Base,56,0.1648,0.0068,0.0800,3.3773,0.1503,constant_velocity,0,0,3.2156
200203,Base,57,0.1648,0.0068,0.0800,3.3854,0.1479,constant_velocity,0,0,3.2237
200203,Base,58,0.1648,0.0068,0.0800,3.3936,0.1455,constant_velocity,0,0,3.2318
200203,Base,59,0.1648,0.0068,0.0800,3.4017,0.1430,constant_velocity,0,0,3.2398
200203,Base,60,0.1648,0.0068,0.0800,3.4097,0.1403,constant_velocity,0,0,3.2477
200203,Base,61,0.1648,0.0068,0.0800,3.4176,0.1376,constant_velocity,0,0,3.2554
200203,Base,62,0.1648,0.0068,0.0800,3.4253,0.1350,constant_velocity,0,0,3.2630
200203,Base,63,0.1648,0.0068,0.0800,3.4332,0.1323,constant_velocity,0,0,3.2707
200203,Base,64,0.1648,0.0068,0.0800,3.4410,0.1295,turn_right,0,0,3.2785
200203,Base,65,0.1648,0.0068,0.0800,3.4488,0.1266,turn_right,0,0,3.2862
200203,Base,66,0.1648,0.0068,0.0800,3.4563,0.1235,constant_velocity,0,0,3.2936
200203,Base,67,0.1648,0.0068,0.0800,3.4639,0.1205,turn_left,0,1,3.3010
200203,Base,68,0.1648,0.0068,0.0800,3.4717,0.1179,decelerating,0,0,3.3087
200203,Base,69,0.1648,0.0068,0.0800,3.4795,0.1154,decelerating,0,0,3.3165
200203,Base,70,0.1648,0.0068,0.0800,3.4823,0.1078,decelerating,0,0,3.3190
200203,Base,71,0.1648,0.0068,0.0800,3.4801,0.0952,decelerating,0,0,3.3164
200203,Base,72,0.1648,0.0068,0.0800,3.4728,0.0777,decelerating,0,0,3.3088
200203,Base,73,0.1648,0.0068,0.0800,3.4605,0.0551,constant_velocity,0,0,3.2961
200203,Base,74,0.1648,0.0068,0.0800,3.4433,0.0275,constant_velocity,0,0,3.2785
200203,Base,75,0.1648,0.0068,0.0800,3.4261,-0.0003,constant_velocity,0,0,3.2613
200203,Base,76,0.1648,0.0068,0.0800,3.4089,-0.0281,constant_velocity,0,0,3.2443
200203,Base,77,0.1648,0.0068,0.0800,3.3916,-0.0558,constant_velocity,0,1,3.2274
200203,Base,78,0.1648,0.0068,0.0800,3.3744,-0.0835,constant_velocity,0,0,3.2109
200203,Base,79,0.1648,0.0068,0.0800,3.3571,-0.1109,constant_velocity,0,0,3.1944
200203,Base,80,0.1648,0.0068,0.0800,3.3397,-0.1382,constant_velocity,0,0,3.1782
200203,Base,81,0.1648,0.0068,0.0800,3.3224,-0.1654,turn_right,0,0,3.1623
200203,Base,82,0.1648,0.0068,0.0800,3.3042,-0.1920,decelerating,0,0,3.1457
200203,Base,83,0.1648,0.0068,0.0800,3.2860,-0.2186,constant_velocity,0,0,3.1293
200203,Base,84,0.1648,0.0068,0.0800,3.2628,-0.2502,constant_velocity,0,0,3.1087
200203,Base,85,0.1648,0.0068,0.0800,3.2395,-0.2816,turn_right,0,0,3.0882
200203,Base,86,0.1648,0.0068,0.0800,3.2153,-0.3123,constant_velocity,0,0,3.0671
200203,Base,87,0.1648,0.0068,0.0800,3.1910,-0.3430,constant_velocity,0,1,3.0463
200203,Base,88,0.1648,0.0068,0.0800,3.1667,-0.3736,constant_velocity,0,0,3.0259
200203,Base,89,0.1648,0.0068,0.0800,3.1422,-0.4042,constant_velocity,0,0,3.0057
200203,Base,90,0.1648,0.0068,0.0800,3.1179,-0.4348,constant_velocity,0,1,2.9859
200203,Base,91,0.1648,0.0068,0.0800,3.0935,-0.4654,constant_velocity,0,0,2.9665
200203,Base,92,0.1648,0.0068,0.0800,3.0691,-0.4959,constant_velocity,0,0,2.9475
200203,Base,93,0.1648,0.0068,0.0800,3.0447,-0.5264,constant_velocity,0,0,2.9288
200203,Base,94,0.1648,0.0068,0.0800,3.0203,-0.5568,decelerating,0,0,2.9105
200203,Base,95,0.1648,0.0068,0.0800,2.9959,-0.5874,constant_velocity,0,0,2.8927
200203,Base,96,0.1648,0.0068,0.0800,2.9666,-0.6230,constant_velocity,0,0,2.8717
200203,Base,97,0.1648,0.0068,0.0800,2.9375,-0.6586,constant_velocity,0,0,2.8514
200203,Base,98,0.1648,0.0068,0.0800,2.9084,-0.6942,constant_velocity,0,0,2.8317
200203,Base,99,0.1648,0.0068,0.0800,2.8792,-0.7298,turn_right,0,0,2.8126
200203,Base,100,0.1648,0.0068,0.0800,2.8489,-0.7645,turn_right,0,0,2.7927
200203,Base,101,0.1648,0.0068,0.0800,2.8176,-0.7983,turn_right,0,1,2.7722
200203,Base,102,0.1648,0.0068,0.0800,2.7853,-0.8311,turn_right,0,0,2.7512
200203,Base,103,0.1648,0.0068,0.0800,2.7522,-0.8630,turn_right,0,1,2.7297
200203,Base,104,0.1648,0.0068,0.0800,2.7182,-0.8938,turn_right,0,0,2.7076
200203,Base,105,0.1648,0.0068,0.0800,2.6833,-0.9237,turn_right,0,1,2.6849
200203,Base,106,0.1648,0.0068,0.0800,2.6475,-0.9524,turn_right,0,0,2.6616
200203,Base,107,0.1648,0.0068,0.0800,2.6109,-0.9801,turn_right,0,1,2.6377
200203,Base,108,0.1648,0.0068,0.0800,2.5735,-1.0068,turn_right,0,0,2.6133
200203,Base,109,0.1648,0.0068,0.0800,2.5352,-1.0324,turn_right,0,0,2.5882
200203,Base,110,0.1648,0.0068,0.0800,2.4962,-1.0567,turn_right,0,1,2.5625
200203,Base,111,0.1648,0.0068,0.0800,2.4566,-1.0797,turn_right,0,1,2.5363
200203,Base,112,0.1648,0.0068,0.0800,2.4163,-1.1016,turn_right,0,1,2.5095
200203,Base,113,0.1648,0.0068,0.0800,2.3752,-1.1220,turn_right,0,0,2.4820
200203,Base,114,0.1648,0.0068,0.0800,2.3336,-1.1413,turn_right,0,1,2.4539
200203,Base,115,0.1648,0.0068,0.0800,2.2914,-1.1592,turn_right,0,1,2.4253
200203,Base,116,0.1648,0.0068,0.0800,2.2488,-1.1759,turn_right,0,1,2.3961
200203,Base,117,0.1648,0.0068,0.0800,2.2057,-1.1913,turn_left,0,0,2.3666
200203,Base,118,0.1648,0.0068,0.0800,2.1633,-1.2080,turn_right,0,1,2.3387
200203,Base,119,0.1648,0.0068,0.0800,2.1204,-1.2234,turn_right,0,0,2.3103
200203,Base,120,0.1648,0.0068,0.0800,2.0770,-1.2376,turn_right,0,1,2.2815
200203,Base,121,0.1648,0.0068,0.0800,2.0331,-1.2506,turn_right,0,1,2.2520
200203,Base,122,0.1648,0.0068,0.0800,1.9888,-1.2623,turn_right,0,1,2.2220
200203,Base,123,0.1648,0.0068,0.0800,1.9440,-1.2725,turn_right,0,0,2.1914
200203,Base,124,0.1648,0.0068,0.0800,1.8989,-1.2814,turn_right,0,1,2.1602
200203,Base,125,0.1648,0.0068,0.0800,1.8536,-1.2888,turn_right,0,0,2.1285
200203,Base,126,0.1648,0.0068,0.0800,1.8081,-1.2947,turn_right,0,0,2.0963
200203,Base,127,0.1648,0.0068,0.0800,1.7626,-1.2992,turn_right,0,0,2.0636
200203,Base,128,0.1648,0.0068,0.0800,1.7169,-1.3023,constant_velocity,0,0,2.0305
200203,Base,129,0.1648,0.0068,0.0800,1.6711,-1.3054,decelerating,0,0,1.9977
200203,Base,130,0.1648,0.0068,0.0800,1.6253,-1.3084,decelerating,0,0,1.9654
200203,Base,131,0.1648,0.0068,0.0800,1.5747,-1.3165,turn_right,0,1,1.9336
200203,Base,132,0.1648,0.0068,0.0800,1.5187,-1.3281,turn_right,0,1,1.9013
200203,Base,133,0.1648,0.0068,0.0800,1.4626,-1.3380,turn_right,0,1,1.8688
200203,Base,134,0.1648,0.0068,0.0800,1.4061,-1.3461,turn_right,0,0,1.8360
200203,Base,135,0.1648,0.0068,0.0800,1.3494,-1.3523,decelerating,0,0,1.8029
200203,Base,136,0.1648,0.0068,0.0800,1.2926,-1.3586,decelerating,0,0,1.7709
200203,Base,137,0.1648,0.0068,0.0800,1.2310,-1.3698,decelerating,0,0,1.7412
200203,Base,138,0.1648,0.0068,0.0800,1.1645,-1.3862,decelerating,0,0,1.7146
200203,Base,139,0.1648,0.0068,0.0800,1.0931,-1.4078,turn_left,0,0,1.6920
200203,Base,140,0.1648,0.0068,0.0800,1.0175,-1.4366,constant_velocity,0,0,1.6765
200203,Base,141,0.1648,0.0068,0.0800,0.9418,-1.4654,constant_velocity,0,0,1.6647
200203,Base,142,0.1648,0.0068,0.0800,0.8662,-1.4942,turn_right,0,1,1.6568
200203,Base,143,0.1648,0.0068,0.0800,0.7897,-1.5206,turn_right,0,1,1.6503
200203,Base,144,0.1648,0.0068,0.0800,0.7125,-1.5447,turn_right,0,1,1.6453
200203,Base,145,0.1648,0.0068,0.0800,0.6345,-1.5663,turn_right,0,1,1.6417
200203,Base,146,0.1648,0.0068,0.0800,0.5559,-1.5855,turn_right,0,1,1.6396
200203,Base,147,0.1648,0.0068,0.0800,0.4767,-1.6022,turn_right,0,1,1.6390
200203,Base,148,0.1648,0.0068,0.0800,0.3970,-1.6166,decelerating,0,0,1.6399
200203,Base,149,0.1648,0.0068,0.0800,0.3174,-1.6310,decelerating,0,0,1.6449
200203,OT,0,0.0000,0.0000,0.0000,2.8904,0.2612,constant_velocity,0,0,2.9021
200203,OT,1,0.1648,0.0068,0.0800,2.8988,0.2606,constant_velocity,0,0,2.7457
200203,OT,2,0.1648,0.0068,0.0800,2.9073,0.2600,constant_velocity,0,0,2.7542
200203,OT,3,0.1648,0.0068,0.0800,2.9160,0.2594,constant_velocity,0,0,2.7628
200203,OT,4,0.1648,0.0068,0.0800,2.9247,0.2588,constant_velocity,0,0,2.7714
200203,OT,5,0.1648,0.0068,0.0800,2.9334,0.2581,constant_velocity,0,0,2.7800
200203,OT,6,0.1648,0.0068,0.0800,2.9421,0.2575,turn_right,0,1,2.7886
200203,OT,7,0.1648,0.0068,0.0800,2.9507,0.2566,turn_right,0,0,2.7971
200203,OT,8,0.1648,0.0068,0.0800,2.9593,0.2554,constant_velocity,0,0,2.8055
200203,OT,9,0.1648,0.0068,0.0800,2.9680,0.2542,constant_velocity,0,0,2.8141
200203,OT,10,0.1648,0.0068,0.0800,2.9768,0.2529,constant_velocity,0,0,2.8227
200203,OT,11,0.1648,0.0068,0.0800,2.9857,0.2516,constant_velocity,0,0,2.8315
200203,OT,12,0.1648,0.0068,0.0800,2.9948,0.2504,constant_velocity,0,0,2.8405
200203,OT,13,0.1648,0.0068,0.0800,3.0039,0.2492,constant_velocity,0,0,2.8494
200203,OT,14,0.1648,0.0068,0.0800,3.0130,0.2478,constant_velocity,0,0,2.8583
200203,OT,15,0.1648,0.0068,0.0800,3.0221,0.2465,constant_velocity,0,0,2.8673
200203,OT,16,0.1648,0.0068,0.0800,3.0312,0.2451,constant_velocity,0,0,2.8763
200203,OT,17,0.1648,0.0068,0.0800,3.0405,0.2436,constant_velocity,0,0,2.8854
200203,OT,18,0.1648,0.0068,0.0800,3.0498,0.2422,turn_right,0,0,2.8945
200203,OT,19,0.1648,0.0068,0.0800,3.0590,0.2406,turn_right,0,0,2.9036
200203,OT,20,0.1648,0.0068,0.0800,3.0682,0.2387,turn_right,0,0,2.9127
200203,OT,21,0.1648,0.0068,0.0800,3.0773,0.2365,turn_right,0,0,2.9215
200203,OT,22,0.1648,0.0068,0.0800,3.0862,0.2340,constant_velocity,0,0,2.9302
200203,OT,23,0.1648,0.0068,0.0800,3.0951,0.2314,turn_right,0,0,2.9389
200203,OT,24,0.1648,0.0068,0.0800,3.1040,0.2286,turn_right,0,0,2.9475
200203,OT,25,0.1648,0.0068,0.0800,3.1128,0.2254,turn_right,0,0,2.9561
200203,OT,26,0.1648,0.0068,0.0800,3.1215,0.2220,turn_left,0,1,2.9646
200203,OT,27,0.1648,0.0068,0.0800,3.1303,0.2191,constant_velocity,0,0,2.9731
200203,OT,28,0.1648,0.0068,0.0800,3.1391,0.2161,turn_left,0,1,2.9816
200203,OT,29,0.1648,0.0068,0.0800,3.1479,0.2135,constant_velocity,0,0,2.9903
200203,OT,30,0.1648,0.0068,0.0800,3.1568,0.2109,constant_velocity,0,0,2.9989
200203,OT,31,0.1648,0.0068,0.0800,3.1656,0.2083,constant_velocity,0,0,3.0076
200203,OT,32,0.1648,0.0068,0.0800,3.1745,0.2056,constant_velocity,0,0,3.0162
200203,OT,33,0.1648,0.0068,0.0800,3.1833,0.2030,constant_velocity,0,0,3.0248
200203,OT,34,0.1648,0.0068,0.0800,3.1922,0.2003,constant_velocity,0,0,3.0335
200203,OT,35,0.1648,0.0068,0.0800,3.2011,0.1975,constant_velocity,0,0,3.0423
200203,OT,36,0.1648,0.0068,0.0800,3.2100,0.1949,constant_velocity,0,0,3.0510
200203,OT,37,0.1648,0.0068,0.0800,3.2188,0.1924,constant_velocity,0,0,3.0596
200203,OT,38,0.1648,0.0068,0.0800,3.2274,0.1899,constant_velocity,0,0,3.0680
200203,OT,39,0.1648,0.0068,0.0800,3.2359,0.1873,constant_velocity,0,0,3.0764
200203,OT,40,0.1648,0.0068,0.0800,3.2443,0.1846,turn_right,0,0,3.0846
200203,OT,41,0.1648,0.0068,0.0800,3.2525,0.1816,turn_left,0,1,3.0926
200203,OT,42,0.1648,0.0068,0.0800,3.2607,0.1789,turn_left,0,0,3.1007
200203,OT,43,0.1648,0.0068,0.0800,3.2688,0.1764,turn_left,0,0,3.1086
200203,OT,44,0.1648,0.0068,0.0800,3.2770,0.1741,turn_left,0,0,3.1167
200203,OT,45,0.1648,0.0068,0.0800,3.2853,0.1719,turn_left,0,0,3.1249
200203,OT,46,0.1648,0.0068,0.0800,3.2939,0.1700,turn_left,0,0,3.1333
200203,OT,47,0.1648,0.0068,0.0800,3.3025,0.1684,turn_left,0,0,3.1418
200203,OT,48,0.1648,0.0068,0.0800,3.3111,0.1671,turn_right,0,1,3.1503
200203,OT,49,0.1648,0.0068,0.0800,3.3195,0.1654,turn_right,0,0,3.1586
200203,OT,50,0.1648,0.0068,0.0800,3.3278,0.1638,turn_right,0,0,3.1669
200203,OT,51,0.1648,0.0068,0.0800,3.3362,0.1620,turn_right,0,0,3.1752
200203,OT,52,0.1648,0.0068,0.0800,3.3446,0.1600,turn_right,0,0,3.1835
200203,OT,53,0.1648,0.0068,0.0800,3.3528,0.1577,turn_right,0,0,3.1916
200203,OT,54,0.1648,0.0068,0.0800,3.3609,0.1552,constant_velocity,0,0,3.1996
200203,OT,55,0.1648,0.0068,0.0800,3.3691,0.1527,constant_velocity,0,0,3.2076
200203,OT,56,0.1648,0.0068,0.0800,3.3773,0.1503,constant_velocity,0,0,3.2156
200203,OT,57,0.1648,0.0068,0.0800,3.3854,0.1479,constant_velocity,0,0,3.2237
200203,OT,58,0.1648,0.0068,0.0800,3.3936,0.1455,constant_velocity,0,0,3.2318
200203,OT,59,0.1648,0.0068,0.0800,3.4017,0.1430,constant_velocity,0,0,3.2398
200203,OT,60,0.1648,0.0068,0.0800,3.4097,0.1403,constant_velocity,0,0,3.2477
200203,OT,61,0.1648,0.0068,0.0800,3.4176,0.1376,constant_velocity,0,0,3.2554
200203,OT,62,0.1648,0.0068,0.0800,3.4253,0.1350,constant_velocity,0,0,3.2630
200203,OT,63,0.1648,0.0068,0.0800,3.4332,0.1323,constant_velocity,0,0,3.2707
200203,OT,64,0.1648,0.0068,0.0800,3.4410,0.1295,turn_right,0,0,3.2785
200203,OT,65,0.1648,0.0068,0.0800,3.4488,0.1266,turn_right,0,0,3.2862
200203,OT,66,0.1648,0.0068,0.0800,3.4563,0.1235,constant_velocity,0,0,3.2936
200203,OT,67,0.1648,0.0068,0.0800,3.4639,0.1205,turn_left,0,1,3.3010
200203,OT,68,0.1648,0.0068,0.0800,3.4717,0.1179,decelerating,0,0,3.3087
200203,OT,69,0.1648,0.0068,0.0800,3.4795,0.1154,decelerating,0,0,3.3165
200203,OT,70,0.1648,0.0068,0.0800,3.4823,0.1078,decelerating,0,0,3.3190
200203,OT,71,0.1648,0.0068,0.0800,3.4801,0.0952,decelerating,0,0,3.3164
200203,OT,72,0.1648,0.0068,0.0800,3.4728,0.0777,decelerating,0,0,3.3088
200203,OT,73,0.1648,0.0068,0.0800,3.4605,0.0551,constant_velocity,0,0,3.2961
200203,OT,74,0.1648,0.0068,0.0800,3.4433,0.0275,constant_velocity,0,1,3.2785
200203,OT,75,0.1648,0.0068,0.0800,3.4261,-0.0003,constant_velocity,0,0,3.2613
200203,OT,76,0.1648,0.0068,0.0800,3.4089,-0.0281,constant_velocity,0,0,3.2443
200203,OT,77,0.1648,0.0068,0.0800,3.3916,-0.0558,constant_velocity,0,0,3.2274
200203,OT,78,0.1648,0.0068,0.0800,3.3744,-0.0835,constant_velocity,0,0,3.2109
200203,OT,79,0.1648,0.0068,0.0800,3.3571,-0.1109,constant_velocity,0,0,3.1944
200203,OT,80,0.1648,0.0068,0.0800,3.3397,-0.1382,constant_velocity,0,0,3.1782
200203,OT,81,0.1648,0.0068,0.0800,3.3224,-0.1654,turn_right,0,0,3.1623
200203,OT,82,0.1648,0.0068,0.0800,3.3042,-0.1920,decelerating,0,0,3.1457
200203,OT,83,0.1648,0.0068,0.0800,3.2860,-0.2186,constant_velocity,0,0,3.1293
200203,OT,84,0.1648,0.0068,0.0800,3.2628,-0.2502,constant_velocity,0,0,3.1087
200203,OT,85,0.1648,0.0068,0.0800,3.2395,-0.2816,turn_right,0,0,3.0882
200203,OT,86,0.1648,0.0068,0.0800,3.2153,-0.3123,constant_velocity,0,1,3.0671
200203,OT,87,0.1648,0.0068,0.0800,3.1910,-0.3430,constant_velocity,0,0,3.0463
200203,OT,88,0.1648,0.0068,0.0800,3.1667,-0.3736,constant_velocity,0,0,3.0259
200203,OT,89,0.1648,0.0068,0.0800,3.1422,-0.4042,constant_velocity,0,0,3.0057
200203,OT,90,0.1648,0.0068,0.0800,3.1179,-0.4348,constant_velocity,0,0,2.9859
200203,OT,91,0.1648,0.0068,0.0800,3.0935,-0.4654,constant_velocity,0,0,2.9665
200203,OT,92,0.1648,0.0068,0.0800,3.0691,-0.4959,constant_velocity,0,0,2.9475
200203,OT,93,0.1648,0.0068,0.0800,3.0447,-0.5264,constant_velocity,0,0,2.9288
200203,OT,94,0.1648,0.0068,0.0800,3.0203,-0.5568,decelerating,0,0,2.9105
200203,OT,95,0.1648,0.0068,0.0800,2.9959,-0.5874,constant_velocity,0,0,2.8927
200203,OT,96,0.1648,0.0068,0.0800,2.9666,-0.6230,constant_velocity,0,0,2.8717
200203,OT,97,0.1648,0.0068,0.0800,2.9375,-0.6586,constant_velocity,0,0,2.8514
200203,OT,98,0.1648,0.0068,0.0800,2.9084,-0.6942,constant_velocity,0,0,2.8317
200203,OT,99,0.1648,0.0068,0.0800,2.8792,-0.7298,turn_right,0,1,2.8126
200203,OT,100,0.1648,0.0068,0.0800,2.8489,-0.7645,turn_right,0,1,2.7927
200203,OT,101,0.1648,0.0068,0.0800,2.8176,-0.7983,turn_right,0,1,2.7722
200203,OT,102,0.1648,0.0068,0.0800,2.7853,-0.8311,turn_right,0,0,2.7512
200203,OT,103,0.1648,0.0068,0.0800,2.7522,-0.8630,turn_right,0,0,2.7297
200203,OT,104,0.1648,0.0068,0.0800,2.7182,-0.8938,turn_right,0,0,2.7076
200203,OT,105,0.1648,0.0068,0.0800,2.6833,-0.9237,turn_right,0,0,2.6849
200203,OT,106,0.1648,0.0068,0.0800,2.6475,-0.9524,turn_right,0,0,2.6616
200203,OT,107,0.1648,0.0068,0.0800,2.6109,-0.9801,turn_right,0,0,2.6377
200203,OT,108,0.1648,0.0068,0.0800,2.5735,-1.0068,turn_right,0,0,2.6133
200203,OT,109,0.1648,0.0068,0.0800,2.5352,-1.0324,turn_right,0,0,2.5882
200203,OT,110,0.1648,0.0068,0.0800,2.4962,-1.0567,turn_right,0,0,2.5625
200203,OT,111,0.1648,0.0068,0.0800,2.4566,-1.0797,turn_right,0,0,2.5363
200203,OT,112,0.1648,0.0068,0.0800,2.4163,-1.1016,turn_right,0,0,2.5095
200203,OT,113,0.1648,0.0068,0.0800,2.3752,-1.1220,turn_right,0,0,2.4820
200203,OT,114,0.1648,0.0068,0.0800,2.3336,-1.1413,turn_right,0,0,2.4539
200203,OT,115,0.1648,0.0068,0.0800,2.2914,-1.1592,turn_right,0,0,2.4253
200203,OT,116,0.1648,0.0068,0.0800,2.2488,-1.1759,turn_right,0,0,2.3961
200203,OT,117,0.1648,0.0068,0.0800,2.2057,-1.1913,turn_left,0,0,2.3666
200203,OT,118,0.1648,0.0068,0.0800,2.1633,-1.2080,turn_right,0,0,2.3387
200203,OT,119,0.1648,0.0068,0.0800,2.1204,-1.2234,turn_right,0,0,2.3103
200203,OT,120,0.1648,0.0068,0.0800,2.0770,-1.2376,turn_right,0,1,2.2815
200203,OT,121,0.1648,0.0068,0.0800,2.0331,-1.2506,turn_right,0,0,2.2520
200203,OT,122,0.1648,0.0068,0.0800,1.9888,-1.2623,turn_right,0,0,2.2220
200203,OT,123,0.1648,0.0068,0.0800,1.9440,-1.2725,turn_right,0,0,2.1914
200203,OT,124,0.1648,0.0068,0.0800,1.8989,-1.2814,turn_right,0,0,2.1602
200203,OT,125,0.1648,0.0068,0.0800,1.8536,-1.2888,turn_right,0,0,2.1285
200203,OT,126,0.1648,0.0068,0.0800,1.8081,-1.2947,turn_right,0,1,2.0963
200203,OT,127,0.1648,0.0068,0.0800,1.7626,-1.2992,turn_right,0,0,2.0636
200203,OT,128,0.1648,0.0068,0.0800,1.7169,-1.3023,constant_velocity,0,0,2.0305
200203,OT,129,0.1648,0.0068,0.0800,1.6711,-1.3054,decelerating,0,0,1.9977
200203,OT,130,0.1648,0.0068,0.0800,1.6253,-1.3084,decelerating,0,0,1.9654
200203,OT,131,0.1648,0.0068,0.0800,1.5747,-1.3165,turn_right,0,1,1.9336
200203,OT,132,0.1648,0.0068,0.0800,1.5187,-1.3281,turn_right,0,0,1.9013
200203,OT,133,0.1648,0.0068,0.0800,1.4626,-1.3380,turn_right,0,1,1.8688
200203,OT,134,0.1648,0.0068,0.0800,1.4061,-1.3461,turn_right,0,0,1.8360
200203,OT,135,0.1648,0.0068,0.0800,1.3494,-1.3523,decelerating,0,0,1.8029
200203,OT,136,0.1648,0.0068,0.0800,1.2926,-1.3586,decelerating,0,0,1.7709
200203,OT,137,0.1648,0.0068,0.0800,1.2310,-1.3698,decelerating,0,0,1.7412
200203,OT,138,0.1648,0.0068,0.0800,1.1645,-1.3862,decelerating,0,0,1.7146
200203,OT,139,0.1648,0.0068,0.0800,1.0931,-1.4078,turn_left,0,0,1.6920
200203,OT,140,0.1648,0.0068,0.0800,1.0175,-1.4366,constant_velocity,0,1,1.6765
200203,OT,141,0.1648,0.0068,0.0800,0.9418,-1.4654,constant_velocity,0,0,1.6647
200203,OT,142,0.1648,0.0068,0.0800,0.8662,-1.4942,turn_right,0,0,1.6568
200203,OT,143,0.1648,0.0068,0.0800,0.7897,-1.5206,turn_right,0,1,1.6503
200203,OT,144,0.1648,0.0068,0.0800,0.7125,-1.5447,turn_right,0,1,1.6453
200203,OT,145,0.1648,0.0068,0.0800,0.6345,-1.5663,turn_right,0,0,1.6417
200203,OT,146,0.1648,0.0068,0.0800,0.5559,-1.5855,turn_right,0,0,1.6396
200203,OT,147,0.1648,0.0068,0.0800,0.4767,-1.6022,turn_right,0,0,1.6390
200203,OT,148,0.1648,0.0068,0.0800,0.3970,-1.6166,decelerating,0,0,1.6399
200203,OT,149,0.1648,0.0068,0.0800,0.3174,-1.6310,decelerating,0,0,1.6449
200203,OT_SH,0,0.0000,0.0000,0.0000,2.8904,0.2612,constant_velocity,0,0,2.9021
200203,OT_SH,1,0.0000,0.0000,0.0000,2.8988,0.2606,constant_velocity,0,0,2.9105
200203,OT_SH,2,0.0000,0.0000,0.0000,2.9073,0.2600,constant_velocity,0,0,2.9189
200203,OT_SH,3,0.1648,-0.0068,-0.0800,2.9160,0.2594,constant_velocity,0,0,2.7640
200203,OT_SH,4,0.3567,-0.0301,-0.1600,2.9247,0.2588,constant_velocity,0,0,2.5842
200203,OT_SH,5,0.5726,-0.0741,-0.2400,2.9334,0.2581,constant_velocity,0,0,2.3841
200203,OT_SH,6,0.8118,-0.1430,-0.3199,2.9421,0.2575,turn_right,0,0,2.1676
200203,OT_SH,7,1.0763,-0.2318,-0.3276,2.9507,0.2566,turn_right,0,0,1.9370
200203,OT_SH,8,1.3676,-0.3350,-0.3530,2.9593,0.2554,constant_velocity,0,0,1.6977
200203,OT_SH,9,1.6806,-0.4648,-0.4321,2.9680,0.2542,constant_velocity,0,0,1.4745
200203,OT_SH,10,2.0216,-0.6057,-0.3525,2.9768,0.2529,constant_velocity,0,0,1.2843
200203,OT_SH,11,2.4012,-0.7281,-0.2725,2.9857,0.2516,constant_velocity,0,0,1.1409
200203,OT_SH,12,2.8185,-0.8268,-0.1928,2.9948,0.2504,constant_velocity,0,0,1.0915
200203,OT_SH,13,3.2721,-0.8964,-0.1128,3.0039,0.2492,constant_velocity,0,0,1.1766
200203,OT_SH,14,3.7596,-0.9318,-0.0329,3.0130,0.2478,constant_velocity,0,0,1.3961
200203,OT_SH,15,4.2784,-0.9279,0.0471,3.0221,0.2465,constant_velocity,0,0,1.7198
200203,OT_SH,16,4.8272,-0.9243,-0.0329,3.0312,0.2451,constant_velocity,0,0,2.1431
200203,OT_SH,17,5.4060,-0.9201,0.0465,3.0405,0.2436,constant_velocity,0,0,2.6363
200203,OT_SH,18,6.0148,-0.9163,-0.0331,3.0498,0.2422,turn_right,0,1,3.1834
200203,OT_SH,19,6.6536,-0.9118,0.0466,3.0590,0.2406,turn_right,0,0,3.7748
200203,OT_SH,20,7.3224,-0.9075,-0.0334,3.0682,0.2387,turn_right,0,0,4.4059
200203,OT_SH,21,8.0212,-0.9028,0.0462,3.0773,0.2365,turn_right,0,0,5.0735
200203,OT_SH,22,8.7499,-0.8985,-0.0338,3.0862,0.2340,constant_velocity,0,0,5.7759
200203,OT_SH,23,9.5087,-0.8936,0.0462,3.0951,0.2314,turn_right,0,0,6.5115
200203,OT_SH,24,10.2974,-0.8889,-0.0338,3.1040,0.2286,turn_right,0,0,7.2797
200203,OT_SH,25,11.1161,-0.8837,0.0459,3.1128,0.2254,turn_right,0,0,8.0798
200203,OT_SH,26,11.9645,-0.8535,0.0255,3.1215,0.2220,turn_left,0,0,8.9081
200203,OT_SH,27,12.8413,-0.7958,0.1055,3.1303,0.2191,constant_velocity,0,0,9.7639
200203,OT_SH,28,13.7151,-0.7383,0.0255,3.1391,0.2161,turn_left,0,0,10.6190
200203,OT_SH,29,14.5461,-0.6841,0.1055,3.1479,0.2135,constant_velocity,0,0,11.4334
200203,OT_SH,30,15.3206,-0.5710,0.1855,3.1568,0.2109,constant_velocity,0,0,12.1889
200203,OT_SH,31,16.0443,-0.4553,0.1310,3.1656,0.2083,constant_velocity,0,0,12.8957
200203,OT_SH,32,16.7196,-0.3536,0.1683,3.1745,0.2056,constant_velocity,0,0,13.5567
200203,OT_SH,33,17.3471,-0.2723,0.0883,3.1833,0.2030,constant_velocity,0,0,14.1718
200203,OT_SH,34,17.9293,-0.2439,0.0083,3.1922,0.2003,constant_velocity,0,0,14.7438
200203,OT_SH,35,18.4618,-0.2605,-0.0717,3.2011,0.1975,constant_velocity,0,0,15.2676
200203,OT_SH,36,18.9444,-0.2761,0.0083,3.2100,0.1949,constant_velocity,0,0,15.7414
200203,OT_SH,37,19.3767,-0.2556,0.0883,3.2188,0.1924,constant_velocity,0,0,16.1642
200203,OT_SH,38,19.7565,-0.2070,0.1683,3.2274,0.1899,constant_velocity,0,0,16.5339
200203,OT_SH,39,20.0823,-0.1385,0.2483,3.2359,0.1873,constant_velocity,0,0,16.8495
200203,OT_SH,40,20.3536,-0.0584,0.3283,3.2443,0.1846,turn_right,0,0,17.1110
200203,OT_SH,41,20.5710,0.0252,0.4082,3.2525,0.1816,turn_left,0,0,17.3192
200203,OT_SH,42,20.7360,0.1041,0.4882,3.2607,0.1789,turn_left,0,0,17.4755
200203,OT_SH,43,20.8510,0.1709,0.5682,3.2688,0.1764,turn_left,0,0,17.5822
200203,OT_SH,44,20.9199,0.2171,0.6180,3.2770,0.1741,turn_left,0,1,17.6430
200203,OT_SH,45,20.9474,0.2354,0.5380,3.2853,0.1719,turn_left,0,0,17.6621
200203,OT_SH,46,20.9323,0.2275,0.4580,3.2939,0.1700,turn_left,0,0,17.6385
200203,OT_SH,47,20.8709,0.2007,0.3780,3.3025,0.1684,turn_left,0,0,17.5685
200203,OT_SH,48,20.7604,0.1622,0.2980,3.3111,0.1671,turn_right,0,0,17.4494
200203,OT_SH,49,20.6111,0.1230,0.2180,3.3195,0.1654,turn_right,0,1,17.2917
200203,OT_SH,50,20.4630,0.0898,0.2223,3.3278,0.1638,turn_right,0,0,17.1354
200203,OT_SH,51,20.3454,0.0584,0.3023,3.3362,0.1620,turn_right,0,0,17.0095
200203,OT_SH,52,20.2587,0.0278,0.3823,3.3446,0.1600,turn_right,0,1,16.9146
200203,OT_SH,53,20.1985,0.0009,0.4623,3.3528,0.1577,turn_right,0,0,16.8464
200203,OT_SH,54,20.1575,-0.0215,0.5423,3.3609,0.1552,constant_velocity,0,0,16.7975
200203,OT_SH,55,20.1300,-0.0395,0.6223,3.3691,0.1527,constant_velocity,0,0,16.7620
200203,OT_SH,56,20.1125,-0.0531,0.7023,3.3773,0.1503,constant_velocity,0,0,16.7365
200203,OT_SH,57,20.1022,-0.0625,0.7823,3.3854,0.1479,constant_velocity,0,0,16.7181
200203,OT_SH,58,20.0969,-0.0682,0.8623,3.3936,0.1455,constant_velocity,0,0,16.7046
200203,OT_SH,59,20.0949,-0.0706,0.9423,3.4017,0.1430,constant_velocity,0,0,16.6946
200203,OT_SH,60,20.0952,-0.0702,1.0223,3.4097,0.1403,constant_velocity,0,0,16.6868
200203,OT_SH,61,20.0967,-0.0675,1.1023,3.4176,0.1376,constant_velocity,0,0,16.6804
200203,OT_SH,62,20.0987,-0.0629,1.1823,3.4253,0.1350,constant_velocity,0,0,16.6746
200203,OT_SH,63,20.1009,-0.0569,1.2623,3.4332,0.1323,constant_velocity,0,0,16.6688
200203,OT_SH,64,20.1029,-0.0497,1.3423,3.4410,0.1295,turn_right,0,0,16.6628
200203,OT_SH,65,20.1044,-0.0418,1.4223,3.4488,0.1266,turn_right,0,0,16.6565
200203,OT_SH,66,20.1053,-0.0333,1.5023,3.4563,0.1235,constant_velocity,0,0,16.6497
200203,OT_SH,67,20.1056,-0.0244,1.5823,3.4639,0.1205,turn_left,0,0,16.6423
200203,OT_SH,68,20.1051,-0.0155,1.6623,3.4717,0.1179,decelerating,0,1,16.6339
200203,OT_SH,69,20.1039,-0.0065,1.7423,3.4795,0.1154,decelerating,0,0,16.6248
200203,OT_SH,70,20.1020,0.0024,1.8223,3.4823,0.1078,decelerating,0,1,16.6200
200203,OT_SH,71,20.0994,0.0110,1.9023,3.4801,0.0952,decelerating,0,0,16.6196
200203,OT_SH,72,20.0962,0.0192,1.9823,3.4728,0.0777,decelerating,0,1,16.6235
200203,OT_SH,73,20.0924,0.0271,2.0623,3.4605,0.0551,constant_velocity,0,0,16.6319
200203,OT_SH,74,20.0880,0.0346,2.1423,3.4433,0.0275,constant_velocity,0,0,16.6447
200203,OT_SH,75,20.0831,0.0415,2.2223,3.4261,-0.0003,constant_velocity,0,0,16.6571
200203,OT_SH,76,20.0778,0.0479,2.3023,3.4089,-0.0281,constant_velocity,0,0,16.6691
200203,OT_SH,77,20.0721,0.0538,2.3823,3.3916,-0.0558,constant_velocity,0,0,16.6808
200203,OT_SH,78,20.0661,0.0591,2.4623,3.3744,-0.0835,constant_velocity,0,0,16.6923
200203,OT_SH,79,20.0597,0.0638,2.5423,3.3571,-0.1109,constant_velocity,0,0,16.7035
200203,OT_SH,80,20.0531,0.0680,2.6223,3.3397,-0.1382,constant_velocity,0,0,16.7147
200203,OT_SH,81,20.0464,0.0715,2.7023,3.3224,-0.1654,turn_right,0,1,16.7256
200203,OT_SH,82,20.0394,0.0744,2.7823,3.3042,-0.1920,decelerating,0,1,16.7373
200203,OT_SH,83,20.0324,0.0767,2.8623,3.2860,-0.2186,constant_velocity,0,0,16.7490
200203,OT_SH,84,20.0253,0.0785,2.9423,3.2628,-0.2502,constant_velocity,0,0,16.7657
200203,OT_SH,85,20.0183,0.0796,3.0223,3.2395,-0.2816,turn_right,0,0,16.7826
200203,OT_SH,86,20.0112,0.0802,3.1023,3.2153,-0.3123,constant_velocity,0,0,16.8005
200203,OT_SH,87,20.0042,0.0801,3.1823,3.1910,-0.3430,constant_velocity,0,0,16.8185
200203,OT_SH,88,19.9973,0.0796,3.2623,3.1667,-0.3736,constant_velocity,0,0,16.8368
200203,OT_SH,89,19.9906,0.0785,3.3423,3.1422,-0.4042,constant_velocity,0,0,16.8553
200203,OT_SH,90,19.9841,0.0769,3.4223,3.1179,-0.4348,constant_velocity,0,0,16.8740
200203,OT_SH,91,19.9777,0.0748,3.5023,3.0935,-0.4654,constant_velocity,0,0,16.8929
200203,OT_SH,92,19.9717,0.0722,3.5823,3.0691,-0.4959,constant_velocity,0,0,16.9121
200203,OT_SH,93,19.9659,0.0692,3.6623,3.0447,-0.5264,constant_velocity,0,0,16.9316
200203,OT_SH,94,19.9604,0.0657,3.7423,3.0203,-0.5568,decelerating,0,1,16.9515
200203,OT_SH,95,19.9552,0.0619,3.8223,2.9959,-0.5874,constant_velocity,0,0,16.9718
200203,OT_SH,96,19.9504,0.0577,3.9023,2.9666,-0.6230,constant_velocity,0,0,16.9974
200203,OT_SH,97,19.9460,0.0531,3.9823,2.9375,-0.6586,constant_velocity,0,0,17.0234
200203,OT_SH,98,19.9420,0.0483,4.0623,2.9084,-0.6942,constant_velocity,0,0,17.0498
200203,OT_SH,99,19.9384,0.0431,4.1423,2.8792,-0.7298,turn_right,0,0,17.0767
200203,OT_SH,100,19.9352,0.0378,4.2223,2.8489,-0.7645,turn_right,0,0,17.1052
200203,OT_SH,101,19.9326,0.0322,4.3023,2.8176,-0.7983,turn_right,0,1,17.1351
200203,OT_SH,102,19.9303,0.0265,4.3823,2.7853,-0.8311,turn_right,0,1,17.1664
200203,OT_SH,103,19.9286,0.0206,4.4623,2.7522,-0.8630,turn_right,0,0,17.1990
200203,OT_SH,104,19.9273,0.0146,4.5423,2.7182,-0.8938,turn_right,0,0,17.2331
200203,OT_SH,105,19.9265,0.0086,4.6223,2.6833,-0.9237,turn_right,0,0,17.2684
200203,OT_SH,106,19.9262,0.0026,4.7023,2.6475,-0.9524,turn_right,0,0,17.3050
200203,OT_SH,107,19.9264,-0.0035,4.7823,2.6109,-0.9801,turn_right,0,0,17.3430
200203,OT_SH,108,19.9271,-0.0094,4.8623,2.5735,-1.0068,turn_right,0,0,17.3822
200203,OT_SH,109,19.9282,-0.0153,4.9423,2.5352,-1.0324,turn_right,0,0,17.4227
200203,OT_SH,110,19.9298,-0.0211,5.0223,2.4962,-1.0567,turn_right,0,0,17.4643
200203,OT_SH,111,19.9318,-0.0267,5.1023,2.4566,-1.0797,turn_right,0,1,17.5069
200203,OT_SH,112,19.9343,-0.0321,5.1823,2.4163,-1.1016,turn_right,0,0,17.5507
200203,OT_SH,113,19.9372,-0.0372,5.2623,2.3752,-1.1220,turn_right,0,0,17.5954
200203,OT_SH,114,19.9405,-0.0421,5.3423,2.3336,-1.1413,turn_right,0,0,17.6412
200203,OT_SH,115,19.9441,-0.0468,5.4223,2.2914,-1.1592,turn_right,0,0,17.6877
200203,OT_SH,116,19.9482,-0.0511,5.5023,2.2488,-1.1759,turn_right,0,0,17.7351
200203,OT_SH,117,19.9525,-0.0551,5.5823,2.2057,-1.1913,turn_left,0,0,17.7831
200203,OT_SH,118,19.9571,-0.0587,5.6623,2.1633,-1.2080,turn_right,0,0,17.8309
200203,OT_SH,119,19.9620,-0.0619,5.7423,2.1204,-1.2234,turn_right,0,0,17.8794
200203,OT_SH,120,19.9672,-0.0647,5.8223,2.0770,-1.2376,turn_right,0,0,17.9286
200203,OT_SH,121,19.9725,-0.0671,5.9023,2.0331,-1.2506,turn_right,0,0,17.9784
200203,OT_SH,122,19.9780,-0.0690,5.9823,1.9888,-1.2623,turn_right,0,0,18.0287
200203,OT_SH,123,19.9836,-0.0705,6.0623,1.9440,-1.2725,turn_right,0,0,18.0796
200203,OT_SH,124,19.9894,-0.0716,6.1423,1.8989,-1.2814,turn_right,0,0,18.1308
200203,OT_SH,125,19.9952,-0.0722,6.2223,1.8536,-1.2888,turn_right,0,0,18.1823
200203,OT_SH,126,20.0010,-0.0723,6.3023,1.8081,-1.2947,turn_right,0,0,18.2339
200203,OT_SH,127,20.0068,-0.0719,6.3823,1.7626,-1.2992,turn_right,0,0,18.2854
200203,OT_SH,128,20.0125,-0.0711,6.4623,1.7169,-1.3023,constant_velocity,0,1,18.3370
200203,OT_SH,129,20.0182,-0.0699,6.5423,1.6711,-1.3054,decelerating,0,0,18.3886
200203,OT_SH,130,20.0237,-0.0682,6.6223,1.6253,-1.3084,decelerating,0,0,18.4401
200203,OT_SH,131,20.0291,-0.0660,6.7023,1.5747,-1.3165,turn_right,0,0,18.4967
200203,OT_SH,132,20.0343,-0.0635,6.7823,1.5187,-1.3281,turn_right,0,0,18.5587
200203,OT_SH,133,20.0393,-0.0605,6.8623,1.4626,-1.3380,turn_right,0,0,18.6206
200203,OT_SH,134,20.0440,-0.0571,6.9423,1.4061,-1.3461,turn_right,0,0,18.6824
200203,OT_SH,135,20.0484,-0.0534,7.0223,1.3494,-1.3523,decelerating,0,0,18.7441
200203,OT_SH,136,20.0525,-0.0493,7.1023,1.2926,-1.3586,decelerating,0,0,18.8055
200203,OT_SH,137,20.0563,-0.0450,7.1823,1.2310,-1.3698,decelerating,0,1,18.8719
200203,OT_SH,138,20.0597,-0.0403,7.2623,1.1645,-1.3862,decelerating,0,0,18.9430
200203,OT_SH,139,20.0627,-0.0354,7.3423,1.0931,-1.4078,turn_left,0,0,19.0192
200203,OT_SH,140,20.0653,-0.0303,7.4223,1.0175,-1.4366,constant_velocity,0,0,19.0997
200203,OT_SH,141,20.0675,-0.0249,7.5023,0.9418,-1.4654,constant_velocity,0,0,19.1799
200203,OT_SH,142,20.0693,-0.0194,7.5823,0.8662,-1.4942,turn_right,0,1,19.2597
200203,OT_SH,143,20.0706,-0.0138,7.6623,0.7897,-1.5206,turn_right,0,1,19.3397
200203,OT_SH,144,20.0715,-0.0081,7.7423,0.7125,-1.5447,turn_right,0,0,19.4199
200203,OT_SH,145,20.0719,-0.0024,7.8223,0.6345,-1.5663,turn_right,0,1,19.5002
200203,OT_SH,146,20.0719,0.0034,7.9023,0.5559,-1.5855,turn_right,0,0,19.5806
200203,OT_SH,147,20.0714,0.0091,7.9823,0.4767,-1.6022,turn_right,0,0,19.6608
200203,OT_SH,148,20.0704,0.0148,8.0623,0.3970,-1.6166,decelerating,0,1,19.7409
200203,OT_SH,149,20.0690,0.0204,8.1423,0.3174,-1.6310,decelerating,0,1,19.8205
200289,Base,0,0.0000,0.0000,0.0000,3.1874,0.3604,turn_right,0,1,3.2077
200289,Base,1,0.1648,-0.0068,-0.0800,3.1783,0.3529,turn_right,0,0,3.0350
200289,Base,2,0.1648,-0.0068,-0.0800,3.1690,0.3458,turn_right,0,0,3.0249
200289,Base,3,0.1648,-0.0068,-0.0800,3.1597,0.3390,turn_right,0,0,3.0148
200289,Base,4,0.1648,-0.0068,-0.0800,3.1502,0.3324,turn_right,0,0,3.0047
200289,Base,5,0.1648,-0.0068,-0.0800,3.1407,0.3263,turn_right,0,0,2.9945
200289,Base,6,0.1648,-0.0068,-0.0800,3.1310,0.3204,turn_right,0,0,2.9842
200289,Base,7,0.1648,-0.0068,-0.0800,3.1210,0.3150,turn_right,0,0,2.9737
200289,Base,8,0.1648,-0.0068,-0.0800,3.1110,0.3098,turn_right,0,0,2.9632
200289,Base,9,0.1648,-0.0068,-0.0800,3.1010,0.3050,turn_right,0,0,2.9528
200289,Base,10,0.1648,-0.0068,-0.0800,3.0909,0.3007,turn_left,0,0,2.9422
200289,Base,11,0.1648,-0.0068,-0.0800,3.0810,0.2960,turn_left,0,1,2.9319
200289,Base,12,0.1648,-0.0068,-0.0800,3.0712,0.2910,decelerating,0,0,2.9217
200289,Base,13,0.1648,-0.0068,-0.0800,3.0615,0.2860,turn_right,0,0,2.9115
200289,Base,14,0.1648,-0.0068,-0.0800,3.0466,0.2763,turn_right,0,0,2.8957
200289,Base,15,0.1648,-0.0068,-0.0800,3.0313,0.2671,turn_right,0,1,2.8796
200289,Base,16,0.1648,-0.0068,-0.0800,3.0157,0.2583,turn_right,0,0,2.8633
200289,Base,17,0.1648,-0.0068,-0.0800,2.9999,0.2500,decelerating,0,0,2.8467
200289,Base,18,0.1648,-0.0068,-0.0800,2.9841,0.2416,decelerating,0,0,2.8302
200289,Base,19,0.1648,-0.0068,-0.0800,2.9634,0.2283,turn_left,0,0,2.8085
200289,Base,20,0.1648,-0.0068,-0.0800,2.9383,0.2092,turn_left,0,1,2.7820
200289,Base,21,0.1648,-0.0068,-0.0800,2.9139,0.1894,turn_left,0,0,2.7561
200289,Base,22,0.1648,-0.0068,-0.0800,2.8901,0.1689,decelerating,0,0,2.7310
200289,Base,23,0.1648,-0.0068,-0.0800,2.8663,0.1483,decelerating,0,0,2.7060
200289,Base,24,0.1648,-0.0068,-0.0800,2.8374,0.1227,decelerating,0,0,2.6758
200289,Base,25,0.1648,-0.0068,-0.0800,2.8035,0.0921,decelerating,0,0,2.6406
200289,Base,26,0.1648,-0.0068,-0.0800,2.7647,0.0565,decelerating,0,0,2.6007
200289,Base,27,0.1648,-0.0068,-0.0800,2.7210,0.0158,turn_left,0,1,2.5563
200289,Base,28,0.1648,-0.0068,-0.0800,2.6736,-0.0314,turn_left,0,0,2.5090
200289,Base,29,0.1648,-0.0068,-0.0800,2.6276,-0.0801,turn_left,0,0,2.4640
200289,Base,30,0.1648,-0.0068,-0.0800,2.5831,-0.1300,turn_left,0,1,2.4215
200289,Base,31,0.1648,-0.0068,-0.0800,2.5401,-0.1814,turn_left,0,1,2.3818
200289,Base,32,0.1648,-0.0068,-0.0800,2.4986,-0.2341,decelerating,0,0,2.3449
200289,Base,33,0.1648,-0.0068,-0.0800,2.4571,-0.2870,decelerating,0,0,2.3094
200289,Base,34,0.1648,-0.0068,-0.0800,2.4106,-0.3450,decelerating,0,0,2.2712
200289,Base,35,0.1648,-0.0068,-0.0800,2.3591,-0.4081,turn_left,0,0,2.2308
200289,Base,36,0.1648,-0.0068,-0.0800,2.3048,-0.4778,turn_left,0,1,2.1913
200289,Base,37,0.1648,-0.0068,-0.0800,2.2527,-0.5491,constant_velocity,0,1,2.1572
200289,Base,38,0.1648,-0.0068,-0.0800,2.2005,-0.6204,constant_velocity,0,1,2.1262
200289,Base,39,0.1648,-0.0068,-0.0800,2.1484,-0.6915,decelerating,0,0,2.0985
200289,Base,40,0.1648,-0.0068,-0.0800,2.0965,-0.7626,decelerating,0,0,2.0744
200289,Base,41,0.1648,-0.0068,-0.0800,2.0395,-0.8388,constant_velocity,0,0,2.0510
200289,Base,42,0.1648,-0.0068,-0.0800,1.9772,-0.9200,decelerating,0,0,2.0295
200289,Base,43,0.1648,-0.0068,-0.0800,1.9150,-1.0011,decelerating,0,0,2.0130
200289,Base,44,0.1648,-0.0068,-0.0800,1.8479,-1.0872,turn_left,0,0,2.0001
200289,Base,45,0.1648,-0.0068,-0.0800,1.7786,-1.1803,turn_left,0,1,1.9954
200289,Base,46,0.1648,-0.0068,-0.0800,1.7121,-1.2753,turn_left,0,1,2.0009
200289,Base,47,0.1648,-0.0068,-0.0800,1.6485,-1.3722,turn_left,0,1,2.0164
200289,Base,48,0.1648,-0.0068,-0.0800,1.5877,-1.4710,turn_left,0,0,2.0418
200289,Base,49,0.1648,-0.0068,-0.0800,1.5298,-1.5717,turn_left,0,0,2.0766
200289,Base,50,0.1648,-0.0068,-0.0800,1.4749,-1.6742,turn_left,0,0,2.1205
200289,Base,51,0.1648,-0.0068,-0.0800,1.4230,-1.7782,turn_left,0,1,2.1728
200289,Base,52,0.1648,-0.0068,-0.0800,1.3743,-1.8839,turn_left,0,1,2.2330
200289,Base,53,0.1648,-0.0068,-0.0800,1.3286,-1.9910,turn_right,0,0,2.3003
200289,Base,54,0.1648,-0.0068,-0.0800,1.2798,-2.0967,turn_right,0,0,2.3688
200289,Base,55,0.1648,-0.0068,-0.0800,1.2277,-2.2010,turn_right,0,0,2.4381
200289,Base,56,0.1648,-0.0068,-0.0800,1.1724,-2.3036,turn_right,0,0,2.5081
200289,Base,57,0.1648,-0.0068,-0.0800,1.1140,-2.4045,turn_right,0,0,2.5788
200289,Base,58,0.1648,-0.0068,-0.0800,1.0526,-2.5036,turn_right,0,0,2.6499
200289,Base,59,0.1648,-0.0068,-0.0800,0.9884,-2.6008,decelerating,0,0,2.7216
200289,Base,60,0.1648,-0.0068,-0.0800,0.9242,-2.6979,decelerating,0,0,2.7962
200289,Base,61,0.1648,-0.0068,-0.0800,0.8552,-2.8001,decelerating,0,0,2.8774
200289,Base,62,0.1648,-0.0068,-0.0800,0.7811,-2.9073,constant_velocity,0,1,2.9653
200289,Base,63,0.1648,-0.0068,-0.0800,0.7020,-3.0196,constant_velocity,0,1,3.0603
200289,Base,64,0.1648,-0.0068,-0.0800,0.6230,-3.1318,turn_left,0,1,3.1585
200289,Base,65,0.1648,-0.0068,-0.0800,0.5474,-3.2464,turn_left,0,1,3.2622
200289,Base,66,0.1648,-0.0068,-0.0800,0.4754,-3.3633,turn_left,0,0,3.3709
200289,Base,67,0.1648,-0.0068,-0.0800,0.4069,-3.4825,constant_velocity,0,0,3.4841
200289,Base,68,0.1648,-0.0068,-0.0800,0.3383,-3.6016,constant_velocity,0,1,3.5990
200289,Base,69,0.1648,-0.0068,-0.0800,0.2696,-3.7207,constant_velocity,0,1,3.7154
200289,Base,70,0.1648,-0.0068,-0.0800,0.2010,-3.8400,constant_velocity,0,0,3.8333
200289,Base,71,0.1648,-0.0068,-0.0800,0.1325,-3.9592,constant_velocity,0,0,3.9525
200289,Base,72,0.1648,-0.0068,-0.0800,0.0640,-4.0783,constant_velocity,0,0,4.0727
200289,Base,73,0.1648,-0.0068,-0.0800,-0.0044,-4.1974,constant_velocity,0,0,4.1941
200289,Base,74,0.1648,-0.0068,-0.0800,-0.0729,-4.3166,constant_velocity,0,1,4.3163
200289,Base,75,0.1648,-0.0068,-0.0800,-0.1412,-4.4357,constant_velocity,0,0,4.4394
200289,Base,76,0.1648,-0.0068,-0.0800,-0.2097,-4.5548,constant_velocity,0,1,4.5634
200289,Base,77,0.1648,-0.0068,-0.0800,-0.2782,-4.6739,constant_velocity,0,0,4.6881
200289,Base,78,0.1648,-0.0068,-0.0800,-0.3468,-4.7930,constant_velocity,0,0,4.8135
200289,Base,79,0.1648,-0.0068,-0.0800,-0.4153,-4.9120,constant_velocity,0,0,4.9394
200289,Base,80,0.1648,-0.0068,-0.0800,-0.4838,-5.0310,constant_velocity,0,1,5.0659
200289,Base,81,0.1648,-0.0068,-0.0800,-0.5522,-5.1500,constant_velocity,0,1,5.1930
200289,Base,82,0.1648,-0.0068,-0.0800,-0.6206,-5.2690,turn_left,0,0,5.3205
200289,Base,83,0.1648,-0.0068,-0.0800,-0.6856,-5.3901,turn_left,0,1,5.4500
200289,Base,84,0.1648,-0.0068,-0.0800,-0.7469,-5.5129,turn_left,0,0,5.5811
200289,Base,85,0.1648,-0.0068,-0.0800,-0.8046,-5.6376,decelerating,0,0,5.7136
200289,Base,86,0.1648,-0.0068,-0.0800,-0.8622,-5.7623,decelerating,0,0,5.8464
200289,Base,87,0.1648,-0.0068,-0.0800,-0.9248,-5.8920,decelerating,0,0,5.9852
200289,Base,88,0.1648,-0.0068,-0.0800,-0.9925,-6.0266,constant_velocity,0,1,6.1300
200289,Base,89,0.1648,-0.0068,-0.0800,-1.0652,-6.1660,constant_velocity,0,1,6.2808
200289,Base,90,0.1648,-0.0068,-0.0800,-1.1379,-6.3053,constant_velocity,0,0,6.4318
200289,Base,91,0.1648,-0.0068,-0.0800,-1.2107,-6.4446,decelerating,0,0,6.5831
200289,Base,92,0.1648,-0.0068,-0.0800,-1.2836,-6.5838,constant_velocity,0,1,6.7346
200289,Base,93,0.1648,-0.0068,-0.0800,-1.3615,-6.7279,constant_velocity,0,0,6.8923
200289,Base,94,0.1648,-0.0068,-0.0800,-1.4395,-6.8720,turn_left,0,1,7.0502
200289,Base,95,0.1648,-0.0068,-0.0800,-1.5131,-7.0184,turn_left,0,1,7.2095
200289,Base,96,0.1648,-0.0068,-0.0800,-1.5823,-7.1669,turn_left,0,1,7.3702
200289,Base,97,0.1648,-0.0068,-0.0800,-1.6470,-7.3174,turn_right,0,1,7.5318
200289,Base,98,0.1648,-0.0068,-0.0800,-1.7161,-7.4658,turn_right,0,0,7.6925
200289,Base,99,0.1648,-0.0068,-0.0800,-1.7896,-7.6120,turn_left,0,1,7.8523
200289,Base,100,0.1648,-0.0068,-0.0800,-1.8586,-7.7604,turn_left,0,1,8.0132
200289,Base,101,0.1648,-0.0068,-0.0800,-1.9232,-7.9106,turn_right,0,0,8.1750
200289,Base,102,0.1648,-0.0068,-0.0800,-1.9923,-8.0588,turn_right,0,0,8.3359
200289,Base,103,0.1648,-0.0068,-0.0800,-2.0656,-8.2048,turn_left,0,1,8.4960
200289,Base,104,0.1648,-0.0068,-0.0800,-2.1345,-8.3530,turn_left,0,1,8.6571
200289,Base,105,0.1648,-0.0068,-0.0800,-2.1989,-8.5033,turn_left,0,0,8.8191
200289,Base,106,0.1648,-0.0068,-0.0800,-2.2588,-8.6555,turn_left,0,1,8.9819
200289,Base,107,0.1648,-0.0068,-0.0800,-2.3143,-8.8096,turn_left,0,0,9.1452
200289,Base,108,0.1648,-0.0068,-0.0800,-2.3653,-8.9652,turn_left,0,1,9.3088
200289,Base,109,0.1648,-0.0068,-0.0800,-2.4114,-9.1223,turn_left,0,1,9.4726
200289,Base,110,0.1648,-0.0068,-0.0800,-2.4527,-9.2808,turn_left,0,1,9.6363
200289,Base,111,0.1648,-0.0068,-0.0800,-2.4893,-9.4404,turn_left,0,1,9.7999
200289,Base,112,0.1648,-0.0068,-0.0800,-2.5209,-9.6011,decelerating,0,0,9.9631
200289,Base,113,0.1648,-0.0068,-0.0800,-2.5526,-9.7617,decelerating,0,0,10.1263
200289,Base,114,0.1648,-0.0068,-0.0800,-2.5894,-9.9272,decelerating,0,0,10.2956
200289,Base,115,0.1648,-0.0068,-0.0800,-2.6312,-10.0977,decelerating,0,0,10.4710
200289,Base,116,0.1648,-0.0068,-0.0800,-2.6779,-10.2731,decelerating,0,0,10.6526
200289,Base,117,0.1648,-0.0068,-0.0800,-2.7296,-10.4534,decelerating,0,0,10.8401
200289,Base,118,0.1648,-0.0068,-0.0800,-2.7862,-10.6387,constant_velocity,0,0,11.0338
200289,Base,119,0.1648,-0.0068,-0.0800,-2.8478,-10.8290,constant_velocity,0,1,11.2336
200289,Base,120,0.1648,-0.0068,-0.0800,-2.9094,-11.0193,constant_velocity,0,0,11.4335
200289,Base,121,0.1648,-0.0068,-0.0800,-2.9711,-11.2095,constant_velocity,0,0,11.6333
200289,Base,122,0.1648,-0.0068,-0.0800,-3.0327,-11.3996,constant_velocity,0,0,11.8329
200289,Base,123,0.1648,-0.0068,-0.0800,-3.0943,-11.5897,constant_velocity,0,1,12.0326
200289,Base,124,0.1648,-0.0068,-0.0800,-3.1559,-11.7799,constant_velocity,0,0,12.2324
200289,Base,125,0.1648,-0.0068,-0.0800,-3.2175,-11.9702,constant_velocity,0,1,12.4323
200289,Base,126,0.1648,-0.0068,-0.0800,-3.2790,-12.1605,turn_left,0,1,12.6322
200289,Base,127,0.1648,-0.0068,-0.0800,-3.3347,-12.3527,turn_right,0,0,12.8323
200289,Base,128,0.1648,-0.0068,-0.0800,-3.3963,-12.5429,turn_right,0,0,13.0321
200289,Base,129,0.1648,-0.0068,-0.0800,-3.4635,-12.7313,turn_right,0,0,13.2317
200289,Base,130,0.1648,-0.0068,-0.0800,-3.5363,-12.9175,turn_right,0,0,13.4307
200289,Base,131,0.1648,-0.0068,-0.0800,-3.6145,-13.1013,turn_left,0,1,13.6290
200289,Base,132,0.1648,-0.0068,-0.0800,-3.6873,-13.2873,turn_left,0,1,13.8279
200289,Base,133,0.1648,-0.0068,-0.0800,-3.7545,-13.4754,turn_left,0,0,14.0273
200289,Base,134,0.1648,-0.0068,-0.0800,-3.8160,-13.6656,turn_left,0,0,14.2271
200289,Base,135,0.1648,-0.0068,-0.0800,-3.8718,-13.8576,turn_left,0,1,14.4270
200289,Base,136,0.1648,-0.0068,-0.0800,-3.9217,-14.0511,turn_left,0,1,14.6268
200289,Base,137,0.1648,-0.0068,-0.0800,-3.9657,-14.2460,turn_left,0,1,14.8262
200289,Base,138,0.1648,-0.0068,-0.0800,-4.0039,-14.4420,turn_left,0,1,15.0251
200289,Base,139,0.1648,-0.0068,-0.0800,-4.0358,-14.6391,turn_left,0,1,15.2233
200289,Base,140,0.1648,-0.0068,-0.0800,-4.0617,-14.8371,turn_left,0,1,15.4208
200289,Base,141,0.1648,-0.0068,-0.0800,-4.0816,-15.0359,turn_left,0,1,15.6174
200289,Base,142,0.1648,-0.0068,-0.0800,-4.0956,-15.2351,turn_right,0,0,15.8131
200289,Base,143,0.1648,-0.0068,-0.0800,-4.1155,-15.4340,turn_right,0,0,16.0099
200289,Base,144,0.1648,-0.0068,-0.0800,-4.1414,-15.6321,turn_right,0,0,16.2078
200289,Base,145,0.1648,-0.0068,-0.0800,-4.1734,-15.8293,turn_right,0,0,16.4064
200289,Base,146,0.1648,-0.0068,-0.0800,-4.2111,-16.0254,turn_right,0,0,16.6056
200289,Base,147,0.1648,-0.0068,-0.0800,-4.2546,-16.2205,turn_right,0,0,16.8052
200289,Base,148,0.1648,-0.0068,-0.0800,-4.3040,-16.4142,turn_right,0,0,17.0051
200289,Base,149,0.1648,-0.0068,-0.0800,-4.3592,-16.6064,turn_right,0,0,17.2050
200289,OT,0,0.0000,0.0000,0.0000,3.1874,0.3604,turn_right,0,0,3.2077
200289,OT,1,0.1646,-0.0065,-0.0768,3.1783,0.3529,turn_right,0,0,3.0351
200289,OT,2,0.1646,-0.0065,-0.0768,3.1690,0.3458,turn_right,0,0,3.0250
200289,OT,3,0.1646,-0.0065,-0.0768,3.1597,0.3390,turn_right,0,0,3.0149
200289,OT,4,0.1646,-0.0065,-0.0768,3.1502,0.3324,turn_right,0,0,3.0048
200289,OT,5,0.1646,-0.0065,-0.0768,3.1407,0.3263,turn_right,0,0,2.9946
200289,OT,6,0.1646,-0.0065,-0.0768,3.1310,0.3204,turn_right,0,0,2.9843
200289,OT,7,0.1646,-0.0065,-0.0768,3.1210,0.3150,turn_right,0,0,2.9738
200289,OT,8,0.1646,-0.0065,-0.0768,3.1110,0.3098,turn_right,0,0,2.9634
200289,OT,9,0.1646,-0.0065,-0.0768,3.1010,0.3050,turn_right,0,0,2.9529
200289,OT,10,0.1646,-0.0065,-0.0768,3.0909,0.3007,turn_left,0,0,2.9424
200289,OT,11,0.1646,-0.0065,-0.0768,3.0810,0.2960,turn_left,0,1,2.9320
200289,OT,12,0.1646,-0.0065,-0.0768,3.0712,0.2910,decelerating,0,0,2.9218
200289,OT,13,0.1646,-0.0065,-0.0768,3.0615,0.2860,turn_right,0,0,2.9117
200289,OT,14,0.1646,-0.0065,-0.0768,3.0466,0.2763,turn_right,0,0,2.8958
200289,OT,15,0.1646,-0.0065,-0.0768,3.0313,0.2671,turn_right,0,1,2.8797
200289,OT,16,0.1646,-0.0065,-0.0768,3.0157,0.2583,turn_right,0,0,2.8634
200289,OT,17,0.1646,-0.0065,-0.0768,2.9999,0.2500,decelerating,0,0,2.8468
200289,OT,18,0.1646,-0.0065,-0.0768,2.9841,0.2416,decelerating,0,0,2.8303
200289,OT,19,0.1646,-0.0065,-0.0768,2.9634,0.2283,turn_left,0,1,2.8086
200289,OT,20,0.1646,-0.0065,-0.0768,2.9383,0.2092,turn_left,0,1,2.7821
200289,OT,21,0.1646,-0.0065,-0.0768,2.9139,0.1894,turn_left,0,1,2.7562
200289,OT,22,0.1646,-0.0065,-0.0768,2.8901,0.1689,decelerating,0,1,2.7311
200289,OT,23,0.1646,-0.0065,-0.0768,2.8663,0.1483,decelerating,0,0,2.7061
200289,OT,24,0.1646,-0.0065,-0.0768,2.8374,0.1227,decelerating,0,1,2.6759
200289,OT,25,0.1646,-0.0065,-0.0768,2.8035,0.0921,decelerating,0,0,2.6407
200289,OT,26,0.1646,-0.0065,-0.0768,2.7647,0.0565,decelerating,0,1,2.6008
200289,OT,27,0.1646,-0.0065,-0.0768,2.7210,0.0158,turn_left,0,0,2.5564
200289,OT,28,0.1646,-0.0065,-0.0768,2.6736,-0.0314,turn_left,0,1,2.5091
200289,OT,29,0.1646,-0.0065,-0.0768,2.6276,-0.0801,turn_left,0,1,2.4641
200289,OT,30,0.1646,-0.0065,-0.0768,2.5831,-0.1300,turn_left,0,0,2.4217
200289,OT,31,0.1646,-0.0065,-0.0768,2.5401,-0.1814,turn_left,0,0,2.3819
200289,OT,32,0.1646,-0.0065,-0.0768,2.4986,-0.2341,decelerating,0,0,2.3451
200289,OT,33,0.1646,-0.0065,-0.0768,2.4571,-0.2870,decelerating,0,0,2.3096
200289,OT,34,0.1646,-0.0065,-0.0768,2.4106,-0.3450,decelerating,0,0,2.2713
200289,OT,35,0.1646,-0.0065,-0.0768,2.3591,-0.4081,turn_left,0,0,2.2310
200289,OT,36,0.1646,-0.0065,-0.0768,2.3048,-0.4778,turn_left,0,0,2.1915
200289,OT,37,0.1646,-0.0065,-0.0768,2.2527,-0.5491,constant_velocity,0,0,2.1574
200289,OT,38,0.1646,-0.0065,-0.0768,2.2005,-0.6204,constant_velocity,0,0,2.1264
200289,OT,39,0.1646,-0.0065,-0.0768,2.1484,-0.6915,decelerating,0,1,2.0987
200289,OT,40,0.1646,-0.0065,-0.0768,2.0965,-0.7626,decelerating,0,1,2.0746
200289,OT,41,0.1646,-0.0065,-0.0768,2.0395,-0.8388,constant_velocity,0,1,2.0513
200289,OT,42,0.1646,-0.0065,-0.0768,1.9772,-0.9200,decelerating,0,0,2.0298
200289,OT,43,0.1646,-0.0065,-0.0768,1.9150,-1.0011,decelerating,0,0,2.0133
200289,OT,44,0.1646,-0.0065,-0.0768,1.8479,-1.0872,turn_left,0,0,2.0003
200289,OT,45,0.1646,-0.0065,-0.0768,1.7786,-1.1803,turn_left,0,0,1.9957
200289,OT,46,0.1646,-0.0065,-0.0768,1.7121,-1.2753,turn_left,0,1,2.0012
200289,OT,47,0.1646,-0.0065,-0.0768,1.6485,-1.3722,turn_left,0,0,2.0167
200289,OT,48,0.1646,-0.0065,-0.0768,1.5877,-1.4710,turn_left,0,0,2.0421
200289,OT,49,0.1646,-0.0065,-0.0768,1.5298,-1.5717,turn_left,0,0,2.0769
200289,OT,50,0.3590,-0.0135,0.0027,1.4749,-1.6742,turn_left,0,0,2.0007
200289,OT,51,0.5833,-0.0221,-0.0773,1.4230,-1.7782,turn_left,0,0,1.9466
200289,OT,52,0.8377,-0.0314,0.0027,1.3743,-1.8839,turn_left,0,0,1.9287
200289,OT,53,1.1219,-0.0422,-0.0773,1.3286,-1.9910,turn_right,0,1,1.9597
200289,OT,54,1.4362,-0.0537,0.0027,1.2798,-2.0967,turn_right,0,0,2.0490
200289,OT,55,1.7804,-0.0667,-0.0773,1.2277,-2.2010,turn_right,0,0,2.2046
200289,OT,56,2.1547,-0.0805,0.0027,1.1724,-2.3036,turn_right,0,1,2.4304
200289,OT,57,2.5588,-0.0957,-0.0773,1.1140,-2.4045,turn_right,0,1,2.7236
200289,OT,58,2.9930,-0.1117,0.0027,1.0526,-2.5036,turn_right,0,1,3.0799
200289,OT,59,3.4571,-0.1292,-0.0773,0.9884,-2.6008,decelerating,0,0,3.4932
200289,OT,60,3.9512,-0.1475,0.0027,0.9242,-2.6979,decelerating,0,0,3.9582
200289,OT,61,4.4752,-0.1672,-0.0773,0.8552,-2.8001,decelerating,0,0,4.4763
200289,OT,62,5.0293,-0.1877,0.0027,0.7811,-2.9073,constant_velocity,0,1,5.0442
200289,OT,63,5.6133,-0.2096,-0.0771,0.7020,-3.0196,constant_velocity,0,0,5.6583
200289,OT,64,6.2272,-0.2322,0.0029,0.6230,-3.1318,turn_left,0,0,6.3100
200289,OT,65,6.8712,-0.2563,-0.0771,0.5474,-3.2464,turn_left,0,0,6.9950
200289,OT,66,7.5451,-0.2811,0.0029,0.4754,-3.3633,turn_left,0,0,7.7123
200289,OT,67,8.2489,-0.3074,-0.0771,0.4069,-3.4825,constant_velocity,0,1,8.4604
200289,OT,68,8.9827,-0.3345,0.0029,0.3383,-3.6016,constant_velocity,0,0,9.2413
200289,OT,69,9.7465,-0.3630,-0.0771,0.2696,-3.7207,constant_velocity,0,0,10.0542
200289,OT,70,10.5403,-0.3923,0.0029,0.2010,-3.8400,constant_velocity,0,0,10.8990
200289,OT,71,11.3642,-0.4193,-0.0681,0.1325,-3.9592,constant_velocity,0,0,11.7763
200289,OT,72,12.2181,-0.4431,0.0119,0.0640,-4.0783,constant_velocity,0,0,12.6861
200289,OT,73,13.1022,-0.4639,-0.0584,-0.0044,-4.1974,constant_velocity,0,1,13.6280
200289,OT,74,13.9763,-0.4803,0.0216,-0.0729,-4.3166,constant_velocity,0,1,14.5635
200289,OT,75,14.8000,-0.4462,0.0616,-0.1412,-4.4357,constant_velocity,0,0,15.4647
200289,OT,76,15.5730,-0.3983,0.0620,-0.2097,-4.5548,constant_velocity,0,0,16.3208
200289,OT,77,16.2953,-0.3433,0.0903,-0.2782,-4.6739,constant_velocity,0,0,17.1300
200289,OT,78,16.9640,-0.2560,0.1703,-0.3468,-4.7930,constant_velocity,0,0,17.8954
200289,OT,79,17.5779,-0.1417,0.1985,-0.4153,-4.9120,constant_velocity,0,0,18.6148
200289,OT,80,18.1450,-0.0507,0.1185,-0.4838,-5.0310,constant_velocity,0,0,19.2830
200289,OT,81,18.6677,-0.0093,0.0385,-0.5522,-5.1500,constant_velocity,0,0,19.8955
200289,OT,82,19.1421,-0.0097,-0.0415,-0.6206,-5.2690,turn_left,0,0,20.4506
200289,OT,83,19.5651,-0.0439,-0.1215,-0.6856,-5.3901,turn_left,0,0,20.9445
200289,OT,84,19.9382,-0.0747,-0.0416,-0.7469,-5.5129,turn_left,0,0,21.3881
200289,OT,85,20.2626,-0.0756,0.0384,-0.8046,-5.6376,decelerating,0,1,21.7891
200289,OT,86,20.5363,-0.0544,0.1184,-0.8622,-5.7623,decelerating,0,0,22.1467
200289,OT,87,20.7580,-0.0193,0.1984,-0.9248,-5.8920,decelerating,0,1,22.4640
200289,OT,88,20.9276,0.0216,0.2784,-0.9925,-6.0266,constant_velocity,0,1,22.7392
200289,OT,89,21.0459,0.0602,0.3584,-1.0652,-6.1660,constant_velocity,0,0,22.9710
200289,OT,90,21.1150,0.0881,0.4140,-1.1379,-6.3053,constant_velocity,0,0,23.1532
200289,OT,91,21.1378,0.0974,0.3340,-1.2107,-6.4446,decelerating,0,1,23.2863
200289,OT,92,21.1133,0.0903,0.2540,-1.2836,-6.5838,constant_velocity,0,0,23.3702
200289,OT,93,21.0395,0.0746,0.1740,-1.3615,-6.7279,constant_velocity,0,1,23.4111
200289,OT,94,20.9152,0.0582,0.0940,-1.4395,-6.8720,turn_left,0,0,23.4042
200289,OT,95,20.7462,0.0448,0.0654,-1.5131,-7.0184,turn_left,0,0,23.3530
200289,OT,96,20.5731,0.0334,0.0662,-1.5823,-7.1669,turn_left,0,0,23.2960
200289,OT,97,20.4301,0.0209,0.1092,-1.6470,-7.3174,turn_right,0,1,23.2647
200289,OT,98,20.3178,0.0042,0.1892,-1.7161,-7.4658,turn_right,0,1,23.2658
200289,OT,99,20.2360,-0.0147,0.2692,-1.7896,-7.6120,turn_left,0,0,23.2991
200289,OT,100,20.1798,-0.0325,0.3492,-1.8586,-7.7604,turn_left,0,0,23.3541
200289,OT,101,20.1414,-0.0481,0.4292,-1.9232,-7.9106,turn_right,0,1,23.4237
200289,OT,102,20.1156,-0.0611,0.5092,-1.9923,-8.0588,turn_right,0,1,23.5100
200289,OT,103,20.0993,-0.0711,0.5892,-2.0656,-8.2048,turn_left,0,0,23.6102
200289,OT,104,20.0898,-0.0779,0.6692,-2.1345,-8.3530,turn_left,0,0,23.7149
200289,OT,105,20.0852,-0.0818,0.7492,-2.1989,-8.5033,turn_left,0,0,23.8223
200289,OT,106,20.0840,-0.0830,0.8292,-2.2588,-8.6555,turn_left,0,0,23.9309
200289,OT,107,20.0849,-0.0819,0.9092,-2.3143,-8.8096,turn_left,0,0,24.0395
200289,OT,108,20.0871,-0.0788,0.9892,-2.3653,-8.9652,turn_left,0,0,24.1469
200289,OT,109,20.0899,-0.0741,1.0692,-2.4114,-9.1223,turn_left,0,0,24.2524
200289,OT,110,20.0929,-0.0680,1.1492,-2.4527,-9.2808,turn_left,0,0,24.3553
200289,OT,111,20.0957,-0.0609,1.2292,-2.4893,-9.4404,turn_left,0,0,24.4552
200289,OT,112,20.0982,-0.0531,1.3092,-2.5209,-9.6011,decelerating,0,0,24.5518
200289,OT,113,20.1001,-0.0446,1.3892,-2.5526,-9.7617,decelerating,0,0,24.6489
200289,OT,114,20.1013,-0.0358,1.4692,-2.5894,-9.9272,decelerating,0,1,24.7529
200289,OT,115,20.1019,-0.0268,1.5492,-2.6312,-10.0977,decelerating,0,0,24.8639
200289,OT,116,20.1017,-0.0178,1.6292,-2.6779,-10.2731,decelerating,0,1,24.9817
200289,OT,117,20.1008,-0.0088,1.7092,-2.7296,-10.4534,decelerating,0,0,25.1061
200289,OT,118,20.0993,-0.0000,1.7892,-2.7862,-10.6387,constant_velocity,0,0,25.2374
200289,OT,119,20.0970,0.0085,1.8692,-2.8478,-10.8290,constant_velocity,0,0,25.3755
200289,OT,120,20.0941,0.0167,1.9492,-2.9094,-11.0193,constant_velocity,0,0,25.5139
200289,OT,121,20.0906,0.0246,2.0292,-2.9711,-11.2095,constant_velocity,0,1,25.6524
200289,OT,122,20.0866,0.0320,2.1092,-3.0327,-11.3996,constant_velocity,0,1,25.7911
200289,OT,123,20.0821,0.0389,2.1892,-3.0943,-11.5897,constant_velocity,0,0,25.9301
200289,OT,124,20.0771,0.0453,2.2692,-3.1559,-11.7799,constant_velocity,0,0,26.0693
200289,OT,125,20.0717,0.0513,2.3492,-3.2175,-11.9702,constant_velocity,0,1,26.2088
200289,OT,126,20.0660,0.0566,2.4292,-3.2790,-12.1605,turn_left,0,0,26.3485
200289,OT,127,20.0600,0.0614,2.5092,-3.3347,-12.3527,turn_right,0,1,26.4844
200289,OT,128,20.0537,0.0657,2.5892,-3.3963,-12.5429,turn_right,0,0,26.6247
200289,OT,129,20.0472,0.0693,2.6692,-3.4635,-12.7313,turn_right,0,1,26.7695
200289,OT,130,20.0405,0.0724,2.7492,-3.5363,-12.9175,turn_right,0,1,26.9184
200289,OT,131,20.0337,0.0749,2.8292,-3.6145,-13.1013,turn_left,0,0,27.0712
200289,OT,132,20.0268,0.0768,2.9092,-3.6873,-13.2873,turn_left,0,0,27.2206
200289,OT,133,20.0199,0.0782,2.9892,-3.7545,-13.4754,turn_left,0,0,27.3665
200289,OT,134,20.0130,0.0789,3.0692,-3.8160,-13.6656,turn_left,0,0,27.5088
200289,OT,135,20.0061,0.0792,3.1492,-3.8718,-13.8576,turn_left,0,0,27.6475
200289,OT,136,19.9994,0.0788,3.2292,-3.9217,-14.0511,turn_left,0,0,27.7826
200289,OT,137,19.9927,0.0780,3.3092,-3.9657,-14.2460,turn_left,0,0,27.9139
200289,OT,138,19.9862,0.0766,3.3892,-4.0039,-14.4420,turn_left,0,0,28.0413
200289,OT,139,19.9799,0.0748,3.4692,-4.0358,-14.6391,turn_left,0,0,28.1647
200289,OT,140,19.9738,0.0724,3.5492,-4.0617,-14.8371,turn_left,0,0,28.2843
200289,OT,141,19.9680,0.0696,3.6292,-4.0816,-15.0359,turn_left,0,0,28.4000
200289,OT,142,19.9624,0.0664,3.7092,-4.0956,-15.2351,turn_right,0,0,28.5118
200289,OT,143,19.9572,0.0627,3.7892,-4.1155,-15.4340,turn_right,0,0,28.6294
200289,OT,144,19.9523,0.0587,3.8692,-4.1414,-15.6321,turn_right,0,1,28.7526
200289,OT,145,19.9478,0.0544,3.9492,-4.1734,-15.8293,turn_right,0,1,28.8812
200289,OT,146,19.9437,0.0497,4.0292,-4.2111,-16.0254,turn_right,0,0,29.0149
200289,OT,147,19.9400,0.0447,4.1092,-4.2546,-16.2205,turn_right,0,1,29.1536
200289,OT,148,19.9367,0.0395,4.1892,-4.3040,-16.4142,turn_right,0,1,29.2973
200289,OT,149,19.9338,0.0341,4.2692,-4.3592,-16.6064,turn_right,0,1,29.4457
200289,OT_SH,0,0.0000,0.0000,0.0000,3.1874,0.3604,turn_right,0,0,3.2077
200289,OT_SH,1,0.0000,0.0000,0.0000,3.1783,0.3529,turn_right,0,0,3.1979
200289,OT_SH,2,0.0000,0.0000,0.0000,3.1690,0.3458,turn_right,0,0,3.1878
200289,OT_SH,3,0.1648,-0.0068,-0.0800,3.1597,0.3390,turn_right,0,0,3.0147
200289,OT_SH,4,0.1648,-0.0068,-0.0800,3.1502,0.3324,turn_right,0,0,3.0046
200289,OT_SH,5,0.3538,-0.0297,-0.1600,3.1407,0.3263,turn_right,0,0,2.8095
200289,OT_SH,6,0.5653,-0.0728,-0.2400,3.1310,0.3204,turn_right,0,0,2.5956
200289,OT_SH,7,0.8045,-0.1297,-0.2276,3.1210,0.3150,turn_right,0,0,2.3589
200289,OT_SH,8,1.0704,-0.2029,-0.3076,3.1110,0.3098,turn_right,0,0,2.1041
200289,OT_SH,9,1.0704,-0.2029,-0.3076,3.1010,0.3050,turn_right,0,0,2.0932
200289,OT_SH,10,1.3638,-0.2891,-0.2645,3.0909,0.3007,turn_left,0,0,1.8250
200289,OT_SH,11,1.6841,-0.3899,-0.3445,3.0810,0.2960,turn_left,0,0,1.5562
200289,OT_SH,12,2.0317,-0.5039,-0.2902,3.0712,0.2910,decelerating,0,0,1.3086
200289,OT_SH,13,2.4060,-0.6324,-0.3702,3.0615,0.2860,turn_right,0,0,1.1284
200289,OT_SH,14,2.8088,-0.7703,-0.2902,3.0466,0.2763,turn_right,0,0,1.0733
200289,OT_SH,15,3.2503,-0.8829,-0.2102,3.0313,0.2671,turn_right,0,0,1.1707
200289,OT_SH,16,3.7291,-0.9650,-0.1302,3.0157,0.2583,turn_right,0,0,1.4161
200289,OT_SH,17,4.2427,-1.0112,-0.0502,2.9999,0.2500,decelerating,0,0,1.7707
200289,OT_SH,18,4.7884,-1.0166,0.0298,2.9841,0.2416,decelerating,0,1,2.1997
200289,OT_SH,19,5.3640,-1.0227,-0.0502,2.9634,0.2283,turn_left,0,0,2.7071
200289,OT_SH,20,5.9697,-1.0287,0.0298,2.9383,0.2092,turn_left,0,0,3.2744
200289,OT_SH,21,6.6053,-1.0354,-0.0502,2.9139,0.1894,turn_left,0,0,3.8893
200289,OT_SH,22,7.2709,-1.0420,0.0298,2.8901,0.1689,decelerating,0,1,4.5451
200289,OT_SH,23,7.9665,-1.0493,-0.0502,2.8663,0.1483,decelerating,0,1,5.2390
200289,OT_SH,24,8.6921,-1.0565,0.0298,2.8374,0.1227,decelerating,0,1,5.9723
200289,OT_SH,25,9.4477,-1.0644,-0.0502,2.8035,0.0921,decelerating,0,0,6.7441
200289,OT_SH,26,10.2332,-1.0722,0.0298,2.7647,0.0565,decelerating,0,0,7.5534
200289,OT_SH,27,11.0484,-1.0408,0.0472,2.7210,0.0158,turn_left,0,0,8.3942
200289,OT_SH,28,11.8908,-0.9670,0.1272,2.6736,-0.0314,turn_left,0,0,9.2646
200289,OT_SH,29,12.7631,-0.8910,0.0472,2.6276,-0.0801,turn_left,0,0,10.1678
200289,OT_SH,30,13.6398,-0.8374,0.0751,2.5831,-0.1300,turn_left,0,0,11.0793
200289,OT_SH,31,14.4750,-0.7411,0.1551,2.5401,-0.1814,turn_left,0,0,11.9480
200289,OT_SH,32,15.2604,-0.6499,0.0751,2.4986,-0.2341,decelerating,0,1,12.7686
200289,OT_SH,33,15.9976,-0.5761,0.1250,2.4571,-0.2870,decelerating,0,1,13.5436
200289,OT_SH,34,16.6845,-0.5017,0.0905,2.4106,-0.3450,decelerating,0,1,14.2748
200289,OT_SH,35,17.3198,-0.4187,0.1705,2.3591,-0.4081,turn_left,0,0,14.9607
200289,OT_SH,36,17.8977,-0.2956,0.2505,2.3048,-0.4778,turn_left,0,0,15.5939
200289,OT_SH,37,18.4159,-0.1410,0.3304,2.2527,-0.5491,constant_velocity,0,1,16.1684
200289,OT_SH,38,18.8861,-0.0002,0.2504,2.2005,-0.6204,constant_velocity,0,0,16.6971
200289,OT_SH,39,19.3171,0.0923,0.1704,2.1484,-0.6915,decelerating,0,0,17.1866
200289,OT_SH,40,19.7046,0.1434,0.0904,2.0965,-0.7626,decelerating,0,0,17.6313
200289,OT_SH,41,20.0450,0.1609,0.0104,2.0395,-0.8388,constant_velocity,0,0,18.0332
200289,OT_SH,42,20.3358,0.1527,-0.0696,1.9772,-0.9200,decelerating,0,0,18.3898
200289,OT_SH,43,20.5752,0.1267,-0.1496,1.9150,-1.0011,decelerating,0,0,18.6942
200289,OT_SH,44,20.7628,0.0910,-0.2296,1.8479,-1.0872,turn_left,0,0,18.9516
200289,OT_SH,45,20.8987,0.0538,-0.3096,1.7786,-1.1803,turn_left,0,0,19.1599
200289,OT_SH,46,20.9843,0.0230,-0.3896,1.7121,-1.2753,turn_left,0,0,19.3158
200289,OT_SH,47,21.0227,0.0086,-0.3096,1.6485,-1.3722,turn_left,0,0,19.4233
200289,OT_SH,48,21.0139,0.0107,-0.2296,1.5877,-1.4710,turn_left,0,0,19.4826
200289,OT_SH,49,20.9559,0.0215,-0.1496,1.5298,-1.5717,turn_left,0,0,19.4913
200289,OT_SH,50,20.8475,0.0331,-0.0696,1.4749,-1.6742,turn_left,0,0,19.4477
200289,OT_SH,51,20.6910,0.0374,0.0104,1.4230,-1.7782,turn_left,0,0,19.3533
200289,OT_SH,52,20.5269,0.0324,0.0512,1.3743,-1.8839,turn_left,0,0,19.2482
200289,OT_SH,53,20.3927,0.0300,-0.0167,1.3286,-1.9910,turn_right,0,1,19.1709
200289,OT_SH,54,20.2887,0.0357,-0.0967,1.2798,-2.0967,turn_right,0,1,19.1282
200289,OT_SH,55,20.2137,0.0458,-0.1767,1.2277,-2.2010,turn_right,0,1,19.1185
200289,OT_SH,56,20.1617,0.0571,-0.2567,1.1724,-2.3036,turn_right,0,1,19.1355
200289,OT_SH,57,20.1258,0.0680,-0.3367,1.1140,-2.4045,turn_right,0,1,19.1719
200289,OT_SH,58,20.1018,0.0775,-0.4167,1.0526,-2.5036,turn_right,0,1,19.2232
200289,OT_SH,59,20.0867,0.0848,-0.4967,0.9884,-2.6008,decelerating,0,0,19.2862
200289,OT_SH,60,20.0783,0.0898,-0.5767,0.9242,-2.6979,decelerating,0,1,19.3558
200289,OT_SH,61,20.0745,0.0924,-0.6567,0.8552,-2.8001,decelerating,0,0,19.4358
200289,OT_SH,62,20.0740,0.0928,-0.7367,0.7811,-2.9073,constant_velocity,0,1,19.5248
200289,OT_SH,63,20.0756,0.0912,-0.8167,0.7020,-3.0196,constant_velocity,0,0,19.6217
200289,OT_SH,64,20.0784,0.0879,-0.8967,0.6230,-3.1318,turn_left,0,0,19.7201
200289,OT_SH,65,20.0820,0.0831,-0.9767,0.5474,-3.2464,turn_left,0,0,19.8163
200289,OT_SH,66,20.0857,0.0770,-1.0567,0.4754,-3.3633,turn_left,0,0,19.9098
200289,OT_SH,67,20.0893,0.0700,-1.1367,0.4069,-3.4825,constant_velocity,0,1,20.0004
200289,OT_SH,68,20.0926,0.0622,-1.2167,0.3383,-3.6016,constant_velocity,0,0,20.0912
200289,OT_SH,69,20.0953,0.0538,-1.2967,0.2696,-3.7207,constant_velocity,0,1,20.1818
200289,OT_SH,70,20.0973,0.0451,-1.3767,0.2010,-3.8400,constant_velocity,0,0,20.2721
200289,OT_SH,71,20.0987,0.0361,-1.4567,0.1325,-3.9592,constant_velocity,0,1,20.3621
200289,OT_SH,72,20.0994,0.0271,-1.5367,0.0640,-4.0783,constant_velocity,0,0,20.4517
200289,OT_SH,73,20.0994,0.0180,-1.6167,-0.0044,-4.1974,constant_velocity,0,1,20.5410
200289,OT_SH,74,20.0986,0.0091,-1.6967,-0.0729,-4.3166,constant_velocity,0,0,20.6301
200289,OT_SH,75,20.0971,0.0004,-1.7767,-0.1412,-4.4357,constant_velocity,0,1,20.7188
200289,OT_SH,76,20.0950,-0.0080,-1.8567,-0.2097,-4.5548,constant_velocity,0,0,20.8076
200289,OT_SH,77,20.0923,-0.0161,-1.9367,-0.2782,-4.6739,constant_velocity,0,0,20.8962
200289,OT_SH,78,20.0890,-0.0239,-2.0167,-0.3468,-4.7930,constant_velocity,0,0,20.9848
200289,OT_SH,79,20.0851,-0.0312,-2.0967,-0.4153,-4.9120,constant_velocity,0,0,21.0734
200289,OT_SH,80,20.0807,-0.0380,-2.1767,-0.4838,-5.0310,constant_velocity,0,1,21.1620
200289,OT_SH,81,20.0759,-0.0444,-2.2567,-0.5522,-5.1500,constant_velocity,0,0,21.2506
200289,OT_SH,82,20.0707,-0.0503,-2.3367,-0.6206,-5.2690,turn_left,0,0,21.3394
200289,OT_SH,83,20.0652,-0.0556,-2.4167,-0.6856,-5.3901,turn_left,0,0,21.4255
200289,OT_SH,84,20.0593,-0.0604,-2.4967,-0.7469,-5.5129,turn_left,0,0,21.5089
200289,OT_SH,85,20.0532,-0.0646,-2.5767,-0.8046,-5.6376,decelerating,0,0,21.5895
200289,OT_SH,86,20.0469,-0.0683,-2.6567,-0.8622,-5.7623,decelerating,0,1,21.6705
200289,OT_SH,87,20.0403,-0.0714,-2.7367,-0.9248,-5.8920,decelerating,0,0,21.7582
200289,OT_SH,88,20.0337,-0.0739,-2.8167,-0.9925,-6.0266,constant_velocity,0,0,21.8526
200289,OT_SH,89,20.0269,-0.0759,-2.8967,-1.0652,-6.1660,constant_velocity,0,0,21.9537
200289,OT_SH,90,20.0201,-0.0773,-2.9767,-1.1379,-6.3053,constant_velocity,0,1,22.0556
200289,OT_SH,91,20.0133,-0.0782,-3.0567,-1.2107,-6.4446,decelerating,0,1,22.1583
200289,OT_SH,92,20.0066,-0.0785,-3.1367,-1.2836,-6.5838,constant_velocity,0,0,22.2619
200289,OT_SH,93,19.9999,-0.0783,-3.2167,-1.3615,-6.7279,constant_velocity,0,0,22.3725
200289,OT_SH,94,19.9933,-0.0775,-3.2967,-1.4395,-6.8720,turn_left,0,0,22.4840
200289,OT_SH,95,19.9868,-0.0762,-3.3767,-1.5131,-7.0184,turn_left,0,0,22.5929
200289,OT_SH,96,19.9806,-0.0745,-3.4567,-1.5823,-7.1669,turn_left,0,0,22.6993
200289,OT_SH,97,19.9745,-0.0722,-3.5367,-1.6470,-7.3174,turn_right,0,1,22.8031
200289,OT_SH,98,19.9687,-0.0695,-3.6167,-1.7161,-7.4658,turn_right,0,1,22.9115
200289,OT_SH,99,19.9632,-0.0664,-3.6967,-1.7896,-7.6120,turn_left,0,0,23.0243
200289,OT_SH,100,19.9579,-0.0628,-3.7767,-1.8586,-7.7604,turn_left,0,0,23.1347
200289,OT_SH,101,19.9530,-0.0589,-3.8567,-1.9232,-7.9106,turn_right,0,1,23.2427
200289,OT_SH,102,19.9485,-0.0546,-3.9367,-1.9923,-8.0588,turn_right,0,1,23.3552
200289,OT_SH,103,19.9443,-0.0500,-4.0167,-2.0656,-8.2048,turn_left,0,0,23.4721
200289,OT_SH,104,19.9406,-0.0451,-4.0967,-2.1345,-8.3530,turn_left,0,0,23.5866
200289,OT_SH,105,19.9372,-0.0400,-4.1767,-2.1989,-8.5033,turn_left,0,0,23.6988
200289,OT_SH,106,19.9343,-0.0346,-4.2567,-2.2588,-8.6555,turn_left,0,0,23.8087
200289,OT_SH,107,19.9319,-0.0291,-4.3367,-2.3143,-8.8096,turn_left,0,0,23.9164
200289,OT_SH,108,19.9299,-0.0233,-4.4167,-2.3653,-8.9652,turn_left,0,0,24.0215
200289,OT_SH,109,19.9284,-0.0175,-4.4967,-2.4114,-9.1223,turn_left,0,0,24.1239
200289,OT_SH,110,19.9273,-0.0116,-4.5767,-2.4527,-9.2808,turn_left,0,0,24.2237
200289,OT_SH,111,19.9267,-0.0056,-4.6567,-2.4893,-9.4404,turn_left,0,0,24.3206
200289,OT_SH,112,19.9266,0.0004,-4.7367,-2.5209,-9.6011,decelerating,0,1,24.4148
200289,OT_SH,113,19.9270,0.0063,-4.8167,-2.5526,-9.7617,decelerating,0,1,24.5102
200289,OT_SH,114,19.9279,0.0122,-4.8967,-2.5894,-9.9272,decelerating,0,1,24.6134
200289,OT_SH,115,19.9292,0.0180,-4.9767,-2.6312,-10.0977,decelerating,0,1,24.7244
200289,OT_SH,116,19.9310,0.0237,-5.0567,-2.6779,-10.2731,decelerating,0,1,24.8432
200289,OT_SH,117,19.9332,0.0291,-5.1367,-2.7296,-10.4534,decelerating,0,1,24.9696
200289,OT_SH,118,19.9358,0.0344,-5.2167,-2.7862,-10.6387,constant_velocity,0,1,25.1039
200289,OT_SH,119,19.9389,0.0394,-5.2967,-2.8478,-10.8290,constant_velocity,0,0,25.2459
200289,OT_SH,120,19.9423,0.0442,-5.3767,-2.9094,-11.0193,constant_velocity,0,0,25.3890
200289,OT_SH,121,19.9461,0.0487,-5.4567,-2.9711,-11.2095,constant_velocity,0,0,25.5331
200289,OT_SH,122,19.9502,0.0528,-5.5367,-3.0327,-11.3996,constant_velocity,0,0,25.6782
200289,OT_SH,123,19.9547,0.0566,-5.6167,-3.0943,-11.5897,constant_velocity,0,1,25.8242
200289,OT_SH,124,19.9594,0.0600,-5.6967,-3.1559,-11.7799,constant_velocity,0,1,25.9712
200289,OT_SH,125,19.9644,0.0631,-5.7767,-3.2175,-11.9702,constant_velocity,0,0,26.1189
200289,OT_SH,126,19.9696,0.0657,-5.8567,-3.2790,-12.1605,turn_left,0,0,26.2674
200289,OT_SH,127,19.9750,0.0679,-5.9367,-3.3347,-12.3527,turn_right,0,1,26.4124
200289,OT_SH,128,19.9806,0.0696,-6.0167,-3.3963,-12.5429,turn_right,0,0,26.5623
200289,OT_SH,129,19.9862,0.0709,-6.0967,-3.4635,-12.7313,turn_right,0,1,26.7168
200289,OT_SH,130,19.9920,0.0718,-6.1767,-3.5363,-12.9175,turn_right,0,1,26.8756
200289,OT_SH,131,19.9978,0.0722,-6.2567,-3.6145,-13.1013,turn_left,0,0,27.0385
200289,OT_SH,132,20.0035,0.0721,-6.3367,-3.6873,-13.2873,turn_left,0,0,27.1980
200289,OT_SH,133,20.0093,0.0716,-6.4167,-3.7545,-13.4754,turn_left,0,0,27.3540
200289,OT_SH,134,20.0150,0.0706,-6.4967,-3.8160,-13.6656,turn_left,0,0,27.5064
200289,OT_SH,135,20.0206,0.0691,-6.5767,-3.8718,-13.8576,turn_left,0,0,27.6550
200289,OT_SH,136,20.0261,0.0672,-6.6567,-3.9217,-14.0511,turn_left,0,0,27.7997
200289,OT_SH,137,20.0314,0.0649,-6.7367,-3.9657,-14.2460,turn_left,0,0,27.9404
200289,OT_SH,138,20.0365,0.0622,-6.8167,-4.0039,-14.4420,turn_left,0,0,28.0769
200289,OT_SH,139,20.0413,0.0590,-6.8967,-4.0358,-14.6391,turn_left,0,0,28.2089
200289,OT_SH,140,20.0459,0.0555,-6.9767,-4.0617,-14.8371,turn_left,0,0,28.3367
200289,OT_SH,141,20.0502,0.0516,-7.0567,-4.0816,-15.0359,turn_left,0,0,28.4601
200289,OT_SH,142,20.0542,0.0474,-7.1367,-4.0956,-15.2351,turn_right,0,1,28.5791
200289,OT_SH,143,20.0578,0.0429,-7.2167,-4.1155,-15.4340,turn_right,0,0,28.7033
200289,OT_SH,144,20.0610,0.0382,-7.2967,-4.1414,-15.6321,turn_right,0,0,28.8326
200289,OT_SH,145,20.0639,0.0332,-7.3767,-4.1734,-15.8293,turn_right,0,1,28.9666
200289,OT_SH,146,20.0663,0.0279,-7.4567,-4.2111,-16.0254,turn_right,0,0,29.1051
200289,OT_SH,147,20.0683,0.0225,-7.5367,-4.2546,-16.2205,turn_right,0,1,29.2479
200289,OT_SH,148,20.0699,0.0170,-7.6167,-4.3040,-16.4142,turn_right,0,1,29.3951
200289,OT_SH,149,20.0710,0.0114,-7.6967,-4.3592,-16.6064,turn_right,0,0,29.5463
